-- MySQL dump 10.16  Distrib 10.1.37-MariaDB, for debian-linux-gnu (x86_64)
--
-- Host: localhost    Database: interpro
-- ------------------------------------------------------
-- Server version	10.1.37-MariaDB-0+deb9u1

/*!40101 SET @OLD_CHARACTER_SET_CLIENT=@@CHARACTER_SET_CLIENT */;
/*!40101 SET @OLD_CHARACTER_SET_RESULTS=@@CHARACTER_SET_RESULTS */;
/*!40101 SET @OLD_COLLATION_CONNECTION=@@COLLATION_CONNECTION */;
/*!40101 SET NAMES utf8mb4 */;
/*!40103 SET @OLD_TIME_ZONE=@@TIME_ZONE */;
/*!40103 SET TIME_ZONE='+00:00' */;
/*!40014 SET @OLD_UNIQUE_CHECKS=@@UNIQUE_CHECKS, UNIQUE_CHECKS=0 */;
/*!40014 SET @OLD_FOREIGN_KEY_CHECKS=@@FOREIGN_KEY_CHECKS, FOREIGN_KEY_CHECKS=0 */;
/*!40101 SET @OLD_SQL_MODE=@@SQL_MODE, SQL_MODE='NO_AUTO_VALUE_ON_ZERO' */;
/*!40111 SET @OLD_SQL_NOTES=@@SQL_NOTES, SQL_NOTES=0 */;

--
-- Table structure for table `Area`
--

DROP TABLE IF EXISTS `Area`;
/*!40101 SET @saved_cs_client     = @@character_set_client */;
/*!40101 SET character_set_client = utf8 */;
CREATE TABLE `Area` (
  `idArea` int(11) NOT NULL AUTO_INCREMENT,
  `nombre` varchar(100) DEFAULT NULL,
  PRIMARY KEY (`idArea`)
) ENGINE=InnoDB AUTO_INCREMENT=10 DEFAULT CHARSET=utf8;
/*!40101 SET character_set_client = @saved_cs_client */;

--
-- Dumping data for table `Area`
--

LOCK TABLES `Area` WRITE;
/*!40000 ALTER TABLE `Area` DISABLE KEYS */;
INSERT INTO `Area` VALUES (1,'Ciencias naturales y educación ambiental'),(2,'Ciencias sociales, historia, geografía, constitución política y democrática'),(3,'Educación artística'),(4,'Educación ética y en valores humano'),(5,' Educación física, recreación y deportes'),(6,'Educación religiosa'),(7,'Humanidades, lengua castellana e idiomas extranjeros'),(8,'Matemáticas'),(9,'Tecnología e informática');
/*!40000 ALTER TABLE `Area` ENABLE KEYS */;
UNLOCK TABLES;

--
-- Table structure for table `AreaEncuesta`
--

DROP TABLE IF EXISTS `AreaEncuesta`;
/*!40101 SET @saved_cs_client     = @@character_set_client */;
/*!40101 SET character_set_client = utf8 */;
CREATE TABLE `AreaEncuesta` (
  `idArea` int(11) NOT NULL,
  `idEncuesta` int(11) NOT NULL,
  `posicion` tinyint(4) DEFAULT NULL COMMENT 'posicion de 1 a |lista|\n1 la que mas le gusta\n|lista| l que menos le gsta',
  `gusto` varchar(45) DEFAULT NULL,
  `idTipoEleccionMateria` int(11) NOT NULL,
  PRIMARY KEY (`idArea`,`idEncuesta`,`idTipoEleccionMateria`),
  KEY `fk_Area_has_Encuesta_Encuesta1_idx` (`idEncuesta`),
  KEY `fk_Area_has_Encuesta_Area1_idx` (`idArea`),
  KEY `fk_Area_has_Encuesta_TipoEleccionMateria1_idx` (`idTipoEleccionMateria`),
  CONSTRAINT `fk_Area_has_Encuesta_Area1` FOREIGN KEY (`idArea`) REFERENCES `Area` (`idArea`) ON DELETE NO ACTION ON UPDATE NO ACTION,
  CONSTRAINT `fk_Area_has_Encuesta_Encuesta1` FOREIGN KEY (`idEncuesta`) REFERENCES `Encuesta` (`idEncuesta`) ON DELETE NO ACTION ON UPDATE NO ACTION,
  CONSTRAINT `fk_Area_has_Encuesta_TipoEleccionMateria1` FOREIGN KEY (`idTipoEleccionMateria`) REFERENCES `TipoEleccionMateria` (`idTipoEleccionMateria`) ON DELETE NO ACTION ON UPDATE NO ACTION
) ENGINE=InnoDB DEFAULT CHARSET=utf8;
/*!40101 SET character_set_client = @saved_cs_client */;

--
-- Dumping data for table `AreaEncuesta`
--

LOCK TABLES `AreaEncuesta` WRITE;
/*!40000 ALTER TABLE `AreaEncuesta` DISABLE KEYS */;
INSERT INTO `AreaEncuesta` VALUES (1,16,0,NULL,2),(1,17,0,NULL,2),(1,18,0,NULL,2),(1,19,0,NULL,2),(1,20,0,NULL,2),(1,21,0,NULL,2),(1,22,0,NULL,2),(1,23,0,NULL,2),(1,24,0,NULL,2),(1,25,0,NULL,2),(1,26,0,NULL,2),(1,27,0,NULL,2),(1,28,0,NULL,2),(1,29,0,NULL,2),(1,30,0,NULL,2),(1,31,0,NULL,2),(1,32,0,NULL,2),(1,34,0,NULL,2),(1,35,0,NULL,2),(1,36,0,NULL,2),(1,37,0,NULL,2),(1,38,0,NULL,2),(1,39,0,NULL,2),(1,40,0,NULL,2),(1,41,0,NULL,2),(1,42,0,NULL,2),(1,43,0,NULL,2),(1,45,0,NULL,2),(1,46,0,NULL,2),(1,47,0,NULL,2),(1,48,0,NULL,2),(1,49,0,NULL,2),(1,50,0,NULL,2),(1,51,0,NULL,2),(1,52,0,NULL,2),(1,53,0,NULL,2),(1,54,0,NULL,2),(1,55,0,NULL,2),(1,56,0,NULL,2),(1,57,0,NULL,2),(1,58,0,NULL,2),(1,59,0,NULL,2),(1,60,0,NULL,2),(1,61,0,NULL,2),(1,62,0,NULL,2),(1,63,0,NULL,2),(1,64,0,NULL,2),(1,65,0,NULL,2),(1,66,0,NULL,2),(1,67,0,NULL,2),(1,68,0,NULL,2),(1,69,0,NULL,2),(1,70,0,NULL,2),(1,71,0,NULL,2),(1,72,0,NULL,2),(1,73,0,NULL,2),(1,74,0,NULL,2),(1,75,0,NULL,2),(1,76,0,NULL,2),(1,77,0,NULL,2),(1,78,0,NULL,2),(1,79,0,NULL,2),(1,80,0,NULL,2),(1,81,0,NULL,2),(1,82,0,NULL,2),(1,83,0,NULL,2),(1,84,0,NULL,2),(1,85,0,NULL,2),(1,86,0,NULL,2),(1,87,0,NULL,2),(1,88,0,NULL,2),(1,89,0,NULL,2),(1,90,0,NULL,2),(1,91,0,NULL,2),(1,92,0,NULL,2),(1,93,0,NULL,2),(1,94,0,NULL,2),(1,95,0,NULL,2),(1,96,0,NULL,2),(1,97,0,NULL,2),(1,98,0,NULL,2),(1,99,0,NULL,2),(1,100,0,NULL,2),(1,101,0,NULL,2),(1,102,0,NULL,2),(1,103,0,NULL,2),(1,104,0,NULL,2),(1,105,0,NULL,2),(1,106,0,NULL,2),(1,107,0,NULL,2),(1,108,0,NULL,2),(1,109,0,NULL,2),(1,110,0,NULL,2),(1,111,0,NULL,2),(1,112,0,NULL,2),(1,113,0,NULL,2),(1,114,0,NULL,2),(1,115,0,NULL,2),(1,116,0,NULL,2),(1,117,0,NULL,2),(1,119,0,NULL,2),(1,120,0,NULL,2),(1,121,0,NULL,2),(1,123,0,NULL,2),(1,126,0,NULL,2),(1,128,0,NULL,2),(1,129,0,NULL,2),(1,130,0,NULL,2),(1,131,0,NULL,2),(1,132,0,NULL,2),(1,133,0,NULL,2),(1,134,0,NULL,2),(1,136,0,NULL,2),(1,137,0,NULL,2),(1,138,0,NULL,2),(1,139,0,NULL,2),(1,140,0,NULL,2),(1,141,0,NULL,2),(1,142,0,NULL,2),(1,143,0,NULL,2),(1,144,0,NULL,2),(1,145,0,NULL,2),(1,146,0,NULL,2),(1,146,0,NULL,3),(1,147,0,NULL,1),(1,148,0,NULL,1),(1,148,2,NULL,3),(1,180,2,NULL,1),(1,180,0,NULL,3),(1,184,0,NULL,3),(1,186,0,NULL,2),(1,187,0,NULL,2),(1,188,0,NULL,2),(1,189,0,NULL,2),(1,190,0,NULL,2),(1,191,0,NULL,2),(1,192,0,NULL,2),(1,193,0,NULL,2),(1,194,0,NULL,2),(1,195,0,NULL,2),(1,196,0,NULL,2),(1,197,0,NULL,2),(1,198,0,NULL,2),(1,199,0,NULL,2),(1,200,0,NULL,2),(1,201,0,NULL,2),(1,202,0,NULL,2),(1,205,0,NULL,2),(1,206,0,NULL,2),(1,207,0,NULL,2),(1,210,0,NULL,2),(1,211,0,NULL,2),(1,212,0,NULL,2),(1,214,0,NULL,2),(1,215,0,NULL,2),(1,216,0,NULL,2),(1,217,0,NULL,2),(1,218,0,NULL,2),(1,219,0,NULL,2),(1,220,0,NULL,2),(1,222,0,NULL,2),(1,223,0,NULL,2),(1,224,0,NULL,2),(1,225,0,NULL,2),(1,226,0,NULL,2),(1,227,0,NULL,2),(1,231,0,NULL,2),(1,232,0,NULL,2),(1,233,0,NULL,2),(1,234,0,NULL,2),(1,237,0,NULL,2),(1,238,0,NULL,2),(1,239,0,NULL,2),(1,240,0,NULL,2),(1,241,0,NULL,2),(1,242,0,NULL,2),(1,243,0,NULL,2),(1,244,0,NULL,2),(1,245,0,NULL,2),(1,246,0,NULL,2),(1,247,0,NULL,2),(1,248,0,NULL,2),(1,249,0,NULL,2),(1,250,0,NULL,2),(1,252,0,NULL,2),(1,253,0,NULL,2),(1,254,0,NULL,2),(1,255,0,NULL,2),(1,256,0,NULL,2),(1,257,0,NULL,2),(1,258,0,NULL,2),(1,259,0,NULL,2),(1,260,0,NULL,2),(1,261,0,NULL,2),(1,262,0,NULL,2),(1,263,0,NULL,2),(1,264,0,NULL,2),(1,265,0,NULL,2),(1,266,0,NULL,2),(1,267,0,NULL,2),(1,268,0,NULL,2),(1,269,0,NULL,2),(1,270,0,NULL,2),(1,271,0,NULL,2),(1,272,0,NULL,2),(1,273,0,NULL,2),(1,274,0,NULL,2),(1,275,0,NULL,2),(1,276,0,NULL,2),(1,277,0,NULL,2),(1,278,0,NULL,2),(1,279,0,NULL,2),(1,280,0,NULL,2),(1,281,0,NULL,2),(1,282,0,NULL,2),(1,283,0,NULL,2),(1,284,0,NULL,2),(1,285,0,NULL,2),(1,287,0,NULL,2),(1,288,0,NULL,2),(1,289,0,NULL,2),(1,290,0,NULL,2),(1,292,0,NULL,2),(1,294,0,NULL,1),(1,294,0,NULL,3),(1,296,0,NULL,2),(1,297,0,NULL,2),(1,298,0,NULL,2),(1,299,0,NULL,2),(1,300,2,NULL,1),(1,300,1,NULL,3),(1,301,0,NULL,2),(1,302,0,NULL,2),(1,304,0,NULL,1),(1,304,0,NULL,3),(1,305,0,NULL,2),(1,307,0,NULL,2),(1,308,0,NULL,2),(1,309,0,NULL,2),(1,310,0,NULL,2),(1,311,0,NULL,2),(1,312,0,NULL,2),(1,313,0,NULL,2),(1,314,0,NULL,2),(1,315,0,NULL,2),(1,316,0,NULL,2),(1,317,0,NULL,2),(1,318,0,NULL,2),(1,319,0,NULL,2),(1,320,0,NULL,2),(1,321,0,NULL,2),(1,322,0,NULL,2),(1,323,0,NULL,2),(1,324,0,NULL,2),(1,325,0,NULL,2),(1,326,0,NULL,2),(1,327,0,NULL,2),(1,328,0,NULL,2),(1,329,0,NULL,2),(1,330,0,NULL,2),(1,331,0,NULL,2),(1,332,0,NULL,2),(1,333,0,NULL,2),(1,334,0,NULL,2),(1,335,0,NULL,2),(1,336,0,NULL,2),(1,337,0,NULL,2),(1,338,0,NULL,2),(1,339,0,NULL,2),(1,340,0,NULL,2),(1,341,0,NULL,2),(1,342,0,NULL,2),(1,343,0,NULL,2),(1,344,0,NULL,2),(1,345,0,NULL,2),(1,346,0,NULL,2),(1,347,0,NULL,2),(1,348,0,NULL,2),(1,349,0,NULL,2),(1,350,0,NULL,2),(1,351,0,NULL,2),(1,352,0,NULL,2),(1,353,0,NULL,2),(1,354,0,NULL,2),(1,355,0,NULL,2),(1,356,0,NULL,2),(1,357,0,NULL,2),(1,358,0,NULL,2),(1,359,0,NULL,2),(1,360,0,NULL,2),(1,361,0,NULL,2),(1,362,0,NULL,2),(1,363,0,NULL,2),(1,364,0,NULL,2),(1,365,0,NULL,2),(1,366,0,NULL,2),(1,367,0,NULL,2),(1,369,0,NULL,2),(2,16,1,NULL,2),(2,17,1,NULL,2),(2,18,1,NULL,2),(2,19,1,NULL,2),(2,20,1,NULL,2),(2,21,1,NULL,2),(2,22,1,NULL,2),(2,23,1,NULL,2),(2,24,1,NULL,2),(2,25,1,NULL,2),(2,26,1,NULL,2),(2,27,1,NULL,2),(2,28,1,NULL,2),(2,29,1,NULL,2),(2,30,1,NULL,2),(2,31,1,NULL,2),(2,32,1,NULL,2),(2,34,1,NULL,2),(2,35,1,NULL,2),(2,36,1,NULL,2),(2,37,1,NULL,2),(2,38,1,NULL,2),(2,39,1,NULL,2),(2,40,1,NULL,2),(2,41,1,NULL,2),(2,42,1,NULL,2),(2,43,1,NULL,2),(2,45,1,NULL,2),(2,46,1,NULL,2),(2,47,1,NULL,2),(2,48,1,NULL,2),(2,49,1,NULL,2),(2,50,1,NULL,2),(2,51,1,NULL,2),(2,52,1,NULL,2),(2,53,1,NULL,2),(2,54,1,NULL,2),(2,55,1,NULL,2),(2,56,1,NULL,2),(2,57,1,NULL,2),(2,58,1,NULL,2),(2,59,1,NULL,2),(2,60,1,NULL,2),(2,61,1,NULL,2),(2,62,1,NULL,2),(2,63,1,NULL,2),(2,64,1,NULL,2),(2,65,1,NULL,2),(2,66,1,NULL,2),(2,67,1,NULL,2),(2,68,1,NULL,2),(2,69,1,NULL,2),(2,70,1,NULL,2),(2,71,1,NULL,2),(2,72,1,NULL,2),(2,73,1,NULL,2),(2,74,1,NULL,2),(2,75,1,NULL,2),(2,76,1,NULL,2),(2,77,1,NULL,2),(2,78,1,NULL,2),(2,79,1,NULL,2),(2,80,1,NULL,2),(2,81,1,NULL,2),(2,82,1,NULL,2),(2,83,1,NULL,2),(2,84,1,NULL,2),(2,85,1,NULL,2),(2,86,1,NULL,2),(2,87,1,NULL,2),(2,88,1,NULL,2),(2,89,1,NULL,2),(2,90,1,NULL,2),(2,91,1,NULL,2),(2,92,1,NULL,2),(2,93,1,NULL,2),(2,94,1,NULL,2),(2,95,1,NULL,2),(2,96,1,NULL,2),(2,97,1,NULL,2),(2,98,1,NULL,2),(2,99,1,NULL,2),(2,100,1,NULL,2),(2,101,1,NULL,2),(2,102,1,NULL,2),(2,103,1,NULL,2),(2,104,1,NULL,2),(2,105,1,NULL,2),(2,106,1,NULL,2),(2,107,1,NULL,2),(2,108,1,NULL,2),(2,109,1,NULL,2),(2,110,1,NULL,2),(2,111,1,NULL,2),(2,112,1,NULL,2),(2,113,1,NULL,2),(2,114,1,NULL,2),(2,115,1,NULL,2),(2,116,1,NULL,2),(2,117,1,NULL,2),(2,119,1,NULL,2),(2,120,1,NULL,2),(2,121,1,NULL,2),(2,123,1,NULL,2),(2,126,1,NULL,2),(2,128,1,NULL,2),(2,129,1,NULL,2),(2,130,1,NULL,2),(2,131,1,NULL,2),(2,132,1,NULL,2),(2,133,1,NULL,2),(2,134,1,NULL,2),(2,136,1,NULL,2),(2,137,1,NULL,2),(2,138,1,NULL,2),(2,139,1,NULL,2),(2,140,1,NULL,2),(2,141,1,NULL,2),(2,142,1,NULL,2),(2,143,1,NULL,2),(2,144,1,NULL,2),(2,145,1,NULL,2),(2,146,0,NULL,1),(2,146,1,NULL,3),(2,147,2,NULL,1),(2,147,2,NULL,3),(2,148,2,NULL,1),(2,148,1,NULL,3),(2,180,0,NULL,1),(2,180,1,NULL,3),(2,184,0,NULL,1),(2,184,1,NULL,3),(2,186,1,NULL,2),(2,187,1,NULL,2),(2,188,1,NULL,2),(2,189,1,NULL,2),(2,190,1,NULL,2),(2,191,1,NULL,2),(2,192,1,NULL,2),(2,193,1,NULL,2),(2,194,1,NULL,2),(2,195,1,NULL,2),(2,196,1,NULL,2),(2,197,1,NULL,2),(2,198,1,NULL,2),(2,199,1,NULL,2),(2,200,1,NULL,2),(2,201,1,NULL,2),(2,202,1,NULL,2),(2,205,1,NULL,2),(2,206,1,NULL,2),(2,207,1,NULL,2),(2,210,1,NULL,2),(2,211,1,NULL,2),(2,212,1,NULL,2),(2,214,1,NULL,2),(2,215,1,NULL,2),(2,216,1,NULL,2),(2,217,1,NULL,2),(2,218,1,NULL,2),(2,219,1,NULL,2),(2,220,1,NULL,2),(2,222,1,NULL,2),(2,223,1,NULL,2),(2,224,1,NULL,2),(2,225,1,NULL,2),(2,226,1,NULL,2),(2,227,1,NULL,2),(2,231,1,NULL,2),(2,232,1,NULL,2),(2,233,1,NULL,2),(2,234,1,NULL,2),(2,237,1,NULL,2),(2,238,1,NULL,2),(2,239,1,NULL,2),(2,240,1,NULL,2),(2,241,1,NULL,2),(2,242,1,NULL,2),(2,243,1,NULL,2),(2,244,1,NULL,2),(2,245,1,NULL,2),(2,246,1,NULL,2),(2,247,1,NULL,2),(2,248,1,NULL,2),(2,249,1,NULL,2),(2,250,1,NULL,2),(2,252,1,NULL,2),(2,253,1,NULL,2),(2,254,1,NULL,2),(2,255,1,NULL,2),(2,256,1,NULL,2),(2,257,1,NULL,2),(2,258,1,NULL,2),(2,259,1,NULL,2),(2,260,1,NULL,2),(2,261,1,NULL,2),(2,262,1,NULL,2),(2,263,1,NULL,2),(2,264,1,NULL,2),(2,265,1,NULL,2),(2,266,1,NULL,2),(2,267,1,NULL,2),(2,268,1,NULL,2),(2,269,1,NULL,2),(2,270,1,NULL,2),(2,271,1,NULL,2),(2,272,1,NULL,2),(2,273,1,NULL,2),(2,274,1,NULL,2),(2,275,1,NULL,2),(2,276,1,NULL,2),(2,277,1,NULL,2),(2,278,1,NULL,2),(2,279,1,NULL,2),(2,280,1,NULL,2),(2,281,1,NULL,2),(2,282,1,NULL,2),(2,283,1,NULL,2),(2,284,1,NULL,2),(2,285,1,NULL,2),(2,287,1,NULL,2),(2,288,1,NULL,2),(2,289,1,NULL,2),(2,290,1,NULL,2),(2,292,1,NULL,2),(2,294,0,NULL,2),(2,296,1,NULL,2),(2,297,1,NULL,2),(2,298,1,NULL,2),(2,299,1,NULL,2),(2,300,1,NULL,1),(2,301,1,NULL,2),(2,302,1,NULL,2),(2,304,1,NULL,1),(2,304,2,NULL,3),(2,305,1,NULL,2),(2,307,1,NULL,2),(2,308,1,NULL,2),(2,309,1,NULL,2),(2,310,1,NULL,2),(2,311,1,NULL,2),(2,312,1,NULL,2),(2,313,1,NULL,2),(2,314,1,NULL,2),(2,315,1,NULL,2),(2,316,1,NULL,2),(2,317,1,NULL,2),(2,318,1,NULL,2),(2,319,1,NULL,2),(2,320,1,NULL,2),(2,321,1,NULL,2),(2,322,1,NULL,2),(2,323,1,NULL,2),(2,324,1,NULL,2),(2,325,1,NULL,2),(2,326,1,NULL,2),(2,327,1,NULL,2),(2,328,1,NULL,2),(2,329,1,NULL,2),(2,330,1,NULL,2),(2,331,1,NULL,2),(2,332,1,NULL,2),(2,333,1,NULL,2),(2,334,1,NULL,2),(2,335,1,NULL,2),(2,336,1,NULL,2),(2,337,1,NULL,2),(2,338,1,NULL,2),(2,339,1,NULL,2),(2,340,1,NULL,2),(2,341,1,NULL,2),(2,342,1,NULL,2),(2,343,1,NULL,2),(2,344,1,NULL,2),(2,345,1,NULL,2),(2,346,1,NULL,2),(2,347,1,NULL,2),(2,348,1,NULL,2),(2,349,1,NULL,2),(2,350,1,NULL,2),(2,351,1,NULL,2),(2,352,1,NULL,2),(2,353,1,NULL,2),(2,354,1,NULL,2),(2,355,1,NULL,2),(2,356,1,NULL,2),(2,357,1,NULL,2),(2,358,1,NULL,2),(2,359,1,NULL,2),(2,360,1,NULL,2),(2,361,1,NULL,2),(2,362,1,NULL,2),(2,363,1,NULL,2),(2,364,1,NULL,2),(2,365,1,NULL,2),(2,366,1,NULL,2),(2,367,1,NULL,2),(2,369,1,NULL,2),(3,16,2,NULL,2),(3,16,0,NULL,3),(3,17,2,NULL,2),(3,17,0,NULL,3),(3,18,2,NULL,2),(3,18,0,NULL,3),(3,19,2,NULL,2),(3,19,0,NULL,3),(3,20,2,NULL,2),(3,20,0,NULL,3),(3,21,2,NULL,2),(3,21,0,NULL,3),(3,22,2,NULL,2),(3,22,0,NULL,3),(3,23,2,NULL,2),(3,23,0,NULL,3),(3,24,2,NULL,2),(3,24,0,NULL,3),(3,25,2,NULL,2),(3,25,0,NULL,3),(3,26,2,NULL,2),(3,26,0,NULL,3),(3,27,2,NULL,2),(3,27,0,NULL,3),(3,28,2,NULL,2),(3,28,0,NULL,3),(3,29,2,NULL,2),(3,29,0,NULL,3),(3,30,2,NULL,2),(3,30,0,NULL,3),(3,31,2,NULL,2),(3,31,0,NULL,3),(3,32,2,NULL,2),(3,32,0,NULL,3),(3,34,2,NULL,2),(3,34,0,NULL,3),(3,35,2,NULL,2),(3,35,0,NULL,3),(3,36,2,NULL,2),(3,36,0,NULL,3),(3,37,2,NULL,2),(3,37,0,NULL,3),(3,38,2,NULL,2),(3,38,0,NULL,3),(3,39,2,NULL,2),(3,39,0,NULL,3),(3,40,2,NULL,2),(3,40,0,NULL,3),(3,41,2,NULL,2),(3,41,0,NULL,3),(3,42,2,NULL,2),(3,42,0,NULL,3),(3,43,2,NULL,2),(3,43,0,NULL,3),(3,45,2,NULL,2),(3,45,0,NULL,3),(3,46,2,NULL,2),(3,46,0,NULL,3),(3,47,2,NULL,2),(3,47,0,NULL,3),(3,48,2,NULL,2),(3,48,0,NULL,3),(3,49,2,NULL,2),(3,49,0,NULL,3),(3,50,2,NULL,2),(3,50,0,NULL,3),(3,51,2,NULL,2),(3,51,0,NULL,3),(3,52,2,NULL,2),(3,52,0,NULL,3),(3,53,2,NULL,2),(3,53,0,NULL,3),(3,54,2,NULL,2),(3,54,0,NULL,3),(3,55,2,NULL,2),(3,55,0,NULL,3),(3,56,2,NULL,2),(3,56,0,NULL,3),(3,57,2,NULL,2),(3,57,0,NULL,3),(3,58,2,NULL,2),(3,58,0,NULL,3),(3,59,2,NULL,2),(3,59,0,NULL,3),(3,60,2,NULL,2),(3,60,0,NULL,3),(3,61,2,NULL,2),(3,61,0,NULL,3),(3,62,2,NULL,2),(3,62,0,NULL,3),(3,63,2,NULL,2),(3,63,0,NULL,3),(3,64,2,NULL,2),(3,64,0,NULL,3),(3,65,2,NULL,2),(3,65,0,NULL,3),(3,66,2,NULL,2),(3,66,0,NULL,3),(3,67,2,NULL,2),(3,67,0,NULL,3),(3,68,2,NULL,2),(3,68,0,NULL,3),(3,69,2,NULL,2),(3,69,0,NULL,3),(3,70,2,NULL,2),(3,70,0,NULL,3),(3,71,2,NULL,2),(3,71,0,NULL,3),(3,72,2,NULL,2),(3,72,0,NULL,3),(3,73,2,NULL,2),(3,73,0,NULL,3),(3,74,2,NULL,2),(3,74,0,NULL,3),(3,75,2,NULL,2),(3,75,0,NULL,3),(3,76,2,NULL,2),(3,76,0,NULL,3),(3,77,2,NULL,2),(3,77,0,NULL,3),(3,78,2,NULL,2),(3,78,0,NULL,3),(3,79,2,NULL,2),(3,79,0,NULL,3),(3,80,2,NULL,2),(3,80,0,NULL,3),(3,81,2,NULL,2),(3,81,0,NULL,3),(3,82,2,NULL,2),(3,82,0,NULL,3),(3,83,2,NULL,2),(3,83,0,NULL,3),(3,84,2,NULL,2),(3,84,0,NULL,3),(3,85,2,NULL,2),(3,85,0,NULL,3),(3,86,2,NULL,2),(3,86,0,NULL,3),(3,87,2,NULL,2),(3,87,0,NULL,3),(3,88,2,NULL,2),(3,88,0,NULL,3),(3,89,2,NULL,2),(3,89,0,NULL,3),(3,90,2,NULL,2),(3,90,0,NULL,3),(3,91,2,NULL,2),(3,91,0,NULL,3),(3,92,2,NULL,2),(3,92,0,NULL,3),(3,93,2,NULL,2),(3,93,0,NULL,3),(3,94,2,NULL,2),(3,94,0,NULL,3),(3,95,2,NULL,2),(3,95,0,NULL,3),(3,96,2,NULL,2),(3,96,0,NULL,3),(3,97,2,NULL,2),(3,97,0,NULL,3),(3,98,2,NULL,2),(3,98,0,NULL,3),(3,99,2,NULL,2),(3,99,0,NULL,3),(3,100,2,NULL,2),(3,100,0,NULL,3),(3,101,2,NULL,2),(3,101,0,NULL,3),(3,102,2,NULL,2),(3,102,0,NULL,3),(3,103,2,NULL,2),(3,103,0,NULL,3),(3,104,2,NULL,2),(3,104,0,NULL,3),(3,105,2,NULL,2),(3,105,0,NULL,3),(3,106,2,NULL,2),(3,106,0,NULL,3),(3,107,2,NULL,2),(3,107,0,NULL,3),(3,108,2,NULL,2),(3,108,0,NULL,3),(3,109,2,NULL,2),(3,109,0,NULL,3),(3,110,2,NULL,2),(3,110,0,NULL,3),(3,111,2,NULL,2),(3,111,0,NULL,3),(3,112,2,NULL,2),(3,112,0,NULL,3),(3,113,2,NULL,2),(3,113,0,NULL,3),(3,114,2,NULL,2),(3,114,0,NULL,3),(3,115,2,NULL,2),(3,115,0,NULL,3),(3,116,2,NULL,2),(3,116,0,NULL,3),(3,117,2,NULL,2),(3,117,0,NULL,3),(3,119,2,NULL,2),(3,119,0,NULL,3),(3,120,2,NULL,2),(3,120,0,NULL,3),(3,121,2,NULL,2),(3,121,0,NULL,3),(3,123,2,NULL,2),(3,123,0,NULL,3),(3,126,2,NULL,2),(3,126,0,NULL,3),(3,128,2,NULL,2),(3,128,0,NULL,3),(3,129,2,NULL,2),(3,129,0,NULL,3),(3,130,2,NULL,2),(3,130,0,NULL,3),(3,131,2,NULL,2),(3,131,0,NULL,3),(3,132,2,NULL,2),(3,132,0,NULL,3),(3,133,2,NULL,2),(3,133,0,NULL,3),(3,134,2,NULL,2),(3,134,0,NULL,3),(3,136,2,NULL,2),(3,136,0,NULL,3),(3,137,2,NULL,2),(3,137,0,NULL,3),(3,138,2,NULL,2),(3,138,0,NULL,3),(3,139,2,NULL,2),(3,139,0,NULL,3),(3,140,2,NULL,2),(3,140,0,NULL,3),(3,141,2,NULL,2),(3,141,0,NULL,3),(3,142,2,NULL,2),(3,142,0,NULL,3),(3,143,2,NULL,2),(3,143,0,NULL,3),(3,144,2,NULL,2),(3,144,0,NULL,3),(3,145,2,NULL,2),(3,145,0,NULL,3),(3,146,1,NULL,2),(3,147,1,NULL,3),(3,148,1,NULL,1),(3,148,0,NULL,3),(3,180,1,NULL,2),(3,180,2,NULL,3),(3,184,0,NULL,2),(3,184,2,NULL,3),(3,186,2,NULL,2),(3,186,0,NULL,3),(3,187,2,NULL,2),(3,187,0,NULL,3),(3,188,2,NULL,2),(3,188,0,NULL,3),(3,189,2,NULL,2),(3,189,0,NULL,3),(3,190,2,NULL,2),(3,190,0,NULL,3),(3,191,2,NULL,2),(3,191,0,NULL,3),(3,192,2,NULL,2),(3,192,0,NULL,3),(3,193,2,NULL,2),(3,193,0,NULL,3),(3,194,2,NULL,2),(3,194,0,NULL,3),(3,195,2,NULL,2),(3,195,0,NULL,3),(3,196,2,NULL,2),(3,196,0,NULL,3),(3,197,2,NULL,2),(3,197,0,NULL,3),(3,198,2,NULL,2),(3,198,0,NULL,3),(3,199,2,NULL,2),(3,199,0,NULL,3),(3,200,2,NULL,2),(3,200,0,NULL,3),(3,201,2,NULL,2),(3,201,0,NULL,3),(3,202,2,NULL,2),(3,202,0,NULL,3),(3,205,2,NULL,2),(3,205,0,NULL,3),(3,206,2,NULL,2),(3,206,0,NULL,3),(3,207,2,NULL,2),(3,207,0,NULL,3),(3,210,2,NULL,2),(3,210,0,NULL,3),(3,211,2,NULL,2),(3,211,0,NULL,3),(3,212,2,NULL,2),(3,212,0,NULL,3),(3,214,2,NULL,2),(3,214,0,NULL,3),(3,215,2,NULL,2),(3,215,0,NULL,3),(3,216,2,NULL,2),(3,216,0,NULL,3),(3,217,2,NULL,2),(3,217,0,NULL,3),(3,218,2,NULL,2),(3,218,0,NULL,3),(3,219,2,NULL,2),(3,219,0,NULL,3),(3,220,2,NULL,2),(3,220,0,NULL,3),(3,222,2,NULL,2),(3,222,0,NULL,3),(3,223,2,NULL,2),(3,223,0,NULL,3),(3,224,2,NULL,2),(3,224,0,NULL,3),(3,225,2,NULL,2),(3,225,0,NULL,3),(3,226,2,NULL,2),(3,226,0,NULL,3),(3,227,2,NULL,2),(3,227,0,NULL,3),(3,231,2,NULL,2),(3,231,0,NULL,3),(3,232,2,NULL,2),(3,232,0,NULL,3),(3,233,2,NULL,2),(3,233,0,NULL,3),(3,234,2,NULL,2),(3,234,0,NULL,3),(3,237,2,NULL,2),(3,237,0,NULL,3),(3,238,2,NULL,2),(3,238,0,NULL,3),(3,239,2,NULL,2),(3,239,0,NULL,3),(3,240,2,NULL,2),(3,240,0,NULL,3),(3,241,2,NULL,2),(3,241,0,NULL,3),(3,242,2,NULL,2),(3,242,0,NULL,3),(3,243,2,NULL,2),(3,243,0,NULL,3),(3,244,2,NULL,2),(3,244,0,NULL,3),(3,245,2,NULL,2),(3,245,0,NULL,3),(3,246,2,NULL,2),(3,246,0,NULL,3),(3,247,2,NULL,2),(3,247,0,NULL,3),(3,248,2,NULL,2),(3,248,0,NULL,3),(3,249,2,NULL,2),(3,249,0,NULL,3),(3,250,2,NULL,2),(3,250,0,NULL,3),(3,252,2,NULL,2),(3,252,0,NULL,3),(3,253,2,NULL,2),(3,253,0,NULL,3),(3,254,2,NULL,2),(3,254,0,NULL,3),(3,255,2,NULL,2),(3,255,0,NULL,3),(3,256,2,NULL,2),(3,256,0,NULL,3),(3,257,2,NULL,2),(3,257,0,NULL,3),(3,258,2,NULL,2),(3,258,0,NULL,3),(3,259,2,NULL,2),(3,259,0,NULL,3),(3,260,2,NULL,2),(3,260,0,NULL,3),(3,261,2,NULL,2),(3,261,0,NULL,3),(3,262,2,NULL,2),(3,262,0,NULL,3),(3,263,2,NULL,2),(3,263,0,NULL,3),(3,264,2,NULL,2),(3,264,0,NULL,3),(3,265,2,NULL,2),(3,265,0,NULL,3),(3,266,2,NULL,2),(3,266,0,NULL,3),(3,267,2,NULL,2),(3,267,0,NULL,3),(3,268,2,NULL,2),(3,268,0,NULL,3),(3,269,2,NULL,2),(3,269,0,NULL,3),(3,270,2,NULL,2),(3,270,0,NULL,3),(3,271,2,NULL,2),(3,271,0,NULL,3),(3,272,2,NULL,2),(3,272,0,NULL,3),(3,273,2,NULL,2),(3,273,0,NULL,3),(3,274,2,NULL,2),(3,274,0,NULL,3),(3,275,2,NULL,2),(3,275,0,NULL,3),(3,276,2,NULL,2),(3,276,0,NULL,3),(3,277,2,NULL,2),(3,277,0,NULL,3),(3,278,2,NULL,2),(3,278,0,NULL,3),(3,279,2,NULL,2),(3,279,0,NULL,3),(3,280,2,NULL,2),(3,280,0,NULL,3),(3,281,2,NULL,2),(3,281,0,NULL,3),(3,282,2,NULL,2),(3,282,0,NULL,3),(3,283,2,NULL,2),(3,283,0,NULL,3),(3,284,2,NULL,2),(3,284,0,NULL,3),(3,285,2,NULL,2),(3,285,0,NULL,3),(3,287,2,NULL,2),(3,287,0,NULL,3),(3,288,2,NULL,2),(3,288,0,NULL,3),(3,289,2,NULL,2),(3,289,0,NULL,3),(3,290,2,NULL,2),(3,290,0,NULL,3),(3,292,2,NULL,2),(3,292,0,NULL,3),(3,294,1,NULL,1),(3,296,2,NULL,2),(3,296,0,NULL,3),(3,297,2,NULL,2),(3,297,0,NULL,3),(3,298,2,NULL,2),(3,298,0,NULL,3),(3,299,2,NULL,2),(3,299,0,NULL,3),(3,300,0,NULL,1),(3,300,0,NULL,3),(3,301,2,NULL,2),(3,301,0,NULL,3),(3,302,2,NULL,2),(3,302,0,NULL,3),(3,304,0,NULL,2),(3,304,1,NULL,3),(3,305,2,NULL,2),(3,305,0,NULL,3),(3,307,2,NULL,2),(3,307,0,NULL,3),(3,308,2,NULL,2),(3,308,0,NULL,3),(3,309,2,NULL,2),(3,309,0,NULL,3),(3,310,2,NULL,2),(3,310,0,NULL,3),(3,311,2,NULL,2),(3,311,0,NULL,3),(3,312,2,NULL,2),(3,312,0,NULL,3),(3,313,2,NULL,2),(3,313,0,NULL,3),(3,314,2,NULL,2),(3,314,0,NULL,3),(3,315,2,NULL,2),(3,315,0,NULL,3),(3,316,2,NULL,2),(3,316,0,NULL,3),(3,317,2,NULL,2),(3,317,0,NULL,3),(3,318,2,NULL,2),(3,318,0,NULL,3),(3,319,2,NULL,2),(3,319,0,NULL,3),(3,320,2,NULL,2),(3,320,0,NULL,3),(3,321,2,NULL,2),(3,321,0,NULL,3),(3,322,2,NULL,2),(3,322,0,NULL,3),(3,323,2,NULL,2),(3,323,0,NULL,3),(3,324,2,NULL,2),(3,324,0,NULL,3),(3,325,2,NULL,2),(3,325,0,NULL,3),(3,326,2,NULL,2),(3,326,0,NULL,3),(3,327,2,NULL,2),(3,327,0,NULL,3),(3,328,2,NULL,2),(3,328,0,NULL,3),(3,329,2,NULL,2),(3,329,0,NULL,3),(3,330,2,NULL,2),(3,330,0,NULL,3),(3,331,2,NULL,2),(3,331,0,NULL,3),(3,332,2,NULL,2),(3,332,0,NULL,3),(3,333,2,NULL,2),(3,333,0,NULL,3),(3,334,2,NULL,2),(3,334,0,NULL,3),(3,335,2,NULL,2),(3,335,0,NULL,3),(3,336,2,NULL,2),(3,336,0,NULL,3),(3,337,2,NULL,2),(3,337,0,NULL,3),(3,338,2,NULL,2),(3,338,0,NULL,3),(3,339,2,NULL,2),(3,339,0,NULL,3),(3,340,2,NULL,2),(3,340,0,NULL,3),(3,341,2,NULL,2),(3,341,0,NULL,3),(3,342,2,NULL,2),(3,342,0,NULL,3),(3,343,2,NULL,2),(3,343,0,NULL,3),(3,344,2,NULL,2),(3,344,0,NULL,3),(3,345,2,NULL,2),(3,345,0,NULL,3),(3,346,2,NULL,2),(3,346,0,NULL,3),(3,347,2,NULL,2),(3,347,0,NULL,3),(3,348,2,NULL,2),(3,348,0,NULL,3),(3,349,2,NULL,2),(3,349,0,NULL,3),(3,350,2,NULL,2),(3,350,0,NULL,3),(3,351,2,NULL,2),(3,351,0,NULL,3),(3,352,2,NULL,2),(3,352,0,NULL,3),(3,353,2,NULL,2),(3,353,0,NULL,3),(3,354,2,NULL,2),(3,354,0,NULL,3),(3,355,2,NULL,2),(3,355,0,NULL,3),(3,356,2,NULL,2),(3,356,0,NULL,3),(3,357,2,NULL,2),(3,357,0,NULL,3),(3,358,2,NULL,2),(3,358,0,NULL,3),(3,359,2,NULL,2),(3,359,0,NULL,3),(3,360,2,NULL,2),(3,360,0,NULL,3),(3,361,2,NULL,2),(3,361,0,NULL,3),(3,362,2,NULL,2),(3,362,0,NULL,3),(3,363,2,NULL,2),(3,363,0,NULL,3),(3,364,2,NULL,2),(3,364,0,NULL,3),(3,365,2,NULL,2),(3,365,0,NULL,3),(3,366,2,NULL,2),(3,366,0,NULL,3),(3,367,2,NULL,2),(3,367,0,NULL,3),(3,369,2,NULL,2),(3,369,0,NULL,3),(4,16,0,NULL,1),(4,16,2,NULL,3),(4,17,0,NULL,1),(4,17,2,NULL,3),(4,18,0,NULL,1),(4,18,2,NULL,3),(4,19,0,NULL,1),(4,19,2,NULL,3),(4,20,0,NULL,1),(4,20,2,NULL,3),(4,21,0,NULL,1),(4,21,2,NULL,3),(4,22,0,NULL,1),(4,22,2,NULL,3),(4,23,0,NULL,1),(4,23,2,NULL,3),(4,24,0,NULL,1),(4,24,2,NULL,3),(4,25,0,NULL,1),(4,25,2,NULL,3),(4,26,0,NULL,1),(4,26,2,NULL,3),(4,27,0,NULL,1),(4,27,2,NULL,3),(4,28,0,NULL,1),(4,28,2,NULL,3),(4,29,0,NULL,1),(4,29,2,NULL,3),(4,30,0,NULL,1),(4,30,2,NULL,3),(4,31,0,NULL,1),(4,31,2,NULL,3),(4,32,0,NULL,1),(4,32,2,NULL,3),(4,34,0,NULL,1),(4,34,2,NULL,3),(4,35,0,NULL,1),(4,35,2,NULL,3),(4,36,0,NULL,1),(4,36,2,NULL,3),(4,37,0,NULL,1),(4,37,2,NULL,3),(4,38,0,NULL,1),(4,38,2,NULL,3),(4,39,0,NULL,1),(4,39,2,NULL,3),(4,40,0,NULL,1),(4,40,2,NULL,3),(4,41,0,NULL,1),(4,41,2,NULL,3),(4,42,0,NULL,1),(4,42,2,NULL,3),(4,43,0,NULL,1),(4,43,2,NULL,3),(4,45,0,NULL,1),(4,45,2,NULL,3),(4,46,0,NULL,1),(4,46,2,NULL,3),(4,47,0,NULL,1),(4,47,2,NULL,3),(4,48,0,NULL,1),(4,48,2,NULL,3),(4,49,0,NULL,1),(4,49,2,NULL,3),(4,50,0,NULL,1),(4,50,2,NULL,3),(4,51,0,NULL,1),(4,51,2,NULL,3),(4,52,0,NULL,1),(4,52,2,NULL,3),(4,53,0,NULL,1),(4,53,2,NULL,3),(4,54,0,NULL,1),(4,54,2,NULL,3),(4,55,0,NULL,1),(4,55,2,NULL,3),(4,56,0,NULL,1),(4,56,2,NULL,3),(4,57,0,NULL,1),(4,57,2,NULL,3),(4,58,0,NULL,1),(4,58,2,NULL,3),(4,59,0,NULL,1),(4,59,2,NULL,3),(4,60,0,NULL,1),(4,60,2,NULL,3),(4,61,0,NULL,1),(4,61,2,NULL,3),(4,62,0,NULL,1),(4,62,2,NULL,3),(4,63,0,NULL,1),(4,63,2,NULL,3),(4,64,0,NULL,1),(4,64,2,NULL,3),(4,65,0,NULL,1),(4,65,2,NULL,3),(4,66,0,NULL,1),(4,66,2,NULL,3),(4,67,0,NULL,1),(4,67,2,NULL,3),(4,68,0,NULL,1),(4,68,2,NULL,3),(4,69,0,NULL,1),(4,69,2,NULL,3),(4,70,0,NULL,1),(4,70,2,NULL,3),(4,71,0,NULL,1),(4,71,2,NULL,3),(4,72,0,NULL,1),(4,72,2,NULL,3),(4,73,0,NULL,1),(4,73,2,NULL,3),(4,74,0,NULL,1),(4,74,2,NULL,3),(4,75,0,NULL,1),(4,75,2,NULL,3),(4,76,0,NULL,1),(4,76,2,NULL,3),(4,77,0,NULL,1),(4,77,2,NULL,3),(4,78,0,NULL,1),(4,78,2,NULL,3),(4,79,0,NULL,1),(4,79,2,NULL,3),(4,80,0,NULL,1),(4,80,2,NULL,3),(4,81,0,NULL,1),(4,81,2,NULL,3),(4,82,0,NULL,1),(4,82,2,NULL,3),(4,83,0,NULL,1),(4,83,2,NULL,3),(4,84,0,NULL,1),(4,84,2,NULL,3),(4,85,0,NULL,1),(4,85,2,NULL,3),(4,86,0,NULL,1),(4,86,2,NULL,3),(4,87,0,NULL,1),(4,87,2,NULL,3),(4,88,0,NULL,1),(4,88,2,NULL,3),(4,89,0,NULL,1),(4,89,2,NULL,3),(4,90,0,NULL,1),(4,90,2,NULL,3),(4,91,0,NULL,1),(4,91,2,NULL,3),(4,92,0,NULL,1),(4,92,2,NULL,3),(4,93,0,NULL,1),(4,93,2,NULL,3),(4,94,0,NULL,1),(4,94,2,NULL,3),(4,95,0,NULL,1),(4,95,2,NULL,3),(4,96,0,NULL,1),(4,96,2,NULL,3),(4,97,0,NULL,1),(4,97,2,NULL,3),(4,98,0,NULL,1),(4,98,2,NULL,3),(4,99,0,NULL,1),(4,99,2,NULL,3),(4,100,0,NULL,1),(4,100,2,NULL,3),(4,101,0,NULL,1),(4,101,2,NULL,3),(4,102,0,NULL,1),(4,102,2,NULL,3),(4,103,0,NULL,1),(4,103,2,NULL,3),(4,104,0,NULL,1),(4,104,2,NULL,3),(4,105,0,NULL,1),(4,105,2,NULL,3),(4,106,0,NULL,1),(4,106,2,NULL,3),(4,107,0,NULL,1),(4,107,2,NULL,3),(4,108,0,NULL,1),(4,108,2,NULL,3),(4,109,0,NULL,1),(4,109,2,NULL,3),(4,110,0,NULL,1),(4,110,2,NULL,3),(4,111,0,NULL,1),(4,111,2,NULL,3),(4,112,0,NULL,1),(4,112,2,NULL,3),(4,113,0,NULL,1),(4,113,2,NULL,3),(4,114,0,NULL,1),(4,114,2,NULL,3),(4,115,0,NULL,1),(4,115,2,NULL,3),(4,116,0,NULL,1),(4,116,2,NULL,3),(4,117,0,NULL,1),(4,117,2,NULL,3),(4,119,0,NULL,1),(4,119,2,NULL,3),(4,120,0,NULL,1),(4,120,2,NULL,3),(4,121,0,NULL,1),(4,121,2,NULL,3),(4,123,0,NULL,1),(4,123,2,NULL,3),(4,126,0,NULL,1),(4,126,2,NULL,3),(4,128,0,NULL,1),(4,128,2,NULL,3),(4,129,0,NULL,1),(4,129,2,NULL,3),(4,130,0,NULL,1),(4,130,2,NULL,3),(4,131,0,NULL,1),(4,131,2,NULL,3),(4,132,0,NULL,1),(4,132,2,NULL,3),(4,133,0,NULL,1),(4,133,2,NULL,3),(4,134,0,NULL,1),(4,134,2,NULL,3),(4,136,0,NULL,1),(4,136,2,NULL,3),(4,137,0,NULL,1),(4,137,2,NULL,3),(4,138,0,NULL,1),(4,138,2,NULL,3),(4,139,0,NULL,1),(4,139,2,NULL,3),(4,140,0,NULL,1),(4,140,2,NULL,3),(4,141,0,NULL,1),(4,141,2,NULL,3),(4,142,0,NULL,1),(4,142,2,NULL,3),(4,143,0,NULL,1),(4,143,2,NULL,3),(4,144,0,NULL,1),(4,144,2,NULL,3),(4,145,0,NULL,1),(4,145,2,NULL,3),(4,146,2,NULL,1),(4,146,2,NULL,3),(4,147,2,NULL,2),(4,147,0,NULL,3),(4,148,0,NULL,2),(4,180,0,NULL,2),(4,184,1,NULL,1),(4,186,0,NULL,1),(4,186,2,NULL,3),(4,187,0,NULL,1),(4,187,2,NULL,3),(4,188,0,NULL,1),(4,188,2,NULL,3),(4,189,0,NULL,1),(4,189,2,NULL,3),(4,190,0,NULL,1),(4,190,2,NULL,3),(4,191,0,NULL,1),(4,191,2,NULL,3),(4,192,0,NULL,1),(4,192,2,NULL,3),(4,193,0,NULL,1),(4,193,2,NULL,3),(4,194,0,NULL,1),(4,194,2,NULL,3),(4,195,0,NULL,1),(4,195,2,NULL,3),(4,196,0,NULL,1),(4,196,2,NULL,3),(4,197,0,NULL,1),(4,197,2,NULL,3),(4,198,0,NULL,1),(4,198,2,NULL,3),(4,199,0,NULL,1),(4,199,2,NULL,3),(4,200,0,NULL,1),(4,200,2,NULL,3),(4,201,0,NULL,1),(4,201,2,NULL,3),(4,202,0,NULL,1),(4,202,2,NULL,3),(4,205,0,NULL,1),(4,205,2,NULL,3),(4,206,0,NULL,1),(4,206,2,NULL,3),(4,207,0,NULL,1),(4,207,2,NULL,3),(4,210,0,NULL,1),(4,210,2,NULL,3),(4,211,0,NULL,1),(4,211,2,NULL,3),(4,212,0,NULL,1),(4,212,2,NULL,3),(4,214,0,NULL,1),(4,214,2,NULL,3),(4,215,0,NULL,1),(4,215,2,NULL,3),(4,216,0,NULL,1),(4,216,2,NULL,3),(4,217,0,NULL,1),(4,217,2,NULL,3),(4,218,0,NULL,1),(4,218,2,NULL,3),(4,219,0,NULL,1),(4,219,2,NULL,3),(4,220,0,NULL,1),(4,220,2,NULL,3),(4,222,0,NULL,1),(4,222,2,NULL,3),(4,223,0,NULL,1),(4,223,2,NULL,3),(4,224,0,NULL,1),(4,224,2,NULL,3),(4,225,0,NULL,1),(4,225,2,NULL,3),(4,226,0,NULL,1),(4,226,2,NULL,3),(4,227,0,NULL,1),(4,227,2,NULL,3),(4,231,0,NULL,1),(4,231,2,NULL,3),(4,232,0,NULL,1),(4,232,2,NULL,3),(4,233,0,NULL,1),(4,233,2,NULL,3),(4,234,0,NULL,1),(4,234,2,NULL,3),(4,237,0,NULL,1),(4,237,2,NULL,3),(4,238,0,NULL,1),(4,238,2,NULL,3),(4,239,0,NULL,1),(4,239,2,NULL,3),(4,240,0,NULL,1),(4,240,2,NULL,3),(4,241,0,NULL,1),(4,241,2,NULL,3),(4,242,0,NULL,1),(4,242,2,NULL,3),(4,243,0,NULL,1),(4,243,2,NULL,3),(4,244,0,NULL,1),(4,244,2,NULL,3),(4,245,0,NULL,1),(4,245,2,NULL,3),(4,246,0,NULL,1),(4,246,2,NULL,3),(4,247,0,NULL,1),(4,247,2,NULL,3),(4,248,0,NULL,1),(4,248,2,NULL,3),(4,249,0,NULL,1),(4,249,2,NULL,3),(4,250,0,NULL,1),(4,250,2,NULL,3),(4,252,0,NULL,1),(4,252,2,NULL,3),(4,253,0,NULL,1),(4,253,2,NULL,3),(4,254,0,NULL,1),(4,254,2,NULL,3),(4,255,0,NULL,1),(4,255,2,NULL,3),(4,256,0,NULL,1),(4,256,2,NULL,3),(4,257,0,NULL,1),(4,257,2,NULL,3),(4,258,0,NULL,1),(4,258,2,NULL,3),(4,259,0,NULL,1),(4,259,2,NULL,3),(4,260,0,NULL,1),(4,260,2,NULL,3),(4,261,0,NULL,1),(4,261,2,NULL,3),(4,262,0,NULL,1),(4,262,2,NULL,3),(4,263,0,NULL,1),(4,263,2,NULL,3),(4,264,0,NULL,1),(4,264,2,NULL,3),(4,265,0,NULL,1),(4,265,2,NULL,3),(4,266,0,NULL,1),(4,266,2,NULL,3),(4,267,0,NULL,1),(4,267,2,NULL,3),(4,268,0,NULL,1),(4,268,2,NULL,3),(4,269,0,NULL,1),(4,269,2,NULL,3),(4,270,0,NULL,1),(4,270,2,NULL,3),(4,271,0,NULL,1),(4,271,2,NULL,3),(4,272,0,NULL,1),(4,272,2,NULL,3),(4,273,0,NULL,1),(4,273,2,NULL,3),(4,274,0,NULL,1),(4,274,2,NULL,3),(4,275,0,NULL,1),(4,275,2,NULL,3),(4,276,0,NULL,1),(4,276,2,NULL,3),(4,277,0,NULL,1),(4,277,2,NULL,3),(4,278,0,NULL,1),(4,278,2,NULL,3),(4,279,0,NULL,1),(4,279,2,NULL,3),(4,280,0,NULL,1),(4,280,2,NULL,3),(4,281,0,NULL,1),(4,281,2,NULL,3),(4,282,0,NULL,1),(4,282,2,NULL,3),(4,283,0,NULL,1),(4,283,2,NULL,3),(4,284,0,NULL,1),(4,284,2,NULL,3),(4,285,0,NULL,1),(4,285,2,NULL,3),(4,287,0,NULL,1),(4,287,2,NULL,3),(4,288,0,NULL,1),(4,288,2,NULL,3),(4,289,0,NULL,1),(4,289,2,NULL,3),(4,290,0,NULL,1),(4,290,2,NULL,3),(4,292,0,NULL,1),(4,292,2,NULL,3),(4,294,2,NULL,3),(4,296,0,NULL,1),(4,296,2,NULL,3),(4,297,0,NULL,1),(4,297,2,NULL,3),(4,298,0,NULL,1),(4,298,2,NULL,3),(4,299,0,NULL,1),(4,299,2,NULL,3),(4,300,0,NULL,2),(4,301,0,NULL,1),(4,301,2,NULL,3),(4,302,0,NULL,1),(4,302,2,NULL,3),(4,304,1,NULL,2),(4,305,0,NULL,1),(4,305,2,NULL,3),(4,307,0,NULL,1),(4,307,2,NULL,3),(4,308,0,NULL,1),(4,308,2,NULL,3),(4,309,0,NULL,1),(4,309,2,NULL,3),(4,310,0,NULL,1),(4,310,2,NULL,3),(4,311,0,NULL,1),(4,311,2,NULL,3),(4,312,0,NULL,1),(4,312,2,NULL,3),(4,313,0,NULL,1),(4,313,2,NULL,3),(4,314,0,NULL,1),(4,314,2,NULL,3),(4,315,0,NULL,1),(4,315,2,NULL,3),(4,316,0,NULL,1),(4,316,2,NULL,3),(4,317,0,NULL,1),(4,317,2,NULL,3),(4,318,0,NULL,1),(4,318,2,NULL,3),(4,319,0,NULL,1),(4,319,2,NULL,3),(4,320,0,NULL,1),(4,320,2,NULL,3),(4,321,0,NULL,1),(4,321,2,NULL,3),(4,322,0,NULL,1),(4,322,2,NULL,3),(4,323,0,NULL,1),(4,323,2,NULL,3),(4,324,0,NULL,1),(4,324,2,NULL,3),(4,325,0,NULL,1),(4,325,2,NULL,3),(4,326,0,NULL,1),(4,326,2,NULL,3),(4,327,0,NULL,1),(4,327,2,NULL,3),(4,328,0,NULL,1),(4,328,2,NULL,3),(4,329,0,NULL,1),(4,329,2,NULL,3),(4,330,0,NULL,1),(4,330,2,NULL,3),(4,331,0,NULL,1),(4,331,2,NULL,3),(4,332,0,NULL,1),(4,332,2,NULL,3),(4,333,0,NULL,1),(4,333,2,NULL,3),(4,334,0,NULL,1),(4,334,2,NULL,3),(4,335,0,NULL,1),(4,335,2,NULL,3),(4,336,0,NULL,1),(4,336,2,NULL,3),(4,337,0,NULL,1),(4,337,2,NULL,3),(4,338,0,NULL,1),(4,338,2,NULL,3),(4,339,0,NULL,1),(4,339,2,NULL,3),(4,340,0,NULL,1),(4,340,2,NULL,3),(4,341,0,NULL,1),(4,341,2,NULL,3),(4,342,0,NULL,1),(4,342,2,NULL,3),(4,343,0,NULL,1),(4,343,2,NULL,3),(4,344,0,NULL,1),(4,344,2,NULL,3),(4,345,0,NULL,1),(4,345,2,NULL,3),(4,346,0,NULL,1),(4,346,2,NULL,3),(4,347,0,NULL,1),(4,347,2,NULL,3),(4,348,0,NULL,1),(4,348,2,NULL,3),(4,349,0,NULL,1),(4,349,2,NULL,3),(4,350,0,NULL,1),(4,350,2,NULL,3),(4,351,0,NULL,1),(4,351,2,NULL,3),(4,352,0,NULL,1),(4,352,2,NULL,3),(4,353,0,NULL,1),(4,353,2,NULL,3),(4,354,0,NULL,1),(4,354,2,NULL,3),(4,355,0,NULL,1),(4,355,2,NULL,3),(4,356,0,NULL,1),(4,356,2,NULL,3),(4,357,0,NULL,1),(4,357,2,NULL,3),(4,358,0,NULL,1),(4,358,2,NULL,3),(4,359,0,NULL,1),(4,359,2,NULL,3),(4,360,0,NULL,1),(4,360,2,NULL,3),(4,361,0,NULL,1),(4,361,2,NULL,3),(4,362,0,NULL,1),(4,362,2,NULL,3),(4,363,0,NULL,1),(4,363,2,NULL,3),(4,364,0,NULL,1),(4,364,2,NULL,3),(4,365,0,NULL,1),(4,365,2,NULL,3),(4,366,0,NULL,1),(4,366,2,NULL,3),(4,367,0,NULL,1),(4,367,2,NULL,3),(4,369,0,NULL,1),(4,369,2,NULL,3),(5,16,1,NULL,1),(5,17,1,NULL,1),(5,18,1,NULL,1),(5,19,1,NULL,1),(5,20,1,NULL,1),(5,21,1,NULL,1),(5,22,1,NULL,1),(5,23,1,NULL,1),(5,24,1,NULL,1),(5,25,1,NULL,1),(5,26,1,NULL,1),(5,27,1,NULL,1),(5,28,1,NULL,1),(5,29,1,NULL,1),(5,30,1,NULL,1),(5,31,1,NULL,1),(5,32,1,NULL,1),(5,34,1,NULL,1),(5,35,1,NULL,1),(5,36,1,NULL,1),(5,37,1,NULL,1),(5,38,1,NULL,1),(5,39,1,NULL,1),(5,40,1,NULL,1),(5,41,1,NULL,1),(5,42,1,NULL,1),(5,43,1,NULL,1),(5,45,1,NULL,1),(5,46,1,NULL,1),(5,47,1,NULL,1),(5,48,1,NULL,1),(5,49,1,NULL,1),(5,50,1,NULL,1),(5,51,1,NULL,1),(5,52,1,NULL,1),(5,53,1,NULL,1),(5,54,1,NULL,1),(5,55,1,NULL,1),(5,56,1,NULL,1),(5,57,1,NULL,1),(5,58,1,NULL,1),(5,59,1,NULL,1),(5,60,1,NULL,1),(5,61,1,NULL,1),(5,62,1,NULL,1),(5,63,1,NULL,1),(5,64,1,NULL,1),(5,65,1,NULL,1),(5,66,1,NULL,1),(5,67,1,NULL,1),(5,68,1,NULL,1),(5,69,1,NULL,1),(5,70,1,NULL,1),(5,71,1,NULL,1),(5,72,1,NULL,1),(5,73,1,NULL,1),(5,74,1,NULL,1),(5,75,1,NULL,1),(5,76,1,NULL,1),(5,77,1,NULL,1),(5,78,1,NULL,1),(5,79,1,NULL,1),(5,80,1,NULL,1),(5,81,1,NULL,1),(5,82,1,NULL,1),(5,83,1,NULL,1),(5,84,1,NULL,1),(5,85,1,NULL,1),(5,86,1,NULL,1),(5,87,1,NULL,1),(5,88,1,NULL,1),(5,89,1,NULL,1),(5,90,1,NULL,1),(5,91,1,NULL,1),(5,92,1,NULL,1),(5,93,1,NULL,1),(5,94,1,NULL,1),(5,95,1,NULL,1),(5,96,1,NULL,1),(5,97,1,NULL,1),(5,98,1,NULL,1),(5,99,1,NULL,1),(5,100,1,NULL,1),(5,101,1,NULL,1),(5,102,1,NULL,1),(5,103,1,NULL,1),(5,104,1,NULL,1),(5,105,1,NULL,1),(5,106,1,NULL,1),(5,107,1,NULL,1),(5,108,1,NULL,1),(5,109,1,NULL,1),(5,110,1,NULL,1),(5,111,1,NULL,1),(5,112,1,NULL,1),(5,113,1,NULL,1),(5,114,1,NULL,1),(5,115,1,NULL,1),(5,116,1,NULL,1),(5,117,1,NULL,1),(5,119,1,NULL,1),(5,120,1,NULL,1),(5,121,1,NULL,1),(5,123,1,NULL,1),(5,126,1,NULL,1),(5,128,1,NULL,1),(5,129,1,NULL,1),(5,130,1,NULL,1),(5,131,1,NULL,1),(5,132,1,NULL,1),(5,133,1,NULL,1),(5,134,1,NULL,1),(5,136,1,NULL,1),(5,137,1,NULL,1),(5,138,1,NULL,1),(5,139,1,NULL,1),(5,140,1,NULL,1),(5,141,1,NULL,1),(5,142,1,NULL,1),(5,143,1,NULL,1),(5,144,1,NULL,1),(5,145,1,NULL,1),(5,146,1,NULL,1),(5,147,1,NULL,2),(5,148,1,NULL,2),(5,180,1,NULL,1),(5,184,2,NULL,1),(5,186,1,NULL,1),(5,187,1,NULL,1),(5,188,1,NULL,1),(5,189,1,NULL,1),(5,190,1,NULL,1),(5,191,1,NULL,1),(5,192,1,NULL,1),(5,193,1,NULL,1),(5,194,1,NULL,1),(5,195,1,NULL,1),(5,196,1,NULL,1),(5,197,1,NULL,1),(5,198,1,NULL,1),(5,199,1,NULL,1),(5,200,1,NULL,1),(5,201,1,NULL,1),(5,202,1,NULL,1),(5,205,1,NULL,1),(5,206,1,NULL,1),(5,207,1,NULL,1),(5,210,1,NULL,1),(5,211,1,NULL,1),(5,212,1,NULL,1),(5,214,1,NULL,1),(5,215,1,NULL,1),(5,216,1,NULL,1),(5,217,1,NULL,1),(5,218,1,NULL,1),(5,219,1,NULL,1),(5,220,1,NULL,1),(5,222,1,NULL,1),(5,223,1,NULL,1),(5,224,1,NULL,1),(5,225,1,NULL,1),(5,226,1,NULL,1),(5,227,1,NULL,1),(5,231,1,NULL,1),(5,232,1,NULL,1),(5,233,1,NULL,1),(5,234,1,NULL,1),(5,237,1,NULL,1),(5,238,1,NULL,1),(5,239,1,NULL,1),(5,240,1,NULL,1),(5,241,1,NULL,1),(5,242,1,NULL,1),(5,243,1,NULL,1),(5,244,1,NULL,1),(5,245,1,NULL,1),(5,246,1,NULL,1),(5,247,1,NULL,1),(5,248,1,NULL,1),(5,249,1,NULL,1),(5,250,1,NULL,1),(5,252,1,NULL,1),(5,253,1,NULL,1),(5,254,1,NULL,1),(5,255,1,NULL,1),(5,256,1,NULL,1),(5,257,1,NULL,1),(5,258,1,NULL,1),(5,259,1,NULL,1),(5,260,1,NULL,1),(5,261,1,NULL,1),(5,262,1,NULL,1),(5,263,1,NULL,1),(5,264,1,NULL,1),(5,265,1,NULL,1),(5,266,1,NULL,1),(5,267,1,NULL,1),(5,268,1,NULL,1),(5,269,1,NULL,1),(5,270,1,NULL,1),(5,271,1,NULL,1),(5,272,1,NULL,1),(5,273,1,NULL,1),(5,274,1,NULL,1),(5,275,1,NULL,1),(5,276,1,NULL,1),(5,277,1,NULL,1),(5,278,1,NULL,1),(5,279,1,NULL,1),(5,280,1,NULL,1),(5,281,1,NULL,1),(5,282,1,NULL,1),(5,283,1,NULL,1),(5,284,1,NULL,1),(5,285,1,NULL,1),(5,287,1,NULL,1),(5,288,1,NULL,1),(5,289,1,NULL,1),(5,290,1,NULL,1),(5,292,1,NULL,1),(5,294,2,NULL,1),(5,296,1,NULL,1),(5,297,1,NULL,1),(5,298,1,NULL,1),(5,299,1,NULL,1),(5,300,1,NULL,2),(5,301,1,NULL,1),(5,302,1,NULL,1),(5,304,2,NULL,1),(5,305,1,NULL,1),(5,307,1,NULL,1),(5,308,1,NULL,1),(5,309,1,NULL,1),(5,310,1,NULL,1),(5,311,1,NULL,1),(5,312,1,NULL,1),(5,313,1,NULL,1),(5,314,1,NULL,1),(5,315,1,NULL,1),(5,316,1,NULL,1),(5,317,1,NULL,1),(5,318,1,NULL,1),(5,319,1,NULL,1),(5,320,1,NULL,1),(5,321,1,NULL,1),(5,322,1,NULL,1),(5,323,1,NULL,1),(5,324,1,NULL,1),(5,325,1,NULL,1),(5,326,1,NULL,1),(5,327,1,NULL,1),(5,328,1,NULL,1),(5,329,1,NULL,1),(5,330,1,NULL,1),(5,331,1,NULL,1),(5,332,1,NULL,1),(5,333,1,NULL,1),(5,334,1,NULL,1),(5,335,1,NULL,1),(5,336,1,NULL,1),(5,337,1,NULL,1),(5,338,1,NULL,1),(5,339,1,NULL,1),(5,340,1,NULL,1),(5,341,1,NULL,1),(5,342,1,NULL,1),(5,343,1,NULL,1),(5,344,1,NULL,1),(5,345,1,NULL,1),(5,346,1,NULL,1),(5,347,1,NULL,1),(5,348,1,NULL,1),(5,349,1,NULL,1),(5,350,1,NULL,1),(5,351,1,NULL,1),(5,352,1,NULL,1),(5,353,1,NULL,1),(5,354,1,NULL,1),(5,355,1,NULL,1),(5,356,1,NULL,1),(5,357,1,NULL,1),(5,358,1,NULL,1),(5,359,1,NULL,1),(5,360,1,NULL,1),(5,361,1,NULL,1),(5,362,1,NULL,1),(5,363,1,NULL,1),(5,364,1,NULL,1),(5,365,1,NULL,1),(5,366,1,NULL,1),(5,367,1,NULL,1),(5,369,1,NULL,1),(6,16,2,NULL,1),(6,16,1,NULL,3),(6,17,2,NULL,1),(6,17,1,NULL,3),(6,18,2,NULL,1),(6,18,1,NULL,3),(6,19,2,NULL,1),(6,19,1,NULL,3),(6,20,2,NULL,1),(6,20,1,NULL,3),(6,21,2,NULL,1),(6,21,1,NULL,3),(6,22,2,NULL,1),(6,22,1,NULL,3),(6,23,2,NULL,1),(6,23,1,NULL,3),(6,24,2,NULL,1),(6,24,1,NULL,3),(6,25,2,NULL,1),(6,25,1,NULL,3),(6,26,2,NULL,1),(6,26,1,NULL,3),(6,27,2,NULL,1),(6,27,1,NULL,3),(6,28,2,NULL,1),(6,28,1,NULL,3),(6,29,2,NULL,1),(6,29,1,NULL,3),(6,30,2,NULL,1),(6,30,1,NULL,3),(6,31,2,NULL,1),(6,31,1,NULL,3),(6,32,2,NULL,1),(6,32,1,NULL,3),(6,34,2,NULL,1),(6,34,1,NULL,3),(6,35,2,NULL,1),(6,35,1,NULL,3),(6,36,2,NULL,1),(6,36,1,NULL,3),(6,37,2,NULL,1),(6,37,1,NULL,3),(6,38,2,NULL,1),(6,38,1,NULL,3),(6,39,2,NULL,1),(6,39,1,NULL,3),(6,40,2,NULL,1),(6,40,1,NULL,3),(6,41,2,NULL,1),(6,41,1,NULL,3),(6,42,2,NULL,1),(6,42,1,NULL,3),(6,43,2,NULL,1),(6,43,1,NULL,3),(6,45,2,NULL,1),(6,45,1,NULL,3),(6,46,2,NULL,1),(6,46,1,NULL,3),(6,47,2,NULL,1),(6,47,1,NULL,3),(6,48,2,NULL,1),(6,48,1,NULL,3),(6,49,2,NULL,1),(6,49,1,NULL,3),(6,50,2,NULL,1),(6,50,1,NULL,3),(6,51,2,NULL,1),(6,51,1,NULL,3),(6,52,2,NULL,1),(6,52,1,NULL,3),(6,53,2,NULL,1),(6,53,1,NULL,3),(6,54,2,NULL,1),(6,54,1,NULL,3),(6,55,2,NULL,1),(6,55,1,NULL,3),(6,56,2,NULL,1),(6,56,1,NULL,3),(6,57,2,NULL,1),(6,57,1,NULL,3),(6,58,2,NULL,1),(6,58,1,NULL,3),(6,59,2,NULL,1),(6,59,1,NULL,3),(6,60,2,NULL,1),(6,60,1,NULL,3),(6,61,2,NULL,1),(6,61,1,NULL,3),(6,62,2,NULL,1),(6,62,1,NULL,3),(6,63,2,NULL,1),(6,63,1,NULL,3),(6,64,2,NULL,1),(6,64,1,NULL,3),(6,65,2,NULL,1),(6,65,1,NULL,3),(6,66,2,NULL,1),(6,66,1,NULL,3),(6,67,2,NULL,1),(6,67,1,NULL,3),(6,68,2,NULL,1),(6,68,1,NULL,3),(6,69,2,NULL,1),(6,69,1,NULL,3),(6,70,2,NULL,1),(6,70,1,NULL,3),(6,71,2,NULL,1),(6,71,1,NULL,3),(6,72,2,NULL,1),(6,72,1,NULL,3),(6,73,2,NULL,1),(6,73,1,NULL,3),(6,74,2,NULL,1),(6,74,1,NULL,3),(6,75,2,NULL,1),(6,75,1,NULL,3),(6,76,2,NULL,1),(6,76,1,NULL,3),(6,77,2,NULL,1),(6,77,1,NULL,3),(6,78,2,NULL,1),(6,78,1,NULL,3),(6,79,2,NULL,1),(6,79,1,NULL,3),(6,80,2,NULL,1),(6,80,1,NULL,3),(6,81,2,NULL,1),(6,81,1,NULL,3),(6,82,2,NULL,1),(6,82,1,NULL,3),(6,83,2,NULL,1),(6,83,1,NULL,3),(6,84,2,NULL,1),(6,84,1,NULL,3),(6,85,2,NULL,1),(6,85,1,NULL,3),(6,86,2,NULL,1),(6,86,1,NULL,3),(6,87,2,NULL,1),(6,87,1,NULL,3),(6,88,2,NULL,1),(6,88,1,NULL,3),(6,89,2,NULL,1),(6,89,1,NULL,3),(6,90,2,NULL,1),(6,90,1,NULL,3),(6,91,2,NULL,1),(6,91,1,NULL,3),(6,92,2,NULL,1),(6,92,1,NULL,3),(6,93,2,NULL,1),(6,93,1,NULL,3),(6,94,2,NULL,1),(6,94,1,NULL,3),(6,95,2,NULL,1),(6,95,1,NULL,3),(6,96,2,NULL,1),(6,96,1,NULL,3),(6,97,2,NULL,1),(6,97,1,NULL,3),(6,98,2,NULL,1),(6,98,1,NULL,3),(6,99,2,NULL,1),(6,99,1,NULL,3),(6,100,2,NULL,1),(6,100,1,NULL,3),(6,101,2,NULL,1),(6,101,1,NULL,3),(6,102,2,NULL,1),(6,102,1,NULL,3),(6,103,2,NULL,1),(6,103,1,NULL,3),(6,104,2,NULL,1),(6,104,1,NULL,3),(6,105,2,NULL,1),(6,105,1,NULL,3),(6,106,2,NULL,1),(6,106,1,NULL,3),(6,107,2,NULL,1),(6,107,1,NULL,3),(6,108,2,NULL,1),(6,108,1,NULL,3),(6,109,2,NULL,1),(6,109,1,NULL,3),(6,110,2,NULL,1),(6,110,1,NULL,3),(6,111,2,NULL,1),(6,111,1,NULL,3),(6,112,2,NULL,1),(6,112,1,NULL,3),(6,113,2,NULL,1),(6,113,1,NULL,3),(6,114,2,NULL,1),(6,114,1,NULL,3),(6,115,2,NULL,1),(6,115,1,NULL,3),(6,116,2,NULL,1),(6,116,1,NULL,3),(6,117,2,NULL,1),(6,117,1,NULL,3),(6,119,2,NULL,1),(6,119,1,NULL,3),(6,120,2,NULL,1),(6,120,1,NULL,3),(6,121,2,NULL,1),(6,121,1,NULL,3),(6,123,2,NULL,1),(6,123,1,NULL,3),(6,126,2,NULL,1),(6,126,1,NULL,3),(6,128,2,NULL,1),(6,128,1,NULL,3),(6,129,2,NULL,1),(6,129,1,NULL,3),(6,130,2,NULL,1),(6,130,1,NULL,3),(6,131,2,NULL,1),(6,131,1,NULL,3),(6,132,2,NULL,1),(6,132,1,NULL,3),(6,133,2,NULL,1),(6,133,1,NULL,3),(6,134,2,NULL,1),(6,134,1,NULL,3),(6,136,2,NULL,1),(6,136,1,NULL,3),(6,137,2,NULL,1),(6,137,1,NULL,3),(6,138,2,NULL,1),(6,138,1,NULL,3),(6,139,2,NULL,1),(6,139,1,NULL,3),(6,140,2,NULL,1),(6,140,1,NULL,3),(6,141,2,NULL,1),(6,141,1,NULL,3),(6,142,2,NULL,1),(6,142,1,NULL,3),(6,143,2,NULL,1),(6,143,1,NULL,3),(6,144,2,NULL,1),(6,144,1,NULL,3),(6,145,2,NULL,1),(6,145,1,NULL,3),(6,147,0,NULL,2),(6,148,2,NULL,2),(6,184,1,NULL,2),(6,186,2,NULL,1),(6,186,1,NULL,3),(6,187,2,NULL,1),(6,187,1,NULL,3),(6,188,2,NULL,1),(6,188,1,NULL,3),(6,189,2,NULL,1),(6,189,1,NULL,3),(6,190,2,NULL,1),(6,190,1,NULL,3),(6,191,2,NULL,1),(6,191,1,NULL,3),(6,192,2,NULL,1),(6,192,1,NULL,3),(6,193,2,NULL,1),(6,193,1,NULL,3),(6,194,2,NULL,1),(6,194,1,NULL,3),(6,195,2,NULL,1),(6,195,1,NULL,3),(6,196,2,NULL,1),(6,196,1,NULL,3),(6,197,2,NULL,1),(6,197,1,NULL,3),(6,198,2,NULL,1),(6,198,1,NULL,3),(6,199,2,NULL,1),(6,199,1,NULL,3),(6,200,2,NULL,1),(6,200,1,NULL,3),(6,201,2,NULL,1),(6,201,1,NULL,3),(6,202,2,NULL,1),(6,202,1,NULL,3),(6,205,2,NULL,1),(6,205,1,NULL,3),(6,206,2,NULL,1),(6,206,1,NULL,3),(6,207,2,NULL,1),(6,207,1,NULL,3),(6,210,2,NULL,1),(6,210,1,NULL,3),(6,211,2,NULL,1),(6,211,1,NULL,3),(6,212,2,NULL,1),(6,212,1,NULL,3),(6,214,2,NULL,1),(6,214,1,NULL,3),(6,215,2,NULL,1),(6,215,1,NULL,3),(6,216,2,NULL,1),(6,216,1,NULL,3),(6,217,2,NULL,1),(6,217,1,NULL,3),(6,218,2,NULL,1),(6,218,1,NULL,3),(6,219,2,NULL,1),(6,219,1,NULL,3),(6,220,2,NULL,1),(6,220,1,NULL,3),(6,222,2,NULL,1),(6,222,1,NULL,3),(6,223,2,NULL,1),(6,223,1,NULL,3),(6,224,2,NULL,1),(6,224,1,NULL,3),(6,225,2,NULL,1),(6,225,1,NULL,3),(6,226,2,NULL,1),(6,226,1,NULL,3),(6,227,2,NULL,1),(6,227,1,NULL,3),(6,231,2,NULL,1),(6,231,1,NULL,3),(6,232,2,NULL,1),(6,232,1,NULL,3),(6,233,2,NULL,1),(6,233,1,NULL,3),(6,234,2,NULL,1),(6,234,1,NULL,3),(6,237,2,NULL,1),(6,237,1,NULL,3),(6,238,2,NULL,1),(6,238,1,NULL,3),(6,239,2,NULL,1),(6,239,1,NULL,3),(6,240,2,NULL,1),(6,240,1,NULL,3),(6,241,2,NULL,1),(6,241,1,NULL,3),(6,242,2,NULL,1),(6,242,1,NULL,3),(6,243,2,NULL,1),(6,243,1,NULL,3),(6,244,2,NULL,1),(6,244,1,NULL,3),(6,245,2,NULL,1),(6,245,1,NULL,3),(6,246,2,NULL,1),(6,246,1,NULL,3),(6,247,2,NULL,1),(6,247,1,NULL,3),(6,248,2,NULL,1),(6,248,1,NULL,3),(6,249,2,NULL,1),(6,249,1,NULL,3),(6,250,2,NULL,1),(6,250,1,NULL,3),(6,252,2,NULL,1),(6,252,1,NULL,3),(6,253,2,NULL,1),(6,253,1,NULL,3),(6,254,2,NULL,1),(6,254,1,NULL,3),(6,255,2,NULL,1),(6,255,1,NULL,3),(6,256,2,NULL,1),(6,256,1,NULL,3),(6,257,2,NULL,1),(6,257,1,NULL,3),(6,258,2,NULL,1),(6,258,1,NULL,3),(6,259,2,NULL,1),(6,259,1,NULL,3),(6,260,2,NULL,1),(6,260,1,NULL,3),(6,261,2,NULL,1),(6,261,1,NULL,3),(6,262,2,NULL,1),(6,262,1,NULL,3),(6,263,2,NULL,1),(6,263,1,NULL,3),(6,264,2,NULL,1),(6,264,1,NULL,3),(6,265,2,NULL,1),(6,265,1,NULL,3),(6,266,2,NULL,1),(6,266,1,NULL,3),(6,267,2,NULL,1),(6,267,1,NULL,3),(6,268,2,NULL,1),(6,268,1,NULL,3),(6,269,2,NULL,1),(6,269,1,NULL,3),(6,270,2,NULL,1),(6,270,1,NULL,3),(6,271,2,NULL,1),(6,271,1,NULL,3),(6,272,2,NULL,1),(6,272,1,NULL,3),(6,273,2,NULL,1),(6,273,1,NULL,3),(6,274,2,NULL,1),(6,274,1,NULL,3),(6,275,2,NULL,1),(6,275,1,NULL,3),(6,276,2,NULL,1),(6,276,1,NULL,3),(6,277,2,NULL,1),(6,277,1,NULL,3),(6,278,2,NULL,1),(6,278,1,NULL,3),(6,279,2,NULL,1),(6,279,1,NULL,3),(6,280,2,NULL,1),(6,280,1,NULL,3),(6,281,2,NULL,1),(6,281,1,NULL,3),(6,282,2,NULL,1),(6,282,1,NULL,3),(6,283,2,NULL,1),(6,283,1,NULL,3),(6,284,2,NULL,1),(6,284,1,NULL,3),(6,285,2,NULL,1),(6,285,1,NULL,3),(6,287,2,NULL,1),(6,287,1,NULL,3),(6,288,2,NULL,1),(6,288,1,NULL,3),(6,289,2,NULL,1),(6,289,1,NULL,3),(6,290,2,NULL,1),(6,290,1,NULL,3),(6,292,2,NULL,1),(6,292,1,NULL,3),(6,294,1,NULL,3),(6,296,2,NULL,1),(6,296,1,NULL,3),(6,297,2,NULL,1),(6,297,1,NULL,3),(6,298,2,NULL,1),(6,298,1,NULL,3),(6,299,2,NULL,1),(6,299,1,NULL,3),(6,300,2,NULL,2),(6,301,2,NULL,1),(6,301,1,NULL,3),(6,302,2,NULL,1),(6,302,1,NULL,3),(6,305,2,NULL,1),(6,305,1,NULL,3),(6,307,2,NULL,1),(6,307,1,NULL,3),(6,308,2,NULL,1),(6,308,1,NULL,3),(6,309,2,NULL,1),(6,309,1,NULL,3),(6,310,2,NULL,1),(6,310,1,NULL,3),(6,311,2,NULL,1),(6,311,1,NULL,3),(6,312,2,NULL,1),(6,312,1,NULL,3),(6,313,2,NULL,1),(6,313,1,NULL,3),(6,314,2,NULL,1),(6,314,1,NULL,3),(6,315,2,NULL,1),(6,315,1,NULL,3),(6,316,2,NULL,1),(6,316,1,NULL,3),(6,317,2,NULL,1),(6,317,1,NULL,3),(6,318,2,NULL,1),(6,318,1,NULL,3),(6,319,2,NULL,1),(6,319,1,NULL,3),(6,320,2,NULL,1),(6,320,1,NULL,3),(6,321,2,NULL,1),(6,321,1,NULL,3),(6,322,2,NULL,1),(6,322,1,NULL,3),(6,323,2,NULL,1),(6,323,1,NULL,3),(6,324,2,NULL,1),(6,324,1,NULL,3),(6,325,2,NULL,1),(6,325,1,NULL,3),(6,326,2,NULL,1),(6,326,1,NULL,3),(6,327,2,NULL,1),(6,327,1,NULL,3),(6,328,2,NULL,1),(6,328,1,NULL,3),(6,329,2,NULL,1),(6,329,1,NULL,3),(6,330,2,NULL,1),(6,330,1,NULL,3),(6,331,2,NULL,1),(6,331,1,NULL,3),(6,332,2,NULL,1),(6,332,1,NULL,3),(6,333,2,NULL,1),(6,333,1,NULL,3),(6,334,2,NULL,1),(6,334,1,NULL,3),(6,335,2,NULL,1),(6,335,1,NULL,3),(6,336,2,NULL,1),(6,336,1,NULL,3),(6,337,2,NULL,1),(6,337,1,NULL,3),(6,338,2,NULL,1),(6,338,1,NULL,3),(6,339,2,NULL,1),(6,339,1,NULL,3),(6,340,2,NULL,1),(6,340,1,NULL,3),(6,341,2,NULL,1),(6,341,1,NULL,3),(6,342,2,NULL,1),(6,342,1,NULL,3),(6,343,2,NULL,1),(6,343,1,NULL,3),(6,344,2,NULL,1),(6,344,1,NULL,3),(6,345,2,NULL,1),(6,345,1,NULL,3),(6,346,2,NULL,1),(6,346,1,NULL,3),(6,347,2,NULL,1),(6,347,1,NULL,3),(6,348,2,NULL,1),(6,348,1,NULL,3),(6,349,2,NULL,1),(6,349,1,NULL,3),(6,350,2,NULL,1),(6,350,1,NULL,3),(6,351,2,NULL,1),(6,351,1,NULL,3),(6,352,2,NULL,1),(6,352,1,NULL,3),(6,353,2,NULL,1),(6,353,1,NULL,3),(6,354,2,NULL,1),(6,354,1,NULL,3),(6,355,2,NULL,1),(6,355,1,NULL,3),(6,356,2,NULL,1),(6,356,1,NULL,3),(6,357,2,NULL,1),(6,357,1,NULL,3),(6,358,2,NULL,1),(6,358,1,NULL,3),(6,359,2,NULL,1),(6,359,1,NULL,3),(6,360,2,NULL,1),(6,360,1,NULL,3),(6,361,2,NULL,1),(6,361,1,NULL,3),(6,362,2,NULL,1),(6,362,1,NULL,3),(6,363,2,NULL,1),(6,363,1,NULL,3),(6,364,2,NULL,1),(6,364,1,NULL,3),(6,365,2,NULL,1),(6,365,1,NULL,3),(6,366,2,NULL,1),(6,366,1,NULL,3),(6,367,2,NULL,1),(6,367,1,NULL,3),(6,369,2,NULL,1),(6,369,1,NULL,3),(7,146,2,NULL,2),(7,180,2,NULL,2),(7,184,2,NULL,2),(8,294,1,NULL,2),(8,304,2,NULL,2),(9,147,1,NULL,1),(9,294,2,NULL,2),(9,300,2,NULL,3);
/*!40000 ALTER TABLE `AreaEncuesta` ENABLE KEYS */;
UNLOCK TABLES;

--
-- Table structure for table `AreaProfesional`
--

DROP TABLE IF EXISTS `AreaProfesional`;
/*!40101 SET @saved_cs_client     = @@character_set_client */;
/*!40101 SET character_set_client = utf8 */;
CREATE TABLE `AreaProfesional` (
  `idAreaProfesional` int(11) NOT NULL,
  `area` varchar(45) DEFAULT NULL,
  PRIMARY KEY (`idAreaProfesional`)
) ENGINE=InnoDB DEFAULT CHARSET=utf8;
/*!40101 SET character_set_client = @saved_cs_client */;

--
-- Dumping data for table `AreaProfesional`
--

LOCK TABLES `AreaProfesional` WRITE;
/*!40000 ALTER TABLE `AreaProfesional` DISABLE KEYS */;
INSERT INTO `AreaProfesional` VALUES (0,'INGENIERIA_ARQUITECTURA_URBANISMO Y AFINES'),(1,'AGRONOMIA VETERINARIA Y AFINES'),(2,'ECONOMIA_ADMINISTRACION_CONTADURIA Y AFINES'),(3,'CIENCIAS DE LA SALUD'),(4,'CIENCIAS SOCIALES Y HUMANAS'),(5,'BELLAS ARTES'),(6,'FUERZA MILITAR'),(7,'CIENCIAS DE LA EDUCACION'),(8,'MATEMATICAS Y CIENCIAS NATURALES'),(9,'NO SE');
/*!40000 ALTER TABLE `AreaProfesional` ENABLE KEYS */;
UNLOCK TABLES;

--
-- Table structure for table `Ciudad`
--

DROP TABLE IF EXISTS `Ciudad`;
/*!40101 SET @saved_cs_client     = @@character_set_client */;
/*!40101 SET character_set_client = utf8 */;
CREATE TABLE `Ciudad` (
  `idCiudad` int(11) NOT NULL AUTO_INCREMENT,
  `nombre` varchar(45) DEFAULT NULL,
  `idDepartamento` int(11) NOT NULL,
  PRIMARY KEY (`idCiudad`),
  KEY `fk_Ciudad_Departamento1_idx` (`idDepartamento`),
  CONSTRAINT `fk_Ciudad_Departamento1` FOREIGN KEY (`idDepartamento`) REFERENCES `Departamento` (`idDepartamento`) ON DELETE NO ACTION ON UPDATE NO ACTION
) ENGINE=InnoDB AUTO_INCREMENT=1121 DEFAULT CHARSET=utf8;
/*!40101 SET character_set_client = @saved_cs_client */;

--
-- Dumping data for table `Ciudad`
--

LOCK TABLES `Ciudad` WRITE;
/*!40000 ALTER TABLE `Ciudad` DISABLE KEYS */;
INSERT INTO `Ciudad` VALUES (1,'LETICIA',1),(2,'EL ENCANTO',1),(3,'LA CHORRERA',1),(4,'LA PEDRERA',1),(5,'LA VICTORIA',1),(6,'MIRITI - PARANA',1),(7,'PUERTO ALEGRIA',1),(8,'PUERTO ARICA',1),(9,'PUERTO NARIÑO',1),(10,'PUERTO SANTANDER',1),(11,'TARAPACA',1),(12,'MEDELLIN',2),(13,'ABEJORRAL',2),(14,'ABRIAQUI',2),(15,'ALEJANDRIA',2),(16,'AMAGA',2),(17,'AMALFI',2),(18,'ANDES',2),(19,'ANGELOPOLIS',2),(20,'ANGOSTURA',2),(21,'ANORI',2),(22,'SANTAFE DE ANTIOQUIA',2),(23,'ANZA',2),(24,'APARTADO',2),(25,'ARBOLETES',2),(26,'ARGELIA',2),(27,'ARMENIA',2),(28,'BARBOSA',2),(29,'BELMIRA',2),(30,'BELLO',2),(31,'BETANIA',2),(32,'BETULIA',2),(33,'CIUDAD BOLIVAR',2),(34,'BRICEÑO',2),(35,'BURITICA',2),(36,'CACERES',2),(37,'CAICEDO',2),(38,'CALDAS',2),(39,'CAMPAMENTO',2),(40,'CAÑASGORDAS',2),(41,'CARACOLI',2),(42,'CARAMANTA',2),(43,'CAREPA',2),(44,'EL CARMEN DE VIBORAL',2),(45,'CAROLINA',2),(46,'CAUCASIA',2),(47,'CHIGORODO',2),(48,'CISNEROS',2),(49,'COCORNA',2),(50,'CONCEPCION',2),(51,'CONCORDIA',2),(52,'COPACABANA',2),(53,'DABEIBA',2),(54,'DON MATIAS',2),(55,'EBEJICO',2),(56,'EL BAGRE',2),(57,'ENTRERRIOS',2),(58,'ENVIGADO',2),(59,'FREDONIA',2),(60,'FRONTINO',2),(61,'GIRALDO',2),(62,'GIRARDOTA',2),(63,'GOMEZ PLATA',2),(64,'GRANADA',2),(65,'GUADALUPE',2),(66,'GUARNE',2),(67,'GUATAPE',2),(68,'HELICONIA',2),(69,'HISPANIA',2),(70,'ITAGUI',2),(71,'ITUANGO',2),(72,'JARDIN',2),(73,'JERICO',2),(74,'LA CEJA',2),(75,'LA ESTRELLA',2),(76,'LA PINTADA',2),(77,'LA UNION',2),(78,'LIBORINA',2),(79,'MACEO',2),(80,'MARINILLA',2),(81,'MONTEBELLO',2),(82,'MURINDO',2),(83,'MUTATA',2),(84,'NARIÑO',2),(85,'NECOCLI',2),(86,'NECHI',2),(87,'OLAYA',2),(88,'PEÐOL',2),(89,'PEQUE',2),(90,'PUEBLORRICO',2),(91,'PUERTO BERRIO',2),(92,'PUERTO NARE',2),(93,'PUERTO TRIUNFO',2),(94,'REMEDIOS',2),(95,'RETIRO',2),(96,'RIONEGRO',2),(97,'SABANALARGA',2),(98,'SABANETA',2),(99,'SALGAR',2),(100,'SAN ANDRES DE CUERQUIA',2),(101,'SAN CARLOS',2),(102,'SAN FRANCISCO',2),(103,'SAN JERONIMO',2),(104,'SAN JOSE DE LA MONTAÑA',2),(105,'SAN JUAN DE URABA',2),(106,'SAN LUIS',2),(107,'SAN PEDRO',2),(108,'SAN PEDRO DE URABA',2),(109,'SAN RAFAEL',2),(110,'SAN ROQUE',2),(111,'SAN VICENTE',2),(112,'SANTA BARBARA',2),(113,'SANTA ROSA DE OSOS',2),(114,'SANTO DOMINGO',2),(115,'EL SANTUARIO',2),(116,'SEGOVIA',2),(117,'SONSON',2),(118,'SOPETRAN',2),(119,'TAMESIS',2),(120,'TARAZA',2),(121,'TARSO',2),(122,'TITIRIBI',2),(123,'TOLEDO',2),(124,'TURBO',2),(125,'URAMITA',2),(126,'URRAO',2),(127,'VALDIVIA',2),(128,'VALPARAISO',2),(129,'VEGACHI',2),(130,'VENECIA',2),(131,'VIGIA DEL FUERTE',2),(132,'YALI',2),(133,'YARUMAL',2),(134,'YOLOMBO',2),(135,'YONDO',2),(136,'ZARAGOZA',2),(137,'ARAUCA',3),(138,'ARAUQUITA',3),(139,'CRAVO NORTE',3),(140,'FORTUL',3),(141,'PUERTO RONDON',3),(142,'SARAVENA',3),(143,'TAME',3),(144,'BARRANQUILLA',4),(145,'BARANOA',4),(146,'CAMPO DE LA CRUZ',4),(147,'CANDELARIA',4),(148,'GALAPA',4),(149,'JUAN DE ACOSTA',4),(150,'LURUACO',4),(151,'MALAMBO',4),(152,'MANATI',4),(153,'PALMAR DE VARELA',4),(154,'PIOJO',4),(155,'POLONUEVO',4),(156,'PONEDERA',4),(157,'PUERTO COLOMBIA',4),(158,'REPELON',4),(159,'SABANAGRANDE',4),(160,'SABANALARGA',4),(161,'SANTA LUCIA',4),(162,'SANTO TOMAS',4),(163,'SOLEDAD',4),(164,'SUAN',4),(165,'TUBARA',4),(166,'USIACURI',4),(167,'CARTAGENA',5),(168,'ACHI',5),(169,'ALTOS DEL ROSARIO',5),(170,'ARENAL',5),(171,'ARJONA',5),(172,'ARROYOHONDO',5),(173,'BARRANCO DE LOBA',5),(174,'CALAMAR',5),(175,'CANTAGALLO',5),(176,'CICUCO',5),(177,'CORDOBA',5),(178,'CLEMENCIA',5),(179,'EL CARMEN DE BOLIVAR',5),(180,'EL GUAMO',5),(181,'EL PEÑON',5),(182,'HATILLO DE LOBA',5),(183,'MAGANGUE',5),(184,'MAHATES',5),(185,'MARGARITA',5),(186,'MARIA LA BAJA',5),(187,'MONTECRISTO',5),(188,'MOMPOS',5),(189,'NOROSI',5),(190,'MORALES',5),(191,'PINILLOS',5),(192,'REGIDOR',5),(193,'RIO VIEJO',5),(194,'SAN CRISTOBAL',5),(195,'SAN ESTANISLAO',5),(196,'SAN FERNANDO',5),(197,'SAN JACINTO',5),(198,'SAN JACINTO DEL CAUCA',5),(199,'SAN JUAN NEPOMUCENO',5),(200,'SAN MARTIN DE LOBA',5),(201,'SAN PABLO',5),(202,'SANTA CATALINA',5),(203,'SANTA ROSA',5),(204,'SANTA ROSA DEL SUR',5),(205,'SIMITI',5),(206,'SOPLAVIENTO',5),(207,'TALAIGUA NUEVO',5),(208,'TIQUISIO',5),(209,'TURBACO',5),(210,'TURBANA',5),(211,'VILLANUEVA',5),(212,'ZAMBRANO',5),(213,'TUNJA',6),(214,'ALMEIDA',6),(215,'AQUITANIA',6),(216,'ARCABUCO',6),(217,'BELEN',6),(218,'BERBEO',6),(219,'BETEITIVA',6),(220,'BOAVITA',6),(221,'BOYACA',6),(222,'BRICEÑO',6),(223,'BUENAVISTA',6),(224,'BUSBANZA',6),(225,'CALDAS',6),(226,'CAMPOHERMOSO',6),(227,'CERINZA',6),(228,'CHINAVITA',6),(229,'CHIQUINQUIRA',6),(230,'CHISCAS',6),(231,'CHITA',6),(232,'CHITARAQUE',6),(233,'CHIVATA',6),(234,'CIENEGA',6),(235,'COMBITA',6),(236,'COPER',6),(237,'CORRALES',6),(238,'COVARACHIA',6),(239,'CUBARA',6),(240,'CUCAITA',6),(241,'CUITIVA',6),(242,'CHIQUIZA',6),(243,'CHIVOR',6),(244,'DUITAMA',6),(245,'EL COCUY',6),(246,'EL ESPINO',6),(247,'FIRAVITOBA',6),(248,'FLORESTA',6),(249,'GACHANTIVA',6),(250,'GAMEZA',6),(251,'GARAGOA',6),(252,'GUACAMAYAS',6),(253,'GUATEQUE',6),(254,'GUAYATA',6),(255,'GsICAN',6),(256,'IZA',6),(257,'JENESANO',6),(258,'JERICO',6),(259,'LABRANZAGRANDE',6),(260,'LA CAPILLA',6),(261,'LA VICTORIA',6),(262,'LA UVITA',6),(263,'VILLA DE LEYVA',6),(264,'MACANAL',6),(265,'MARIPI',6),(266,'MIRAFLORES',6),(267,'MONGUA',6),(268,'MONGUI',6),(269,'MONIQUIRA',6),(270,'MOTAVITA',6),(271,'MUZO',6),(272,'NOBSA',6),(273,'NUEVO COLON',6),(274,'OICATA',6),(275,'OTANCHE',6),(276,'PACHAVITA',6),(277,'PAEZ',6),(278,'PAIPA',6),(279,'PAJARITO',6),(280,'PANQUEBA',6),(281,'PAUNA',6),(282,'PAYA',6),(283,'PAZ DE RIO',6),(284,'PESCA',6),(285,'PISBA',6),(286,'PUERTO BOYACA',6),(287,'QUIPAMA',6),(288,'RAMIRIQUI',6),(289,'RAQUIRA',6),(290,'RONDON',6),(291,'SABOYA',6),(292,'SACHICA',6),(293,'SAMACA',6),(294,'SAN EDUARDO',6),(295,'SAN JOSE DE PARE',6),(296,'SAN LUIS DE GACENO',6),(297,'SAN MATEO',6),(298,'SAN MIGUEL DE SEMA',6),(299,'SAN PABLO DE BORBUR',6),(300,'SANTANA',6),(301,'SANTA MARIA',6),(302,'SANTA ROSA DE VITERBO',6),(303,'SANTA SOFIA',6),(304,'SATIVANORTE',6),(305,'SATIVASUR',6),(306,'SIACHOQUE',6),(307,'SOATA',6),(308,'SOCOTA',6),(309,'SOCHA',6),(310,'SOGAMOSO',6),(311,'SOMONDOCO',6),(312,'SORA',6),(313,'SOTAQUIRA',6),(314,'SORACA',6),(315,'SUSACON',6),(316,'SUTAMARCHAN',6),(317,'SUTATENZA',6),(318,'TASCO',6),(319,'TENZA',6),(320,'TIBANA',6),(321,'TIBASOSA',6),(322,'TINJACA',6),(323,'TIPACOQUE',6),(324,'TOCA',6),(325,'TOGsI',6),(326,'TOPAGA',6),(327,'TOTA',6),(328,'TUNUNGUA',6),(329,'TURMEQUE',6),(330,'TUTA',6),(331,'TUTAZA',6),(332,'UMBITA',6),(333,'VENTAQUEMADA',6),(334,'VIRACACHA',6),(335,'ZETAQUIRA',6),(336,'MANIZALES',7),(337,'AGUADAS',7),(338,'ANSERMA',7),(339,'ARANZAZU',7),(340,'BELALCAZAR',7),(341,'CHINCHINA',7),(342,'FILADELFIA',7),(343,'LA DORADA',7),(344,'LA MERCED',7),(345,'MANZANARES',7),(346,'MARMATO',7),(347,'MARQUETALIA',7),(348,'MARULANDA',7),(349,'NEIRA',7),(350,'NORCASIA',7),(351,'PACORA',7),(352,'PALESTINA',7),(353,'PENSILVANIA',7),(354,'RIOSUCIO',7),(355,'RISARALDA',7),(356,'SALAMINA',7),(357,'SAMANA',7),(358,'SAN JOSE',7),(359,'SUPIA',7),(360,'VICTORIA',7),(361,'VILLAMARIA',7),(362,'VITERBO',7),(363,'FLORENCIA',8),(364,'ALBANIA',8),(365,'BELEN DE LOS ANDAQUIES',8),(366,'CARTAGENA DEL CHAIRA',8),(367,'CURILLO',8),(368,'EL DONCELLO',8),(369,'EL PAUJIL',8),(370,'LA MONTAÑITA',8),(371,'MILAN',8),(372,'MORELIA',8),(373,'PUERTO RICO',8),(374,'SAN JOSE DEL FRAGUA',8),(375,'SAN VICENTE DEL CAGUAN',8),(376,'SOLANO',8),(377,'SOLITA',8),(378,'VALPARAISO',8),(379,'YOPAL',9),(380,'AGUAZUL',9),(381,'CHAMEZA',9),(382,'HATO COROZAL',9),(383,'LA SALINA',9),(384,'MANI',9),(385,'MONTERREY',9),(386,'NUNCHIA',9),(387,'OROCUE',9),(388,'PAZ DE ARIPORO',9),(389,'PORE',9),(390,'RECETOR',9),(391,'SABANALARGA',9),(392,'SACAMA',9),(393,'SAN LUIS DE PALENQUE',9),(394,'TAMARA',9),(395,'TAURAMENA',9),(396,'TRINIDAD',9),(397,'VILLANUEVA',9),(398,'POPAYAN',10),(399,'ALMAGUER',10),(400,'ARGELIA',10),(401,'BALBOA',10),(402,'BOLIVAR',10),(403,'BUENOS AIRES',10),(404,'CAJIBIO',10),(405,'CALDONO',10),(406,'CALOTO',10),(407,'CORINTO',10),(408,'EL TAMBO',10),(409,'FLORENCIA',10),(410,'GUACHENE',10),(411,'GUAPI',10),(412,'INZA',10),(413,'JAMBALO',10),(414,'LA SIERRA',10),(415,'LA VEGA',10),(416,'LOPEZ',10),(417,'MERCADERES',10),(418,'MIRANDA',10),(419,'MORALES',10),(420,'PADILLA',10),(421,'PAEZ',10),(422,'PATIA',10),(423,'PIAMONTE',10),(424,'PIENDAMO',10),(425,'PUERTO TEJADA',10),(426,'PURACE',10),(427,'ROSAS',10),(428,'SAN SEBASTIAN',10),(429,'SANTANDER DE QUILICHAO',10),(430,'SANTA ROSA',10),(431,'SILVIA',10),(432,'SOTARA',10),(433,'SUAREZ',10),(434,'SUCRE',10),(435,'TIMBIO',10),(436,'TIMBIQUI',10),(437,'TORIBIO',10),(438,'TOTORO',10),(439,'VILLA RICA',10),(440,'VALLEDUPAR',11),(441,'AGUACHICA',11),(442,'AGUSTIN CODAZZI',11),(443,'ASTREA',11),(444,'BECERRIL',11),(445,'BOSCONIA',11),(446,'CHIMICHAGUA',11),(447,'CHIRIGUANA',11),(448,'CURUMANI',11),(449,'EL COPEY',11),(450,'EL PASO',11),(451,'GAMARRA',11),(452,'GONZALEZ',11),(453,'LA GLORIA',11),(454,'LA JAGUA DE IBIRICO',11),(455,'MANAURE',11),(456,'PAILITAS',11),(457,'PELAYA',11),(458,'PUEBLO BELLO',11),(459,'RIO DE ORO',11),(460,'LA PAZ',11),(461,'SAN ALBERTO',11),(462,'SAN DIEGO',11),(463,'SAN MARTIN',11),(464,'TAMALAMEQUE',11),(465,'QUIBDO',12),(466,'ACANDI',12),(467,'ALTO BAUDO',12),(468,'ATRATO',12),(469,'BAGADO',12),(470,'BAHIA SOLANO',12),(471,'BAJO BAUDO',12),(472,'BOJAYA',12),(473,'EL CANTON DEL SAN PABLO',12),(474,'CARMEN DEL DARIEN',12),(475,'CERTEGUI',12),(476,'CONDOTO',12),(477,'EL CARMEN DE ATRATO',12),(478,'EL LITORAL DEL SAN JUAN',12),(479,'ISTMINA',12),(480,'JURADO',12),(481,'LLORO',12),(482,'MEDIO ATRATO',12),(483,'MEDIO BAUDO',12),(484,'MEDIO SAN JUAN',12),(485,'NOVITA',12),(486,'NUQUI',12),(487,'RIO IRO',12),(488,'RIO QUITO',12),(489,'RIOSUCIO',12),(490,'SAN JOSE DEL PALMAR',12),(491,'SIPI',12),(492,'TADO',12),(493,'UNGUIA',12),(494,'UNION PANAMERICANA',12),(495,'MONTERIA',13),(496,'AYAPEL',13),(497,'BUENAVISTA',13),(498,'CANALETE',13),(499,'CERETE',13),(500,'CHIMA',13),(501,'CHINU',13),(502,'CIENAGA DE ORO',13),(503,'COTORRA',13),(504,'LA APARTADA',13),(505,'LORICA',13),(506,'LOS CORDOBAS',13),(507,'MOMIL',13),(508,'MONTELIBANO',13),(509,'MOÑITOS',13),(510,'PLANETA RICA',13),(511,'PUEBLO NUEVO',13),(512,'PUERTO ESCONDIDO',13),(513,'PUERTO LIBERTADOR',13),(514,'PURISIMA',13),(515,'SAHAGUN',13),(516,'SAN ANDRES SOTAVENTO',13),(517,'SAN ANTERO',13),(518,'SAN BERNARDO DEL VIENTO',13),(519,'SAN CARLOS',13),(520,'SAN PELAYO',13),(521,'TIERRALTA',13),(522,'VALENCIA',13),(523,'AGUA DE DIOS',14),(524,'ALBAN',14),(525,'BOGOTA',14),(526,'ANAPOIMA',14),(527,'ANOLAIMA',14),(528,'ARBELAEZ',14),(529,'BELTRAN',14),(530,'BITUIMA',14),(531,'BOJACA',14),(532,'CABRERA',14),(533,'CACHIPAY',14),(534,'CAJICA',14),(535,'CAPARRAPI',14),(536,'CAQUEZA',14),(537,'CARMEN DE CARUPA',14),(538,'CHAGUANI',14),(539,'CHIA',14),(540,'CHIPAQUE',14),(541,'CHOACHI',14),(542,'CHOCONTA',14),(543,'COGUA',14),(544,'COTA',14),(545,'CUCUNUBA',14),(546,'EL COLEGIO',14),(547,'EL PEÑON',14),(548,'EL ROSAL',14),(549,'FACATATIVA',14),(550,'FOMEQUE',14),(551,'FOSCA',14),(552,'FUNZA',14),(553,'FUQUENE',14),(554,'FUSAGASUGA',14),(555,'GACHALA',14),(556,'GACHANCIPA',14),(557,'GACHETA',14),(558,'GAMA',14),(559,'GIRARDOT',14),(560,'GRANADA',14),(561,'GUACHETA',14),(562,'GUADUAS',14),(563,'GUASCA',14),(564,'GUATAQUI',14),(565,'GUATAVITA',14),(566,'GUAYABAL DE SIQUIMA',14),(567,'GUAYABETAL',14),(568,'GUTIERREZ',14),(569,'JERUSALEN',14),(570,'JUNIN',14),(571,'LA CALERA',14),(572,'LA MESA',14),(573,'LA PALMA',14),(574,'LA PEÑA',14),(575,'LA VEGA',14),(576,'LENGUAZAQUE',14),(577,'MACHETA',14),(578,'MADRID',14),(579,'MANTA',14),(580,'MEDINA',14),(581,'MOSQUERA',14),(582,'NARIÑO',14),(583,'NEMOCON',14),(584,'NILO',14),(585,'NIMAIMA',14),(586,'NOCAIMA',14),(587,'VENECIA',14),(588,'PACHO',14),(589,'PAIME',14),(590,'PANDI',14),(591,'PARATEBUENO',14),(592,'PASCA',14),(593,'PUERTO SALGAR',14),(594,'PULI',14),(595,'QUEBRADANEGRA',14),(596,'QUETAME',14),(597,'QUIPILE',14),(598,'APULO',14),(599,'RICAURTE',14),(600,'SAN ANTONIO DEL TEQUENDAMA',14),(601,'SAN BERNARDO',14),(602,'SAN CAYETANO',14),(603,'SAN FRANCISCO',14),(604,'SAN JUAN DE RIO SECO',14),(605,'SASAIMA',14),(606,'SESQUILE',14),(607,'SIBATE',14),(608,'SILVANIA',14),(609,'SIMIJACA',14),(610,'SOACHA',14),(611,'SOPO',14),(612,'SUBACHOQUE',14),(613,'SUESCA',14),(614,'SUPATA',14),(615,'SUSA',14),(616,'SUTATAUSA',14),(617,'TABIO',14),(618,'TAUSA',14),(619,'TENA',14),(620,'TENJO',14),(621,'TIBACUY',14),(622,'TIBIRITA',14),(623,'TOCAIMA',14),(624,'TOCANCIPA',14),(625,'TOPAIPI',14),(626,'UBALA',14),(627,'UBAQUE',14),(628,'VILLA DE SAN DIEGO DE UBATE',14),(629,'UNE',14),(630,'UTICA',14),(631,'VERGARA',14),(632,'VIANI',14),(633,'VILLAGOMEZ',14),(634,'VILLAPINZON',14),(635,'VILLETA',14),(636,'VIOTA',14),(637,'YACOPI',14),(638,'ZIPACON',14),(639,'ZIPAQUIRA',14),(640,'INIRIDA',15),(641,'BARRANCO MINAS',15),(642,'MAPIRIPANA',15),(643,'SAN FELIPE',15),(644,'PUERTO COLOMBIA',15),(645,'LA GUADALUPE',15),(646,'CACAHUAL',15),(647,'PANA PANA',15),(648,'MORICHAL',15),(649,'SAN JOSE DEL GUAVIARE',16),(650,'CALAMAR',16),(651,'EL RETORNO',16),(652,'MIRAFLORES',16),(653,'NEIVA',17),(654,'ACEVEDO',17),(655,'AGRADO',17),(656,'AIPE',17),(657,'ALGECIRAS',17),(658,'ALTAMIRA',17),(659,'BARAYA',17),(660,'CAMPOALEGRE',17),(661,'COLOMBIA',17),(662,'ELIAS',17),(663,'GARZON',17),(664,'GIGANTE',17),(665,'GUADALUPE',17),(666,'HOBO',17),(667,'IQUIRA',17),(668,'ISNOS',17),(669,'LA ARGENTINA',17),(670,'LA PLATA',17),(671,'NATAGA',17),(672,'OPORAPA',17),(673,'PAICOL',17),(674,'PALERMO',17),(675,'PALESTINA',17),(676,'PITAL',17),(677,'PITALITO',17),(678,'RIVERA',17),(679,'SALADOBLANCO',17),(680,'SAN AGUSTIN',17),(681,'SANTA MARIA',17),(682,'SUAZA',17),(683,'TARQUI',17),(684,'TESALIA',17),(685,'TELLO',17),(686,'TERUEL',17),(687,'TIMANA',17),(688,'VILLAVIEJA',17),(689,'YAGUARA',17),(690,'RIOHACHA',18),(691,'ALBANIA',18),(692,'BARRANCAS',18),(693,'DIBULLA',18),(694,'DISTRACCION',18),(695,'EL MOLINO',18),(696,'FONSECA',18),(697,'HATONUEVO',18),(698,'LA JAGUA DEL PILAR',18),(699,'MAICAO',18),(700,'MANAURE',18),(701,'SAN JUAN DEL CESAR',18),(702,'URIBIA',18),(703,'URUMITA',18),(704,'VILLANUEVA',18),(705,'SANTA MARTA',19),(706,'ALGARROBO',19),(707,'ARACATACA',19),(708,'ARIGUANI',19),(709,'CERRO SAN ANTONIO',19),(710,'CHIBOLO',19),(711,'CIENAGA',19),(712,'CONCORDIA',19),(713,'EL BANCO',19),(714,'EL PIÑON',19),(715,'EL RETEN',19),(716,'FUNDACION',19),(717,'GUAMAL',19),(718,'NUEVA GRANADA',19),(719,'PEDRAZA',19),(720,'PIJIÑO DEL CARMEN',19),(721,'PIVIJAY',19),(722,'PLATO',19),(723,'PUEBLOVIEJO',19),(724,'REMOLINO',19),(725,'SABANAS DE SAN ANGEL',19),(726,'SALAMINA',19),(727,'SAN SEBASTIAN DE BUENAVISTA',19),(728,'SAN ZENON',19),(729,'SANTA ANA',19),(730,'SANTA BARBARA DE PINTO',19),(731,'SITIONUEVO',19),(732,'TENERIFE',19),(733,'ZAPAYAN',19),(734,'ZONA BANANERA',19),(735,'VILLAVICENCIO',20),(736,'ACACIAS',20),(737,'BARRANCA DE UPIA',20),(738,'CABUYARO',20),(739,'CASTILLA LA NUEVA',20),(740,'CUBARRAL',20),(741,'CUMARAL',20),(742,'EL CALVARIO',20),(743,'EL CASTILLO',20),(744,'EL DORADO',20),(745,'FUENTE DE ORO',20),(746,'GRANADA',20),(747,'GUAMAL',20),(748,'MAPIRIPAN',20),(749,'MESETAS',20),(750,'LA MACARENA',20),(751,'URIBE',20),(752,'LEJANIAS',20),(753,'PUERTO CONCORDIA',20),(754,'PUERTO GAITAN',20),(755,'PUERTO LOPEZ',20),(756,'PUERTO LLERAS',20),(757,'PUERTO RICO',20),(758,'RESTREPO',20),(759,'SAN CARLOS DE GUAROA',20),(760,'SAN JUAN DE ARAMA',20),(761,'SAN JUANITO',20),(762,'SAN MARTIN',20),(763,'VISTAHERMOSA',20),(764,'CUCUTA',21),(765,'ABREGO',21),(766,'ARBOLEDAS',21),(767,'BOCHALEMA',21),(768,'BUCARASICA',21),(769,'CACOTA',21),(770,'CACHIRA',21),(771,'CHINACOTA',21),(772,'CHITAGA',21),(773,'CONVENCION',21),(774,'CUCUTILLA',21),(775,'DURANIA',21),(776,'EL CARMEN',21),(777,'EL TARRA',21),(778,'EL ZULIA',21),(779,'GRAMALOTE',21),(780,'HACARI',21),(781,'HERRAN',21),(782,'LABATECA',21),(783,'LA ESPERANZA',21),(784,'LA PLAYA',21),(785,'LOS PATIOS',21),(786,'LOURDES',21),(787,'MUTISCUA',21),(788,'OCAÑA',21),(789,'PAMPLONA',21),(790,'PAMPLONITA',21),(791,'PUERTO SANTANDER',21),(792,'RAGONVALIA',21),(793,'SALAZAR',21),(794,'SAN CALIXTO',21),(795,'SAN CAYETANO',21),(796,'SANTIAGO',21),(797,'SARDINATA',21),(798,'SILOS',21),(799,'TEORAMA',21),(800,'TIBU',21),(801,'TOLEDO',21),(802,'VILLA CARO',21),(803,'VILLA DEL ROSARIO',22),(804,'PASTO',22),(805,'ALBAN',22),(806,'ALDANA',22),(807,'ANCUYA',22),(808,'ARBOLEDA',22),(809,'BARBACOAS',22),(810,'BELEN',22),(811,'BUESACO',22),(812,'COLON',22),(813,'CONSACA',22),(814,'CONTADERO',22),(815,'CORDOBA',22),(816,'CUASPUD',22),(817,'CUMBAL',22),(818,'CUMBITARA',22),(819,'CHACHAGsI',22),(820,'EL CHARCO',22),(821,'EL PEÑOL',22),(822,'EL ROSARIO',22),(823,'EL TABLON DE GOMEZ',22),(824,'EL TAMBO',22),(825,'FUNES',22),(826,'GUACHUCAL',22),(827,'GUAITARILLA',22),(828,'GUALMATAN',22),(829,'ILES',22),(830,'IMUES',22),(831,'IPIALES',22),(832,'LA CRUZ',22),(833,'LA FLORIDA',22),(834,'LA LLANADA',22),(835,'LA TOLA',22),(836,'LA UNION',22),(837,'LEIVA',22),(838,'LINARES',22),(839,'LOS ANDES',22),(840,'MAGsI',22),(841,'MALLAMA',22),(842,'MOSQUERA',22),(843,'NARIÑO',22),(844,'OLAYA HERRERA',22),(845,'OSPINA',22),(846,'FRANCISCO PIZARRO',22),(847,'POLICARPA',22),(848,'POTOSI',22),(849,'PROVIDENCIA',22),(850,'PUERRES',22),(851,'PUPIALES',22),(852,'RICAURTE',22),(853,'ROBERTO PAYAN',22),(854,'SAMANIEGO',22),(855,'SANDONA',22),(856,'SAN BERNARDO',22),(857,'SAN LORENZO',22),(858,'SAN PABLO',22),(859,'SAN PEDRO DE CARTAGO',22),(860,'SANTA BARBARA',22),(861,'SANTACRUZ',22),(862,'SAPUYES',22),(863,'TAMINANGO',22),(864,'TANGUA',22),(865,'SAN ANDRES DE TUMACO',22),(866,'TUQUERRES',22),(867,'YACUANQUER',23),(868,'MOCOA',23),(869,'COLON',23),(870,'ORITO',23),(871,'PUERTO ASIS',23),(872,'PUERTO CAICEDO',23),(873,'PUERTO GUZMAN',23),(874,'LEGUIZAMO',23),(875,'SIBUNDOY',23),(876,'SAN FRANCISCO',23),(877,'SAN MIGUEL',23),(878,'SANTIAGO',23),(879,'VALLE DEL GUAMUEZ',23),(880,'VILLAGARZON',24),(881,'ARMENIA',24),(882,'BUENAVISTA',24),(883,'CALARCA',24),(884,'CIRCASIA',24),(885,'CORDOBA',24),(886,'FILANDIA',24),(887,'GENOVA',24),(888,'LA TEBAIDA',24),(889,'MONTENEGRO',24),(890,'PIJAO',24),(891,'QUIMBAYA',24),(892,'SALENTO',25),(893,'PEREIRA',25),(894,'APIA',25),(895,'BALBOA',25),(896,'BELEN DE UMBRIA',25),(897,'DOSQUEBRADAS',25),(898,'GUATICA',25),(899,'LA CELIA',25),(900,'LA VIRGINIA',25),(901,'MARSELLA',25),(902,'MISTRATO',25),(903,'PUEBLO RICO',25),(904,'QUINCHIA',25),(905,'SANTA ROSA DE CABAL',25),(906,'SANTUARIO',25),(907,'SAN ANDRES',26),(908,'PROVIDENCIA',26),(909,'BUCARAMANGA',27),(910,'AGUADA',27),(911,'ALBANIA',27),(912,'ARATOCA',27),(913,'BARBOSA',27),(914,'BARICHARA',27),(915,'BARRANCABERMEJA',27),(916,'BETULIA',27),(917,'BOLIVAR',27),(918,'CABRERA',27),(919,'CALIFORNIA',27),(920,'CAPITANEJO',27),(921,'CARCASI',27),(922,'CEPITA',27),(923,'CERRITO',27),(924,'CHARALA',27),(925,'CHARTA',27),(926,'CHIMA',27),(927,'CHIPATA',27),(928,'CIMITARRA',27),(929,'CONCEPCION',27),(930,'CONFINES',27),(931,'CONTRATACION',27),(932,'COROMORO',27),(933,'CURITI',27),(934,'EL CARMEN DE CHUCURI',27),(935,'EL GUACAMAYO',27),(936,'EL PEÑON',27),(937,'EL PLAYON',27),(938,'ENCINO',27),(939,'ENCISO',27),(940,'FLORIAN',27),(941,'FLORIDABLANCA',27),(942,'GALAN',27),(943,'GAMBITA',27),(944,'GIRON',27),(945,'GUACA',27),(946,'GUADALUPE',27),(947,'GUAPOTA',27),(948,'GUAVATA',27),(949,'GsEPSA',27),(950,'HATO',27),(951,'JESUS MARIA',27),(952,'JORDAN',27),(953,'LA BELLEZA',27),(954,'LANDAZURI',27),(955,'LA PAZ',27),(956,'LEBRIJA',27),(957,'LOS SANTOS',27),(958,'MACARAVITA',27),(959,'MALAGA',27),(960,'MATANZA',27),(961,'MOGOTES',27),(962,'MOLAGAVITA',27),(963,'OCAMONTE',27),(964,'OIBA',27),(965,'ONZAGA',27),(966,'PALMAR',27),(967,'PALMAS DEL SOCORRO',27),(968,'PARAMO',27),(969,'PIEDECUESTA',27),(970,'PINCHOTE',27),(971,'PUENTE NACIONAL',27),(972,'PUERTO PARRA',27),(973,'PUERTO WILCHES',27),(974,'RIONEGRO',27),(975,'SABANA DE TORRES',27),(976,'SAN ANDRES',27),(977,'SAN BENITO',27),(978,'SAN GIL',27),(979,'SAN JOAQUIN',27),(980,'SAN JOSE DE MIRANDA',27),(981,'SAN MIGUEL',27),(982,'SAN VICENTE DE CHUCURI',27),(983,'SANTA BARBARA',27),(984,'SANTA HELENA DEL OPON',27),(985,'SIMACOTA',27),(986,'SOCORRO',27),(987,'SUAITA',27),(988,'SUCRE',27),(989,'SURATA',27),(990,'TONA',27),(991,'VALLE DE SAN JOSE',27),(992,'VELEZ',27),(993,'VETAS',27),(994,'VILLANUEVA',27),(995,'ZAPATOCA',27),(996,'SINCELEJO',28),(997,'BUENAVISTA',28),(1000,'COROZAL',28),(1001,'COVEÑAS',28),(1002,'CHALAN',28),(1003,'EL ROBLE',28),(1004,'GALERAS',28),(1005,'GUARANDA',28),(1006,'LA UNION',28),(1007,'LOS PALMITOS',28),(1008,'MAJAGUAL',28),(1009,'MORROA',28),(1010,'OVEJAS',28),(1011,'PALMITO',28),(1012,'SAMPUES',28),(1013,'SAN BENITO ABAD',28),(1014,'SAN JUAN DE BETULIA',28),(1015,'SAN MARCOS',28),(1016,'SAN ONOFRE',28),(1017,'SAN PEDRO',28),(1018,'SAN LUIS DE SINCE',28),(1019,'SUCRE',28),(1020,'SANTIAGO DE TOLU',28),(1021,'TOLU VIEJO',28),(1022,'IBAGUE',29),(1023,'ALPUJARRA',29),(1024,'ALVARADO',29),(1025,'AMBALEMA',29),(1026,'ANZOATEGUI',29),(1027,'ARMERO',29),(1028,'ATACO',29),(1029,'CAJAMARCA',29),(1030,'CARMEN DE APICALA',29),(1031,'CASABIANCA',29),(1032,'CHAPARRAL',29),(1033,'COELLO',29),(1034,'COYAIMA',29),(1035,'CUNDAY',29),(1036,'DOLORES',29),(1037,'ESPINAL',29),(1038,'FALAN',29),(1039,'FLANDES',29),(1040,'FRESNO',29),(1041,'GUAMO',29),(1042,'HERVEO',29),(1043,'HONDA',29),(1044,'ICONONZO',29),(1045,'LERIDA',29),(1046,'LIBANO',29),(1047,'MARIQUITA',29),(1048,'MELGAR',29),(1049,'MURILLO',29),(1050,'NATAGAIMA',29),(1051,'ORTEGA',29),(1052,'PALOCABILDO',29),(1053,'PIEDRAS',29),(1054,'PLANADAS',29),(1055,'PRADO',29),(1056,'PURIFICACION',29),(1057,'RIOBLANCO',29),(1058,'RONCESVALLES',29),(1059,'ROVIRA',29),(1060,'SALDAÑA',29),(1061,'SAN ANTONIO',29),(1062,'SAN LUIS',29),(1063,'SANTA ISABEL',29),(1064,'SUAREZ',29),(1065,'VALLE DE SAN JUAN',29),(1066,'VENADILLO',29),(1067,'VILLAHERMOSA',29),(1068,'VILLARRICA',29),(1069,'CALI',30),(1070,'ALCALA',30),(1071,'ANDALUCIA',30),(1072,'ANSERMANUEVO',30),(1073,'ARGELIA',30),(1074,'BOLIVAR',30),(1075,'BUENAVENTURA',30),(1076,'GUADALAJARA DE BUGA',30),(1077,'BUGALAGRANDE',30),(1078,'CAICEDONIA',30),(1079,'CALIMA',30),(1080,'CANDELARIA',30),(1081,'CARTAGO',30),(1082,'DAGUA',30),(1083,'EL AGUILA',30),(1084,'EL CAIRO',30),(1085,'EL CERRITO',30),(1086,'EL DOVIO',30),(1087,'FLORIDA',30),(1088,'GINEBRA',30),(1089,'GUACARI',30),(1090,'JAMUNDI',30),(1091,'LA CUMBRE',30),(1092,'LA UNION',30),(1093,'LA VICTORIA',30),(1094,'OBANDO',30),(1095,'PALMIRA',30),(1096,'PRADERA',30),(1097,'RESTREPO',30),(1098,'RIOFRIO',30),(1099,'ROLDANILLO',30),(1100,'SAN PEDRO',30),(1101,'SEVILLA',30),(1102,'TORO',30),(1103,'TRUJILLO',30),(1104,'TULUA',30),(1105,'ULLOA',30),(1106,'VERSALLES',30),(1107,'VIJES',30),(1108,'YOTOCO',30),(1109,'YUMBO',30),(1110,'ZARZAL',30),(1111,'MITU',31),(1112,'CARURU',31),(1113,'PACOA',31),(1114,'TARAIRA',31),(1115,'PAPUNAUA',31),(1116,'YAVARATE',31),(1117,'PUERTO CARREÑO',32),(1118,'LA PRIMAVERA',32),(1119,'SANTA ROSALIA',32),(1120,'CUMARIBO',32);
/*!40000 ALTER TABLE `Ciudad` ENABLE KEYS */;
UNLOCK TABLES;

--
-- Table structure for table `CodigoInstitucion`
--

DROP TABLE IF EXISTS `CodigoInstitucion`;
/*!40101 SET @saved_cs_client     = @@character_set_client */;
/*!40101 SET character_set_client = utf8 */;
CREATE TABLE `CodigoInstitucion` (
  `codigoActivacion` varchar(45) NOT NULL,
  `fechaCaducidad` datetime NOT NULL,
  `idCodigoInstitucion` int(11) NOT NULL AUTO_INCREMENT,
  `idInstitucion` int(11) NOT NULL,
  `cantidadMaxima` int(11) NOT NULL DEFAULT '1',
  `idTipoUsuario` int(11) NOT NULL,
  PRIMARY KEY (`idCodigoInstitucion`),
  UNIQUE KEY `codigoActivacion_UNIQUE` (`codigoActivacion`),
  KEY `fk_CodigoInstitucion_Institucion1_idx` (`idInstitucion`),
  KEY `fk_CodigoInstitucion_TipoUsuario1_idx` (`idTipoUsuario`),
  CONSTRAINT `fk_CodigoInstitucion_Institucion1` FOREIGN KEY (`idInstitucion`) REFERENCES `Institucion` (`idInstitucion`) ON DELETE NO ACTION ON UPDATE NO ACTION,
  CONSTRAINT `fk_CodigoInstitucion_TipoUsuario1` FOREIGN KEY (`idTipoUsuario`) REFERENCES `TipoUsuario` (`idTipoUsuario`) ON DELETE NO ACTION ON UPDATE NO ACTION
) ENGINE=InnoDB AUTO_INCREMENT=2 DEFAULT CHARSET=utf8;
/*!40101 SET character_set_client = @saved_cs_client */;

--
-- Dumping data for table `CodigoInstitucion`
--

LOCK TABLES `CodigoInstitucion` WRITE;
/*!40000 ALTER TABLE `CodigoInstitucion` DISABLE KEYS */;
INSERT INTO `CodigoInstitucion` VALUES ('c6229fb6','2018-11-09 00:00:00',1,1,10,1);
/*!40000 ALTER TABLE `CodigoInstitucion` ENABLE KEYS */;
UNLOCK TABLES;

--
-- Table structure for table `Departamento`
--

DROP TABLE IF EXISTS `Departamento`;
/*!40101 SET @saved_cs_client     = @@character_set_client */;
/*!40101 SET character_set_client = utf8 */;
CREATE TABLE `Departamento` (
  `idDepartamento` int(11) NOT NULL AUTO_INCREMENT,
  `nombre` varchar(45) DEFAULT NULL,
  `idPais` int(11) NOT NULL,
  PRIMARY KEY (`idDepartamento`),
  KEY `fk_Departamento_Pais1_idx` (`idPais`),
  CONSTRAINT `fk_Departamento_Pais1` FOREIGN KEY (`idPais`) REFERENCES `Pais` (`idPais`) ON DELETE NO ACTION ON UPDATE NO ACTION
) ENGINE=InnoDB AUTO_INCREMENT=33 DEFAULT CHARSET=utf8;
/*!40101 SET character_set_client = @saved_cs_client */;

--
-- Dumping data for table `Departamento`
--

LOCK TABLES `Departamento` WRITE;
/*!40000 ALTER TABLE `Departamento` DISABLE KEYS */;
INSERT INTO `Departamento` VALUES (1,'AMAZONAS',1),(2,'ANTIOQUIA',1),(3,'ARAUCA',1),(4,'ATLANTICO',1),(5,'BOLIVAR',1),(6,'BOYACA',1),(7,'CALDAS',1),(8,'CAQUETA',1),(9,'CASANARE',1),(10,'CAUCA',1),(11,'CESAR',1),(12,'CHOCO',1),(13,'CORDOBA',1),(14,'CUNDINAMARCA',1),(15,'GUAINIA',1),(16,'GUAVIARE',1),(17,'HUILA',1),(18,'LA GUAJIRA',1),(19,'MAGDALENA',1),(20,'META',1),(21,'N. DE SANTANDER',1),(22,'NARIÑO',1),(23,'PUTUMAYO',1),(24,'QUINDIO',1),(25,'RISARALDA',1),(26,'SAN ANDRES',1),(27,'SANTANDER',1),(28,'SUCRE',1),(29,'TOLIMA',1),(30,'VALLE DEL CAUCA',1),(31,'VAUPES',1),(32,'VICHADA',1);
/*!40000 ALTER TABLE `Departamento` ENABLE KEYS */;
UNLOCK TABLES;

--
-- Table structure for table `Encuesta`
--

DROP TABLE IF EXISTS `Encuesta`;
/*!40101 SET @saved_cs_client     = @@character_set_client */;
/*!40101 SET character_set_client = utf8 */;
CREATE TABLE `Encuesta` (
  `idEncuesta` int(11) NOT NULL AUTO_INCREMENT,
  `fecha` datetime NOT NULL,
  `personalidad` varchar(5) DEFAULT NULL,
  `idAreaProfesional` int(11) DEFAULT NULL,
  `idGrado` int(11) NOT NULL,
  `idEstudiante` int(11) NOT NULL,
  PRIMARY KEY (`idEncuesta`),
  KEY `fk_Encuesta_AreaProfesional1_idx` (`idAreaProfesional`),
  KEY `fk_Encuesta_EstudianteGrado1_idx` (`idGrado`,`idEstudiante`),
  CONSTRAINT `fk_Encuesta_AreaProfesional1` FOREIGN KEY (`idAreaProfesional`) REFERENCES `AreaProfesional` (`idAreaProfesional`) ON DELETE NO ACTION ON UPDATE NO ACTION,
  CONSTRAINT `fk_Encuesta_EstudianteGrado1` FOREIGN KEY (`idGrado`, `idEstudiante`) REFERENCES `EstudianteGrado` (`idGrado`, `idEstudiante`) ON DELETE NO ACTION ON UPDATE NO ACTION
) ENGINE=InnoDB AUTO_INCREMENT=370 DEFAULT CHARSET=utf8;
/*!40101 SET character_set_client = @saved_cs_client */;

--
-- Dumping data for table `Encuesta`
--

LOCK TABLES `Encuesta` WRITE;
/*!40000 ALTER TABLE `Encuesta` DISABLE KEYS */;
INSERT INTO `Encuesta` VALUES (1,'2019-01-20 20:02:40',NULL,NULL,3,10),(2,'2019-01-20 21:38:36',NULL,0,1,14),(3,'2019-01-29 07:57:40',NULL,2,3,10),(4,'2019-01-30 21:09:45',NULL,1,1,15),(14,'2019-01-31 00:00:33',NULL,NULL,1,15),(16,'2019-01-31 00:10:27',NULL,1,1,15),(17,'2019-01-31 07:51:44',NULL,1,1,15),(18,'2019-01-31 08:02:54',NULL,1,1,15),(19,'2019-01-31 08:20:38',NULL,1,1,15),(20,'2019-01-31 20:42:10',NULL,1,1,15),(21,'2019-01-31 20:45:05',NULL,1,1,15),(22,'2019-01-31 20:48:24',NULL,1,1,15),(23,'2019-01-31 22:00:47',NULL,1,1,15),(24,'2019-01-31 22:14:09',NULL,1,4,13),(25,'2019-01-31 22:17:03',NULL,1,4,13),(26,'2019-01-31 22:31:15',NULL,1,1,15),(27,'2019-01-31 22:39:09',NULL,1,4,13),(28,'2019-01-31 22:41:55',NULL,1,1,15),(29,'2019-01-31 22:45:51','ISFJ',1,1,15),(30,'2019-01-31 22:49:12',NULL,1,4,13),(31,'2019-01-31 22:52:19','ISFP',1,1,15),(32,'2019-01-31 22:52:58','ISEJ',1,4,13),(33,'2019-01-31 23:09:09',NULL,1,1,15),(34,'2019-01-31 23:17:46',NULL,1,4,13),(35,'2019-02-01 10:11:51',NULL,1,4,13),(36,'2019-02-01 10:13:56',NULL,1,4,13),(37,'2019-02-01 10:21:37','ISRJ',1,4,13),(38,'2019-02-01 10:27:36',NULL,1,4,13),(39,'2019-02-01 10:35:10',NULL,1,4,13),(40,'2019-02-01 10:37:01',NULL,1,4,13),(41,'2019-02-01 10:38:36',NULL,1,4,13),(42,'2019-02-01 10:47:07',NULL,1,4,13),(43,'2019-02-01 10:50:31','ESEP',1,4,13),(44,'2019-02-01 10:51:36',NULL,1,4,13),(45,'2019-02-01 10:55:04',NULL,1,4,13),(46,'2019-02-01 10:55:19',NULL,1,4,13),(47,'2019-02-01 11:01:14',NULL,1,4,13),(48,'2019-02-01 11:05:02',NULL,1,4,13),(49,'2019-02-01 11:06:26','EIRJ',1,4,13),(50,'2019-02-01 11:08:46',NULL,1,4,13),(51,'2019-02-01 11:12:35',NULL,1,4,13),(52,'2019-02-01 11:19:20',NULL,1,4,13),(53,'2019-02-01 11:20:44',NULL,1,4,13),(54,'2019-02-01 11:23:11','ESRJ',1,4,13),(55,'2019-02-01 11:26:05',NULL,1,4,13),(56,'2019-02-01 11:27:36',NULL,1,4,13),(57,'2019-02-01 11:29:25','IIEP',1,4,13),(58,'2019-02-01 11:30:53',NULL,1,4,13),(59,'2019-02-01 11:35:57',NULL,1,4,13),(60,'2019-02-01 11:39:21',NULL,1,4,13),(61,'2019-02-01 11:40:20',NULL,1,4,13),(62,'2019-02-01 11:42:18',NULL,1,4,13),(63,'2019-02-01 11:53:05',NULL,1,4,13),(64,'2019-02-01 11:55:18',NULL,1,4,13),(65,'2019-02-01 11:57:04',NULL,1,4,13),(66,'2019-02-01 12:00:06',NULL,1,4,13),(67,'2019-02-01 12:06:41','EIRP',1,4,13),(68,'2019-02-01 12:11:06',NULL,1,4,13),(69,'2019-02-01 12:38:00',NULL,1,4,13),(70,'2019-02-01 12:40:03',NULL,1,4,13),(71,'2019-02-01 12:41:41',NULL,1,4,13),(72,'2019-02-01 12:44:36','ESEP',1,4,13),(73,'2019-02-01 12:48:05','IIEP',1,4,13),(74,'2019-02-01 13:47:09','ISRP',1,4,13),(75,'2019-02-01 13:49:51',NULL,1,4,13),(76,'2019-02-01 13:51:38',NULL,1,4,13),(77,'2019-02-01 13:54:35',NULL,1,4,13),(78,'2019-02-01 13:55:37',NULL,1,4,13),(79,'2019-02-01 13:56:37',NULL,1,4,13),(80,'2019-02-01 14:01:58',NULL,1,4,13),(81,'2019-02-01 14:08:21',NULL,1,4,13),(82,'2019-02-01 14:08:59',NULL,1,4,13),(83,'2019-02-01 14:17:00',NULL,1,4,13),(84,'2019-02-01 14:46:33',NULL,1,4,13),(85,'2019-02-01 14:49:36',NULL,1,4,13),(86,'2019-02-01 14:51:48',NULL,1,4,13),(87,'2019-02-01 14:53:15',NULL,1,4,13),(88,'2019-02-01 14:57:40',NULL,1,4,13),(89,'2019-02-01 15:01:05',NULL,1,4,13),(90,'2019-02-01 15:04:04',NULL,1,4,13),(91,'2019-02-01 15:04:46',NULL,1,4,13),(92,'2019-02-01 15:09:06','ESRP',1,4,13),(93,'2019-02-01 15:10:18',NULL,1,4,13),(94,'2019-02-01 15:21:41',NULL,1,4,13),(95,'2019-02-01 15:22:29',NULL,1,4,13),(96,'2019-02-01 15:33:02',NULL,1,4,13),(97,'2019-02-01 15:34:05',NULL,1,4,13),(98,'2019-02-01 15:40:54',NULL,1,4,13),(99,'2019-02-01 15:50:31',NULL,1,4,13),(100,'2019-02-01 15:55:41',NULL,1,4,13),(101,'2019-02-01 15:58:52',NULL,1,4,13),(102,'2019-02-01 16:03:04',NULL,1,4,13),(103,'2019-02-01 16:06:19',NULL,1,4,13),(104,'2019-02-01 16:08:22','EIRP',1,4,13),(105,'2019-02-01 16:27:46',NULL,1,4,13),(106,'2019-02-01 16:29:25',NULL,1,4,13),(107,'2019-02-01 16:54:00','ESEP',1,4,13),(108,'2019-02-01 16:56:48',NULL,1,4,13),(109,'2019-02-01 17:04:12',NULL,1,4,13),(110,'2019-02-01 17:04:50',NULL,1,4,13),(111,'2019-02-01 17:11:39',NULL,1,4,13),(112,'2019-02-01 17:12:44',NULL,1,4,13),(113,'2019-02-01 17:13:12',NULL,1,4,13),(114,'2019-02-01 17:14:02',NULL,1,4,13),(115,'2019-02-01 17:16:24',NULL,1,4,13),(116,'2019-02-01 17:29:19',NULL,1,4,13),(117,'2019-02-01 17:34:31','IIRJ',1,4,13),(118,'2019-02-01 17:43:26',NULL,1,4,13),(119,'2019-02-01 17:43:26',NULL,1,4,13),(120,'2019-02-01 17:44:28',NULL,1,4,13),(121,'2019-02-01 17:45:51','ISRP',1,4,13),(122,'2019-02-01 21:41:54',NULL,1,4,13),(123,'2019-02-01 21:48:52','IIEJ',1,1,15),(124,'2019-02-01 21:52:02',NULL,1,1,15),(125,'2019-02-01 21:54:28',NULL,1,4,13),(126,'2019-02-06 11:52:43','ISEJ',1,4,13),(127,'2019-02-06 12:41:01',NULL,1,4,13),(128,'2019-02-06 12:41:01',NULL,1,4,13),(129,'2019-02-06 12:41:19',NULL,1,4,13),(130,'2019-02-06 12:42:35',NULL,1,4,13),(131,'2019-02-06 12:43:55',NULL,1,4,13),(132,'2019-02-06 14:45:25',NULL,1,3,10),(133,'2019-02-06 14:58:15',NULL,1,3,10),(134,'2019-02-07 12:45:15',NULL,1,4,13),(135,'2019-02-07 12:45:52',NULL,1,4,13),(136,'2019-02-12 22:02:05',NULL,1,4,13),(137,'2019-02-12 22:06:42',NULL,1,4,13),(138,'2019-02-12 22:19:02',NULL,1,4,13),(139,'2019-02-12 22:37:54',NULL,1,4,13),(140,'2019-02-12 22:54:45',NULL,1,4,13),(141,'2019-02-12 23:02:13',NULL,1,4,13),(142,'2019-02-12 23:05:21',NULL,1,4,13),(143,'2019-02-12 23:28:30',NULL,1,4,13),(144,'2019-02-12 23:36:38','IIEJ',1,4,13),(145,'2019-02-15 22:28:46',NULL,1,4,13),(146,'2019-02-15 22:37:33','IIRP',0,4,13),(147,'2019-02-15 22:45:50',NULL,NULL,1,15),(148,'2019-02-15 22:49:49','ISRP',1,1,15),(149,'2019-02-15 23:04:14',NULL,NULL,4,13),(150,'2019-02-15 23:04:55',NULL,NULL,4,13),(151,'2019-02-15 23:05:48',NULL,NULL,4,13),(152,'2019-02-15 23:37:19',NULL,NULL,4,13),(153,'2019-02-15 23:41:28',NULL,NULL,4,13),(154,'2019-02-16 17:45:55',NULL,NULL,4,13),(155,'2019-02-16 17:47:17',NULL,NULL,4,13),(156,'2019-02-16 17:51:03',NULL,NULL,4,13),(157,'2019-02-16 17:51:40',NULL,NULL,4,13),(158,'2019-02-16 17:58:00',NULL,NULL,4,13),(159,'2019-02-16 17:58:21',NULL,NULL,4,13),(160,'2019-02-16 18:00:56',NULL,NULL,4,13),(161,'2019-02-16 18:01:33',NULL,NULL,4,13),(162,'2019-02-16 18:02:07',NULL,NULL,4,13),(163,'2019-02-16 18:26:51',NULL,NULL,4,13),(164,'2019-02-16 19:00:13',NULL,NULL,4,13),(165,'2019-02-16 19:11:53',NULL,NULL,4,13),(166,'2019-02-16 19:20:00',NULL,NULL,4,13),(167,'2019-02-16 19:24:10',NULL,NULL,4,13),(168,'2019-02-16 19:24:23',NULL,NULL,4,13),(169,'2019-02-16 19:24:28',NULL,NULL,4,13),(170,'2019-02-16 19:24:32',NULL,NULL,4,13),(171,'2019-02-16 19:27:39',NULL,NULL,4,13),(172,'2019-02-16 19:30:13',NULL,NULL,4,13),(173,'2019-02-16 19:33:21',NULL,NULL,4,13),(174,'2019-02-16 19:45:54',NULL,NULL,4,13),(175,'2019-02-16 19:47:18',NULL,NULL,4,13),(176,'2019-02-16 19:47:25',NULL,NULL,4,13),(177,'2019-02-16 19:48:23',NULL,NULL,4,13),(178,'2019-02-16 19:50:13',NULL,NULL,4,13),(179,'2019-02-16 19:58:43',NULL,NULL,4,13),(180,'2019-02-16 20:02:20',NULL,NULL,4,13),(181,'2019-02-16 21:41:53',NULL,NULL,4,13),(182,'2019-02-16 21:47:09',NULL,NULL,4,13),(183,'2019-02-16 21:49:48',NULL,NULL,4,13),(184,'2019-02-16 23:09:08',NULL,NULL,4,13),(185,'2019-02-16 23:14:35',NULL,NULL,4,13),(186,'2019-02-16 23:15:04',NULL,1,4,13),(187,'2019-02-17 10:26:18',NULL,1,4,13),(188,'2019-02-17 10:28:22',NULL,1,4,13),(189,'2019-02-17 10:31:41',NULL,1,4,13),(190,'2019-02-17 10:37:18',NULL,1,4,13),(191,'2019-02-17 10:40:31',NULL,1,4,13),(192,'2019-02-17 10:41:40',NULL,1,4,13),(193,'2019-02-17 10:46:16',NULL,1,4,13),(194,'2019-02-17 11:15:41',NULL,1,4,13),(195,'2019-02-17 11:21:37',NULL,1,4,13),(196,'2019-02-17 11:23:21',NULL,1,4,13),(197,'2019-02-17 11:35:45',NULL,1,4,13),(198,'2019-02-17 11:53:27',NULL,1,4,13),(199,'2019-02-17 12:26:57',NULL,1,4,13),(200,'2019-02-17 12:31:23',NULL,1,4,13),(201,'2019-02-17 12:32:43',NULL,1,4,13),(202,'2019-02-20 14:04:21',NULL,1,1,15),(203,'2019-02-20 15:13:51',NULL,1,4,13),(204,'2019-02-20 15:13:51',NULL,1,4,13),(205,'2019-02-20 15:13:51',NULL,1,4,13),(206,'2019-02-20 15:28:34',NULL,1,4,13),(207,'2019-02-20 15:36:46','ISEJ',1,4,13),(208,'2019-02-20 15:40:13',NULL,1,4,13),(209,'2019-02-20 16:06:28',NULL,1,4,13),(210,'2019-02-20 16:13:32',NULL,1,4,13),(211,'2019-02-20 16:14:01',NULL,1,4,13),(212,'2019-02-20 16:15:27',NULL,1,4,13),(213,'2019-02-20 16:21:27',NULL,1,4,13),(214,'2019-02-20 16:33:57',NULL,1,4,13),(215,'2019-02-20 16:38:07',NULL,1,4,13),(216,'2019-02-20 16:40:51',NULL,1,4,13),(217,'2019-02-20 17:05:17',NULL,1,4,13),(218,'2019-02-20 17:26:42',NULL,1,4,13),(219,'2019-02-20 18:00:15',NULL,1,4,13),(220,'2019-02-20 18:01:15',NULL,1,4,13),(221,'2019-02-20 18:36:04',NULL,1,4,13),(222,'2019-02-20 18:36:04',NULL,1,4,13),(223,'2019-02-20 18:39:56',NULL,1,4,13),(224,'2019-02-20 18:41:26',NULL,1,4,13),(225,'2019-02-20 18:45:00',NULL,1,4,13),(226,'2019-02-20 18:47:19',NULL,1,4,13),(227,'2019-02-20 18:55:58',NULL,1,4,13),(228,'2019-02-20 19:47:44',NULL,1,4,13),(229,'2019-02-20 19:48:38',NULL,1,4,13),(230,'2019-02-20 20:30:02',NULL,1,4,13),(231,'2019-02-20 21:00:43',NULL,1,1,15),(232,'2019-02-20 21:04:31',NULL,1,1,15),(233,'2019-02-20 21:06:42',NULL,1,1,15),(234,'2019-02-20 21:10:02',NULL,1,1,15),(235,'2019-02-20 21:35:36',NULL,1,4,13),(236,'2019-02-20 21:36:11',NULL,1,4,13),(237,'2019-02-20 21:44:32',NULL,1,4,13),(238,'2019-02-20 21:50:29',NULL,1,1,15),(239,'2019-02-20 22:07:39',NULL,1,4,13),(240,'2019-02-20 22:09:59',NULL,1,4,13),(241,'2019-02-20 22:23:43',NULL,1,1,15),(242,'2019-02-20 22:25:55',NULL,1,1,15),(243,'2019-02-20 22:26:50',NULL,1,1,15),(244,'2019-02-20 23:38:42',NULL,1,1,15),(245,'2019-02-20 23:39:42',NULL,1,1,15),(246,'2019-02-20 23:40:16',NULL,1,1,15),(247,'2019-02-20 23:42:00',NULL,1,1,15),(248,'2019-02-20 23:42:55',NULL,1,1,15),(249,'2019-02-20 23:43:54',NULL,1,1,15),(250,'2019-02-20 23:48:17',NULL,1,1,15),(251,'2019-02-21 19:41:27',NULL,1,4,13),(252,'2019-02-21 19:42:30',NULL,1,4,13),(253,'2019-02-21 19:42:52',NULL,1,4,13),(254,'2019-02-21 19:45:06',NULL,1,4,13),(255,'2019-02-21 19:56:31',NULL,1,4,13),(256,'2019-02-21 19:57:16',NULL,1,4,13),(257,'2019-02-21 19:58:14',NULL,1,4,13),(258,'2019-02-21 19:59:46',NULL,1,4,13),(259,'2019-02-21 20:18:12',NULL,1,4,13),(260,'2019-02-21 20:24:58',NULL,1,1,15),(261,'2019-02-21 20:54:28',NULL,1,1,15),(262,'2019-02-21 20:55:46',NULL,1,1,15),(263,'2019-02-22 20:42:02',NULL,1,1,15),(264,'2019-02-22 21:27:52',NULL,1,1,15),(265,'2019-02-22 21:46:34',NULL,1,1,15),(266,'2019-02-23 22:42:57',NULL,1,1,15),(267,'2019-02-23 23:03:34',NULL,1,1,15),(268,'2019-02-23 23:05:18','IIEP',1,1,15),(269,'2019-02-23 23:53:23','ESEJ',1,1,15),(270,'2019-02-24 00:00:33','ISEP',1,1,15),(271,'2019-02-24 00:04:26',NULL,1,1,15),(272,'2019-02-24 00:10:24',NULL,1,1,15),(273,'2019-02-24 00:17:51',NULL,1,1,15),(274,'2019-02-24 00:23:01',NULL,1,1,15),(275,'2019-02-24 00:30:40',NULL,1,1,15),(276,'2019-02-24 00:33:45',NULL,1,1,15),(277,'2019-02-24 00:37:10',NULL,1,1,15),(278,'2019-02-24 00:40:57',NULL,1,1,15),(279,'2019-02-24 00:42:22',NULL,1,1,15),(280,'2019-02-24 00:47:58',NULL,1,1,15),(281,'2019-02-24 00:49:59',NULL,1,1,15),(282,'2019-02-24 22:17:11',NULL,1,4,13),(283,'2019-02-24 23:14:32','IIRJ',1,4,13),(284,'2019-02-24 23:32:28',NULL,1,4,13),(285,'2019-02-24 23:42:34',NULL,1,4,13),(286,'2019-02-25 22:15:57',NULL,NULL,4,13),(287,'2019-02-25 22:17:48',NULL,1,4,13),(288,'2019-02-27 20:09:42',NULL,1,4,13),(289,'2019-03-01 21:30:50',NULL,1,4,13),(290,'2019-03-01 21:52:32',NULL,1,4,13),(291,'2019-03-01 21:53:44',NULL,1,4,13),(292,'2019-03-07 18:44:11',NULL,1,4,13),(293,'2019-03-07 18:52:40',NULL,NULL,4,13),(294,'2019-03-07 18:54:36',NULL,NULL,4,13),(295,'2019-03-07 18:56:20',NULL,1,4,13),(296,'2019-03-07 18:56:20','ESEJ',1,4,13),(297,'2019-03-07 18:57:04',NULL,1,4,13),(298,'2019-03-07 19:08:33',NULL,1,4,13),(299,'2019-03-07 19:16:10',NULL,1,4,13),(300,'2019-03-07 19:19:03',NULL,NULL,4,13),(301,'2019-03-07 22:55:33',NULL,1,4,13),(302,'2019-03-07 23:17:15',NULL,1,4,13),(303,'2019-03-08 12:07:07',NULL,1,4,13),(304,'2019-03-08 12:39:18',NULL,NULL,4,13),(305,'2019-03-08 12:50:06',NULL,1,4,13),(306,'2019-03-09 08:17:43',NULL,1,4,13),(307,'2019-03-13 22:09:06',NULL,1,4,13),(308,'2019-03-13 23:31:03',NULL,1,4,13),(309,'2019-03-13 23:41:41',NULL,1,4,13),(310,'2019-03-13 23:54:30',NULL,1,4,13),(311,'2019-03-14 07:56:49',NULL,1,4,13),(312,'2019-03-16 07:32:26',NULL,1,4,13),(313,'2019-03-16 12:17:41',NULL,1,4,13),(314,'2019-03-16 12:58:26',NULL,1,4,13),(315,'2019-03-16 14:11:28',NULL,1,4,13),(316,'2019-03-16 14:19:32',NULL,1,4,13),(317,'2019-03-16 14:26:58',NULL,1,4,13),(318,'2019-03-16 14:32:18',NULL,1,4,13),(319,'2019-03-16 14:37:30',NULL,1,4,13),(320,'2019-03-16 14:46:28',NULL,1,4,13),(321,'2019-03-16 14:51:10',NULL,1,4,13),(322,'2019-03-16 15:26:57',NULL,1,4,13),(323,'2019-03-16 16:38:30',NULL,1,4,13),(324,'2019-03-16 16:45:46',NULL,1,4,13),(325,'2019-03-16 17:03:10',NULL,1,4,13),(326,'2019-03-16 17:26:47',NULL,1,4,13),(327,'2019-03-16 17:38:07',NULL,1,4,13),(328,'2019-03-16 18:39:54',NULL,1,4,13),(329,'2019-03-16 18:53:20',NULL,1,4,13),(330,'2019-03-16 19:02:15',NULL,1,4,13),(331,'2019-03-16 19:12:04',NULL,1,4,13),(332,'2019-03-16 19:49:31',NULL,1,4,13),(333,'2019-03-16 20:00:52',NULL,1,4,13),(334,'2019-03-16 20:22:07',NULL,1,4,13),(335,'2019-03-16 21:58:36',NULL,1,4,13),(336,'2019-03-16 22:04:23',NULL,1,4,13),(337,'2019-03-16 22:17:13',NULL,1,4,13),(338,'2019-03-16 22:18:38',NULL,1,4,13),(339,'2019-03-16 22:23:41',NULL,1,4,13),(340,'2019-03-16 22:28:27',NULL,1,4,13),(341,'2019-03-16 22:32:48',NULL,1,4,13),(342,'2019-03-16 22:35:08',NULL,1,4,13),(343,'2019-03-16 22:38:45',NULL,1,4,13),(344,'2019-03-16 23:04:51',NULL,1,4,13),(345,'2019-03-16 23:10:24',NULL,1,4,13),(346,'2019-03-16 23:12:07',NULL,1,4,13),(347,'2019-03-16 23:23:07',NULL,1,4,13),(348,'2019-03-16 23:24:04',NULL,1,4,13),(349,'2019-03-16 23:28:30',NULL,1,4,13),(350,'2019-03-17 12:54:08',NULL,1,4,13),(351,'2019-03-17 14:47:55',NULL,1,4,13),(352,'2019-03-17 14:59:31',NULL,1,4,13),(353,'2019-03-17 15:20:04',NULL,1,4,13),(354,'2019-03-17 15:22:09',NULL,1,4,13),(355,'2019-03-17 16:49:38',NULL,1,4,13),(356,'2019-03-17 18:58:08',NULL,1,4,13),(357,'2019-03-17 19:02:15',NULL,1,4,13),(358,'2019-03-17 19:04:24',NULL,1,4,13),(359,'2019-03-17 19:07:34',NULL,1,4,13),(360,'2019-03-17 19:10:15',NULL,1,4,13),(361,'2019-03-17 19:13:41',NULL,1,4,13),(362,'2019-03-17 19:14:58',NULL,1,4,13),(363,'2019-03-17 19:45:32',NULL,1,4,13),(364,'2019-03-17 19:47:19',NULL,1,4,13),(365,'2019-03-17 19:53:24',NULL,1,4,13),(366,'2019-03-17 19:58:26',NULL,1,4,13),(367,'2019-03-17 19:59:49',NULL,1,4,13),(368,'2019-03-17 20:05:36',NULL,1,4,13),(369,'2019-03-17 20:05:36',NULL,1,4,13);
/*!40000 ALTER TABLE `Encuesta` ENABLE KEYS */;
UNLOCK TABLES;

--
-- Table structure for table `Estudiante`
--

DROP TABLE IF EXISTS `Estudiante`;
/*!40101 SET @saved_cs_client     = @@character_set_client */;
/*!40101 SET character_set_client = utf8 */;
CREATE TABLE `Estudiante` (
  `idPersona` int(11) NOT NULL,
  `idEstudiante` int(11) NOT NULL AUTO_INCREMENT,
  `estrato` varchar(2) DEFAULT NULL,
  `cuantosViven` int(11) DEFAULT NULL,
  `cuantosTrabajan` int(11) DEFAULT NULL,
  `viveConPadres` tinyint(1) DEFAULT NULL,
  `desplazados` tinyint(1) DEFAULT NULL,
  `personalidad` varchar(45) DEFAULT NULL,
  PRIMARY KEY (`idEstudiante`),
  KEY `fk_table1_Persona_idx` (`idPersona`),
  CONSTRAINT `fk_table1_Persona` FOREIGN KEY (`idPersona`) REFERENCES `Persona` (`idPersona`) ON DELETE NO ACTION ON UPDATE NO ACTION
) ENGINE=InnoDB AUTO_INCREMENT=20 DEFAULT CHARSET=utf8;
/*!40101 SET character_set_client = @saved_cs_client */;

--
-- Dumping data for table `Estudiante`
--

LOCK TABLES `Estudiante` WRITE;
/*!40000 ALTER TABLE `Estudiante` DISABLE KEYS */;
INSERT INTO `Estudiante` VALUES (1,1,'1',1,1,1,1,''),(26,10,'2',3,2,1,1,NULL),(2,13,'2',2,1,1,1,NULL),(41,14,'1',0,0,0,1,NULL),(43,15,'1',3,3,0,1,NULL),(53,16,NULL,NULL,NULL,NULL,NULL,NULL),(56,17,NULL,NULL,NULL,NULL,NULL,NULL),(57,18,'3',3,2,0,0,NULL),(58,19,'0',0,0,NULL,NULL,NULL);
/*!40000 ALTER TABLE `Estudiante` ENABLE KEYS */;
UNLOCK TABLES;

--
-- Table structure for table `EstudianteGrado`
--

DROP TABLE IF EXISTS `EstudianteGrado`;
/*!40101 SET @saved_cs_client     = @@character_set_client */;
/*!40101 SET character_set_client = utf8 */;
CREATE TABLE `EstudianteGrado` (
  `idGrado` int(11) NOT NULL,
  `idEstudiante` int(11) NOT NULL,
  `fecha` datetime DEFAULT NULL,
  PRIMARY KEY (`idGrado`,`idEstudiante`),
  KEY `fk_Grado_has_Estudiante_Estudiante1_idx` (`idEstudiante`),
  KEY `fk_Grado_has_Estudiante_Grado1_idx` (`idGrado`),
  CONSTRAINT `fk_Grado_has_Estudiante_Estudiante1` FOREIGN KEY (`idEstudiante`) REFERENCES `Estudiante` (`idEstudiante`) ON DELETE NO ACTION ON UPDATE NO ACTION,
  CONSTRAINT `fk_Grado_has_Estudiante_Grado1` FOREIGN KEY (`idGrado`) REFERENCES `Grado` (`idGrado`) ON DELETE NO ACTION ON UPDATE NO ACTION
) ENGINE=InnoDB DEFAULT CHARSET=utf8;
/*!40101 SET character_set_client = @saved_cs_client */;

--
-- Dumping data for table `EstudianteGrado`
--

LOCK TABLES `EstudianteGrado` WRITE;
/*!40000 ALTER TABLE `EstudianteGrado` DISABLE KEYS */;
INSERT INTO `EstudianteGrado` VALUES (1,14,'2019-01-23 00:00:00'),(1,15,'2019-01-23 00:00:00'),(1,18,NULL),(1,19,NULL),(3,10,'2019-01-24 00:00:00'),(4,13,'2019-01-25 00:00:00');
/*!40000 ALTER TABLE `EstudianteGrado` ENABLE KEYS */;
UNLOCK TABLES;

--
-- Table structure for table `Evaluacion`
--

DROP TABLE IF EXISTS `Evaluacion`;
/*!40101 SET @saved_cs_client     = @@character_set_client */;
/*!40101 SET character_set_client = utf8 */;
CREATE TABLE `Evaluacion` (
  `idEvaluacion` int(11) NOT NULL,
  `idTipoAmbiente` int(11) NOT NULL,
  `enunciado` varchar(200) DEFAULT NULL,
  PRIMARY KEY (`idEvaluacion`),
  KEY `fk_Enunciado_TipoAmbiente1_idx` (`idTipoAmbiente`),
  CONSTRAINT `fk_Enunciado_TipoAmbiente1` FOREIGN KEY (`idTipoAmbiente`) REFERENCES `TipoAmbiente` (`idTipoAmbiente`) ON DELETE NO ACTION ON UPDATE NO ACTION
) ENGINE=InnoDB DEFAULT CHARSET=utf8;
/*!40101 SET character_set_client = @saved_cs_client */;

--
-- Dumping data for table `Evaluacion`
--

LOCK TABLES `Evaluacion` WRITE;
/*!40000 ALTER TABLE `Evaluacion` DISABLE KEYS */;
INSERT INTO `Evaluacion` VALUES (1,1,'<h5>Según la afirmación anterior, cual de las siguientes opciones no describe ocupaciones del ambiente de tipo Realista: </h5><br/>'),(2,2,'<h5>Según la afirmación anterior, seleccione la opción adecuada que describe ocupaciones del ambiente de tipo Investigativo: </h5><br/>'),(3,3,'<h5>Según la afirmación anterior, seleccione la opción adecuada que describe ocupaciones del ambiente de tipo Artístico: </h5><br/>'),(4,4,'<h5>Según la afirmación anterior, seleccione la opción adecuada que no describe ocupaciones del ambiente de tipo Social: </h5><br/>'),(5,5,'<h5>Según la afirmación anterior, seleccione la opción adecuada que describe ocupaciones del ambiente de tipo Emprendedor: </h5>'),(6,6,'<h5>Según la afirmación anterior, seleccione la opción adecuada que describe ocupaciones del ambiente de tipo Convencional </h5>');
/*!40000 ALTER TABLE `Evaluacion` ENABLE KEYS */;
UNLOCK TABLES;

--
-- Table structure for table `Grado`
--

DROP TABLE IF EXISTS `Grado`;
/*!40101 SET @saved_cs_client     = @@character_set_client */;
/*!40101 SET character_set_client = utf8 */;
CREATE TABLE `Grado` (
  `idGrado` int(11) NOT NULL AUTO_INCREMENT,
  `idInstitucion` int(11) NOT NULL,
  `curso` varchar(45) NOT NULL,
  `grado` varchar(45) DEFAULT NULL,
  PRIMARY KEY (`idGrado`),
  KEY `fk_Grado_Institucion1_idx` (`idInstitucion`),
  CONSTRAINT `fk_Grado_Institucion1` FOREIGN KEY (`idInstitucion`) REFERENCES `Institucion` (`idInstitucion`) ON DELETE NO ACTION ON UPDATE NO ACTION
) ENGINE=InnoDB AUTO_INCREMENT=7 DEFAULT CHARSET=utf8;
/*!40101 SET character_set_client = @saved_cs_client */;

--
-- Dumping data for table `Grado`
--

LOCK TABLES `Grado` WRITE;
/*!40000 ALTER TABLE `Grado` DISABLE KEYS */;
INSERT INTO `Grado` VALUES (1,1,'7','7'),(2,1,'8','8'),(3,2,'7B','7'),(4,3,'6A','6'),(5,2,'7A','7'),(6,2,'6A','7');
/*!40000 ALTER TABLE `Grado` ENABLE KEYS */;
UNLOCK TABLES;

--
-- Table structure for table `GrupoUsuario`
--

DROP TABLE IF EXISTS `GrupoUsuario`;
/*!40101 SET @saved_cs_client     = @@character_set_client */;
/*!40101 SET character_set_client = utf8 */;
CREATE TABLE `GrupoUsuario` (
  `usuario` varchar(45) DEFAULT NULL,
  `idUsuario` int(11) NOT NULL,
  `idTipoUsuario` int(11) NOT NULL,
  PRIMARY KEY (`idUsuario`,`idTipoUsuario`),
  KEY `fk_GrupoUsuario_Usuario1_idx` (`idUsuario`),
  KEY `fk_GrupoUsuario_TipoUsuario1_idx` (`idTipoUsuario`),
  CONSTRAINT `fk_GrupoUsuario_TipoUsuario1` FOREIGN KEY (`idTipoUsuario`) REFERENCES `TipoUsuario` (`idTipoUsuario`) ON DELETE NO ACTION ON UPDATE NO ACTION,
  CONSTRAINT `fk_GrupoUsuario_Usuario1` FOREIGN KEY (`idUsuario`) REFERENCES `Usuario` (`idUsuario`) ON DELETE NO ACTION ON UPDATE NO ACTION
) ENGINE=InnoDB DEFAULT CHARSET=utf8;
/*!40101 SET character_set_client = @saved_cs_client */;

--
-- Dumping data for table `GrupoUsuario`
--

LOCK TABLES `GrupoUsuario` WRITE;
/*!40000 ALTER TABLE `GrupoUsuario` DISABLE KEYS */;
INSERT INTO `GrupoUsuario` VALUES ('luis',1,1),('yes',2,1),('yes',2,3),('andres',3,2),('luna',26,1),('harry',43,1),('6aea5aa061@mailboxy.fun',55,2),('aea5537255@mailboxy.fun',56,2),('foxerezer@mail-cart.com',57,2),('megu@net-list.com',58,2),('palucasuwi@mail-cart.com',59,2),('abuitron@bellvoz.com',60,2),('effemmena-2013@yopmail.com',61,1),('feil.zena710@hidebusiness.xyz',62,1),('stiedemann.freddie617@hidebusiness.xyz',63,1),('helga.bogan440@hidebusiness.xyz',65,1),('marisol.emard242@hidebusiness.xyz',66,1),('22465135b0@mailboxy.fun',67,1);
/*!40000 ALTER TABLE `GrupoUsuario` ENABLE KEYS */;
UNLOCK TABLES;

--
-- Table structure for table `Institucion`
--

DROP TABLE IF EXISTS `Institucion`;
/*!40101 SET @saved_cs_client     = @@character_set_client */;
/*!40101 SET character_set_client = utf8 */;
CREATE TABLE `Institucion` (
  `idInstitucion` int(11) NOT NULL AUTO_INCREMENT,
  `Nombre` varchar(45) DEFAULT NULL,
  `nit` varchar(45) DEFAULT NULL,
  `dane` varchar(45) DEFAULT NULL,
  PRIMARY KEY (`idInstitucion`)
) ENGINE=InnoDB AUTO_INCREMENT=4 DEFAULT CHARSET=utf8;
/*!40101 SET character_set_client = @saved_cs_client */;

--
-- Dumping data for table `Institucion`
--

LOCK TABLES `Institucion` WRITE;
/*!40000 ALTER TABLE `Institucion` DISABLE KEYS */;
INSERT INTO `Institucion` VALUES (1,'Institucion Rafael Pombo','1234568','13246412'),(2,'Institucion Margaritas','123','123'),(3,'Intitucion Vasco',NULL,NULL);
/*!40000 ALTER TABLE `Institucion` ENABLE KEYS */;
UNLOCK TABLES;

--
-- Table structure for table `Materia`
--

DROP TABLE IF EXISTS `Materia`;
/*!40101 SET @saved_cs_client     = @@character_set_client */;
/*!40101 SET character_set_client = utf8 */;
CREATE TABLE `Materia` (
  `idMateria` int(11) NOT NULL AUTO_INCREMENT,
  `nombre` varchar(45) DEFAULT NULL,
  `idArea` int(11) NOT NULL,
  PRIMARY KEY (`idMateria`),
  KEY `fk_Materia_Area1_idx` (`idArea`),
  CONSTRAINT `fk_Materia_Area1` FOREIGN KEY (`idArea`) REFERENCES `Area` (`idArea`) ON DELETE NO ACTION ON UPDATE NO ACTION
) ENGINE=InnoDB AUTO_INCREMENT=2 DEFAULT CHARSET=utf8;
/*!40101 SET character_set_client = @saved_cs_client */;

--
-- Dumping data for table `Materia`
--

LOCK TABLES `Materia` WRITE;
/*!40000 ALTER TABLE `Materia` DISABLE KEYS */;
INSERT INTO `Materia` VALUES (1,'biologia',1);
/*!40000 ALTER TABLE `Materia` ENABLE KEYS */;
UNLOCK TABLES;

--
-- Table structure for table `Nota`
--

DROP TABLE IF EXISTS `Nota`;
/*!40101 SET @saved_cs_client     = @@character_set_client */;
/*!40101 SET character_set_client = utf8 */;
CREATE TABLE `Nota` (
  `idMateria` int(11) NOT NULL,
  `nota` varchar(45) DEFAULT NULL,
  `idGrado` int(11) NOT NULL,
  `idEstudiante` int(11) NOT NULL,
  PRIMARY KEY (`idMateria`,`idGrado`,`idEstudiante`),
  KEY `fk_Materia_has_Estudiante_Materia1_idx` (`idMateria`),
  KEY `fk_Nota_EstudianteGrado1_idx` (`idGrado`,`idEstudiante`),
  CONSTRAINT `fk_Materia_has_Estudiante_Materia1` FOREIGN KEY (`idMateria`) REFERENCES `Materia` (`idMateria`) ON DELETE NO ACTION ON UPDATE NO ACTION,
  CONSTRAINT `fk_Nota_EstudianteGrado1` FOREIGN KEY (`idGrado`, `idEstudiante`) REFERENCES `EstudianteGrado` (`idGrado`, `idEstudiante`) ON DELETE NO ACTION ON UPDATE NO ACTION
) ENGINE=InnoDB DEFAULT CHARSET=utf8;
/*!40101 SET character_set_client = @saved_cs_client */;

--
-- Dumping data for table `Nota`
--

LOCK TABLES `Nota` WRITE;
/*!40000 ALTER TABLE `Nota` DISABLE KEYS */;
/*!40000 ALTER TABLE `Nota` ENABLE KEYS */;
UNLOCK TABLES;

--
-- Table structure for table `Pais`
--

DROP TABLE IF EXISTS `Pais`;
/*!40101 SET @saved_cs_client     = @@character_set_client */;
/*!40101 SET character_set_client = utf8 */;
CREATE TABLE `Pais` (
  `idPais` int(11) NOT NULL AUTO_INCREMENT,
  `nombre` varchar(45) DEFAULT NULL,
  PRIMARY KEY (`idPais`)
) ENGINE=InnoDB AUTO_INCREMENT=3 DEFAULT CHARSET=utf8;
/*!40101 SET character_set_client = @saved_cs_client */;

--
-- Dumping data for table `Pais`
--

LOCK TABLES `Pais` WRITE;
/*!40000 ALTER TABLE `Pais` DISABLE KEYS */;
INSERT INTO `Pais` VALUES (1,'Colombia'),(2,'Ecuador');
/*!40000 ALTER TABLE `Pais` ENABLE KEYS */;
UNLOCK TABLES;

--
-- Table structure for table `Persona`
--

DROP TABLE IF EXISTS `Persona`;
/*!40101 SET @saved_cs_client     = @@character_set_client */;
/*!40101 SET character_set_client = utf8 */;
CREATE TABLE `Persona` (
  `idPersona` int(11) NOT NULL AUTO_INCREMENT,
  `nombre` varchar(100) DEFAULT NULL,
  `apellido` varchar(100) DEFAULT NULL,
  `email` varchar(45) DEFAULT NULL,
  `direccion` varchar(45) DEFAULT NULL,
  `identificacion` varchar(45) DEFAULT NULL,
  `tipoIdentificacion` varchar(45) DEFAULT NULL,
  `fechaNacimiento` datetime DEFAULT NULL,
  `sexo` varchar(2) DEFAULT NULL,
  `celular` varchar(45) DEFAULT NULL,
  `idUsuario` int(11) NOT NULL,
  `tipo` varchar(45) DEFAULT NULL COMMENT 'admin\nestudiante\ndocente o representante',
  `idCiudad` int(11) DEFAULT NULL,
  `idInstitucion` int(11) DEFAULT NULL,
  PRIMARY KEY (`idPersona`),
  KEY `fk_Persona_Usuario1_idx` (`idUsuario`),
  KEY `fk_Persona_Ciudad1_idx` (`idCiudad`),
  KEY `fk_Persona_Institucion1_idx` (`idInstitucion`),
  CONSTRAINT `fk_Persona_Ciudad1` FOREIGN KEY (`idCiudad`) REFERENCES `Ciudad` (`idCiudad`) ON DELETE NO ACTION ON UPDATE NO ACTION,
  CONSTRAINT `fk_Persona_Institucion1` FOREIGN KEY (`idInstitucion`) REFERENCES `Institucion` (`idInstitucion`) ON DELETE NO ACTION ON UPDATE NO ACTION,
  CONSTRAINT `fk_Persona_Usuario1` FOREIGN KEY (`idUsuario`) REFERENCES `Usuario` (`idUsuario`) ON DELETE NO ACTION ON UPDATE NO ACTION
) ENGINE=InnoDB AUTO_INCREMENT=59 DEFAULT CHARSET=utf8;
/*!40101 SET character_set_client = @saved_cs_client */;

--
-- Dumping data for table `Persona`
--

LOCK TABLES `Persona` WRITE;
/*!40000 ALTER TABLE `Persona` DISABLE KEYS */;
INSERT INTO `Persona` VALUES (1,'luis','valdez','luis@gmail.es','carr','12','Cedula de ciudadania','2003-10-10 00:00:00','F','312',1,'ESTUDIANTE',1,1),(2,'Yesmi','Bolaños','yes@gmail.es','carr','1059358','Cedula de ciudadania','1999-12-26 00:00:00','F','310',2,'ADMINISTRADOR',141,2),(3,'andres','cruz','andres@gmail.es','carr','196','Cedula de ciudadania','2005-11-01 00:00:00','M','310',3,'DOCENTE',1,1),(26,'Luna','Cielo blanco','luna@loverwood.com','cr9','27','Cedula de ciudadania','2017-01-10 00:00:00','F','321',26,'',138,2),(41,'jiun','kau','kau@mailox.fun','cra1 ','123','Cedula de ciudadania','2019-01-09 00:00:00','M','123',48,NULL,5,1),(43,'harry','Potter','harry@mailox.fun','cra17','123','Cedula de ciudadania','2019-01-09 00:00:00','M','321',43,NULL,5,1),(47,'ale1','ale1','6aea5aa061@mailboxy.fun','cra17','123','Cedula de ciudadania','2019-03-07 00:00:00','M','321',55,NULL,141,1),(48,'ale2','ale','aea5537255@mailboxy.fun','cra17','123','Cedula de ciudadania','2019-03-07 00:00:00','M','321',56,NULL,141,1),(49,'ales','campo','foxerezer@mail-cart.com','cra17','12345','Cedula de ciudadania','2019-03-07 00:00:00','M','321',57,NULL,141,1),(50,'ales','luthor','megu@net-list.com','cra17','123','Cedula de ciudadania','2019-03-07 00:00:00','M','321',58,NULL,141,1),(51,'lex','buitron','palucasuwi@mail-cart.com','cra17','123','Cedula de ciudadania','2019-03-07 00:00:00','M','321',59,NULL,141,1),(52,'perla','das','abuitron@bellvoz.com','cra17','123','Cedula de ciudadania','2019-03-07 00:00:00','M','321321',60,NULL,141,1),(53,'carl','ales','effemmena-2013@yopmail.com','cra17','123','Cedula de ciudadania','2019-03-07 00:00:00','M','321321',61,NULL,141,1),(54,'lui','asd','feil.zena710@hidebusiness.xyz','cra17','123','Cedula de ciudadania','2019-03-07 00:00:00','M','321',62,NULL,141,1),(55,'ant','asd','stiedemann.freddie617@hidebusiness.xyz','cra17','123','Cedula de ciudadania','2019-03-07 00:00:00','M','321',63,NULL,141,1),(56,'pele','car','helga.bogan440@hidebusiness.xyz','cra17','12312','Cedula de ciudadania','2019-03-07 00:00:00','M','321',65,NULL,141,1),(57,'mari','pedraza','marisol.emard242@hidebusiness.xyz','cra4','123','Cedula de ciudadania','2019-03-07 00:00:00','F','1232',66,NULL,141,1),(58,'carl','qerqer','22465135b0@mailboxy.fun','cd12cd','123123','Cedula de ciudadania','2019-03-12 00:00:00','M','123123',67,NULL,141,1);
/*!40000 ALTER TABLE `Persona` ENABLE KEYS */;
UNLOCK TABLES;

--
-- Table structure for table `PreguntaAmbiente`
--

DROP TABLE IF EXISTS `PreguntaAmbiente`;
/*!40101 SET @saved_cs_client     = @@character_set_client */;
/*!40101 SET character_set_client = utf8 */;
CREATE TABLE `PreguntaAmbiente` (
  `idPreguntaAmbiente` int(11) NOT NULL,
  `enunciado` varchar(150) DEFAULT NULL,
  `idTipoAmbiente` int(11) NOT NULL,
  `urlImagen` varchar(100) DEFAULT NULL,
  `orden` int(11) DEFAULT NULL,
  PRIMARY KEY (`idPreguntaAmbiente`),
  KEY `fk_PreguntasAmbiente_TipoAmbiente1_idx` (`idTipoAmbiente`),
  CONSTRAINT `fk_PreguntasAmbiente_TipoAmbiente1` FOREIGN KEY (`idTipoAmbiente`) REFERENCES `TipoAmbiente` (`idTipoAmbiente`) ON DELETE NO ACTION ON UPDATE NO ACTION
) ENGINE=InnoDB DEFAULT CHARSET=utf8;
/*!40101 SET character_set_client = @saved_cs_client */;

--
-- Dumping data for table `PreguntaAmbiente`
--

LOCK TABLES `PreguntaAmbiente` WRITE;
/*!40000 ALTER TABLE `PreguntaAmbiente` DISABLE KEYS */;
INSERT INTO `PreguntaAmbiente` VALUES (1,'Construir gabinetes de cocina',1,'1-Construir-gabinetes-de-cosina.png',1),(2,'Guardar dinero en un carro blindado',1,'2-Guardar-dinero-en-un-carro-blindado.png',2),(3,'Estudiar viajes al espacio',2,'3-Estudiar-astronomia.png',3),(4,'Hacer un mapa del fondo del oceano',2,'4-Hacer-un-mapa-del-fondo-del-oceano.png',4),(5,'Dirigir una orquesta sinfonica',3,'5-Dirigir-una-orquesta-sinfonica.png',5),(6,'Escribir historias o articulos para una revista o periodico',3,'6-Escribir-historias-o-articulos-para-una-revista-o-periodico.png',6),(7,'Enseñar un ejercicio o rutina individual',4,'7-Ensenar-un-ejercicio-o-rutina-individual.png',7),(8,'Hacer turnos de enfermeria en un hospital',4,'8-Hacer-turnos-de-enfermeria-en-un-hospital.png',8),(9,'Comprar titulos de deuda o mercancias',5,'9-Comprar-titulos-de-deuda-o-mercancias.png',9),(10,'Gerenciar un almacen de reventa',5,'10-Gerenciar-un-almacen-de-reventa.png',10),(11,'Desarrollar una hoja electronica en el computador',6,'11-Desarrollar-una-hoja-electronica-en-el-computador.png',11),(12,'Corregir formas y registros',6,'12-Corregir-formas-y-registros.png',12),(13,'Operar diariamente una finca',1,'13-Operar-diariamente-una-finca.png',13),(14,'Pegar ladrillos o azulejos',1,'14-Pegar-ladrillos-o-azulejos.png',14),(15,'Estudiar historias de civilizaciones pasadas',2,'15-Estudiar-historias-de-civilizaciones-pasadas.png',15),(16,'Estudiar comportamiento animal',2,'16-Estudiar-comportamiento-animal.png',16),(17,'Dirigir un juego',3,'17-Dirigir-un-juego.png',17),(18,'Crear danzas y rutinas para un show',3,'18-Crear-danzas-y-rutinas-para-un-show.png',18),(19,'Dar reanimacion cardiopulmonar a alguien quien lo necesita',4,'19-Dar-reanimacion-cardiopulmonar-a-alguien-quien-lo-necesita.png',19),(20,'Ayudar a la gente con sus problemas emocionales',4,'20-Ayudar-a-la-gente-con-sus-problemas-emocionales.png',20),(21,'Vender telefonos y equipos de telecomunicaciones',5,'21-Vender-telefonos-y-equipos-de-telecomunicaciones.png',21),(22,'Operar un salon de belleza o barbería',5,'22-Operar-un-salon-de-belleza-o-barberia.png',22),(23,'Usar un programa de computador para generar facturas',6,'23-Usar-un-programa-de-computador-para-generar-facturas.png',23),(24,'Programar conferencias para una organización',6,'24-Programar-conferencias-para-una-organizacion.png',24),(25,'Trabajar en una linea de ensamble',1,'25-Trabajar-en-una-linea-de-ensamble.png',25),(26,'Reparar electrodomesticos',1,'26-Reparar-electrodomesticos.png',26),(27,'Desarrollar una nueva medicina',2,'27-desarrollar-una-nueva-medicina.png',27),(28,'Planear un estudio de investigacion',2,'28-Planear-un-estudio-de-investigacion.png',28),(29,'Escribir libros o juegos',3,'29-Escribir-libros-o-juegos.png',29),(30,'Tocar un instrumento musical',3,'30-Tocar-un-instrumento-musical.png',30),(31,'Enseñar a los niños a como leer',4,'31-Ensenar-a-los-ninos-a-como-leer.png',31),(32,'Trabajar con niños con discapacidad mental',4,'32-Trabajar-con-ninos-con-discapacidad-mental.png',32),(33,'Vender mercancias sobre el telefono',5,'33-Vender-mercancias-sobre-el-telefono.png',33),(34,'Guardar y comercializar revistas y periodicos',5,'34-guardar-y-comercializar-revistas-periodicos.png',34),(35,'Mantener cuentas de recibos y pagos',6,'35-Mantener-cuentas-de-recibos-y-pagos.png',35),(36,'Cargar software de computador en una gran red',6,'36-Cargar-software-de-computador-en-una-gran-red.png',36),(37,'Conducir un taxi',1,'37-Conducir-un-taxi.png',37),(38,'Instalar pisos en una casa',1,'38-Instalar-pisos-en-una-casa.png',38),(39,'Estudiar formas de reducir la contaminacion del agua',2,'39-Estudiar-formas-de-reducir-la-contaminacion-del-agua.png',39),(40,'Desarrollar un nuevo procedimiento para tratamiento medico',2,'40-Desarrollar-un-nuevo-procedimiento-para-tratamiento-medico.png',40),(41,'Ejecutar rutinas de comedia en frente de una audiencia',3,'41-Ejecutar-rutinas-de-comedia-en-frente-de-una-audiencia.png',41),(42,'Actuar como un extra en una pelicula o show de television',3,'42-Actuar-como-un-extra-en-una-pelicula-o-show-de-television.png',42),(43,'Enseñar en basica primaria',4,'43-ensenar-en-basica-primaria.png',43),(44,'Dar orientacion vocacional a las personas',4,'44-Dar-orientacion-vocacional-a-las-personas.png',44),(45,'Realizar una presentación de un producto que este vendiendo',5,'45-Realizar-una-presentacion-de-un-producto-que-este-vendiendo.png',45),(46,'Comprar y vender tierras',5,'46-Comprar-y-vender-tierras.png',46),(47,'Transferir fondos entre bancos usando un software de computador',6,'47-TRANFERIR-TRABAJOS-USANDO-SOFWARE-DE-COMPUTADOR.png',47),(48,'Programar reuniones de oficina',6,'48-programar-reuniones-de-oficina.png',48),(49,'Cargar pescado en una pesqueria',1,'49-cargar-pescado-en-una-pescaderia.png',49),(50,'Construir un muro de ladrillos',1,'50-CONSTRUIR-UN-MURO-DE-LADRILLO.png',50),(51,'Determinar el promedio de infeccion de una nueva enfermedad',2,'51-Determinar-el-promedio-de-infeccion-de-una-nueva-enfermedad.png',51),(52,'Estudiar rocas y minerales',2,'52-Estudiar-rocas-y-minerales.png',52),(53,'Escribir ensayos de libros o juegos',3,'53-Escribir-ensayos-de-libros-o-juegos.png',53),(54,'Componer o arreglar musica',3,'54-Componer-o-arreglar-musica.png',54),(55,'Supervisar actividades de niños en un campo',4,'55-supervisar-actividades-de-ninos-en-un-campo.png',55),(56,'Ayudar a gente con problemas familiares',4,'56-AYUDAR-AGENTE-CON-PROBLEMAS-FAMILIARES.png',56),(57,'Vender discos compactos en un almacen de musica',5,'57-vender-discos-compactos-de-musica.png',57),(58,'Administrar un almacen de juguetes',5,'58-Administrar-un-almacen-de-juguetes.png',58),(59,'Usar un procesador de texto para editar documentos',6,'59-usar-un-procesador-de-texto-para-editar-un-documento.png',59),(60,'Usar una calculadora',6,'60-usar-una-calculadora.png',60),(61,'Ensamblar partes electronicas',1,'61-Ensamblar-partes-electronicas.png',61),(62,'Conducir un camión para entregar paquetes en oficinas o casas',1,'62-conducir-un-camion-para-entregar-paquetes-en-oficina-o-casas.png',62),(63,'Diagnosticar o tratar enfermedades de animales',2,'63-diagnosticar-o-tratar-enfermedades-de-animales..png',63),(64,'Estudiar personalidades de lideres mundiales',2,'64-Estudiar-personalidades-de-lideres-mundiales.png',64),(65,'Actuar en una película',3,'65-actuar-en-una-novela.png',65),(66,'Bailar en un show de Broadway',3,'66-BAILAR-EN-UN-SHOW-DE-BROADWAY.png',66),(67,'Hacer terapia de rehabilitacion',4,'67-hacer-terapia-de-reabilitacion.png',67),(68,'Ser voluntario en una organización sin animo de lucro',4,'68-Ser-voluntario-en-una-organizacion-sin-animo-de-lucro.png',68),(69,'Gerenciar la operación de un hotel',5,'69-gerenciar-la-operacion-de-un-hotel.png',69),(70,'Vender casas',5,'70-veder-casas.png',70),(71,'Transferir llamadas en una gran organización',6,'71-Transferir-llamadas-en-una-gran-organizacion.png',71),(72,'Ejecutar tareas de archivado en una oficina',6,'72-Ejecutar-tareas-de-archivado-en-una-oficina.png',72),(73,'Pintar casas',1,'73-Pintar-casas.png',73),(74,'Hacer cumplir las leyes de defensa a practicas de caza deportiva',1,'74-Hacer-cumplir-las-leyes-de-defensa-a-practicas-de-caza-deportiva.png',74),(75,'Conducir experimentos quimicos',2,'75-Conducir-experimentos-quimicos.png',75),(76,'Conducir investigaciones biologicas',2,'76-conducir-investigaciones-biologicas.png',76),(77,'Pintar cuadros',3,'77-pintando-cuadros.png',77),(78,'Cantar profesionalmente',3,'78-Cantar-profesionalmente.png',78),(79,'Ayudar a gente anciana con los problemas de su vida diaria',4,'79-Ayudar-a-gente-anciana-con-los-problemas-de-su-vida-diaria.png',79),(80,'Enseñar a los niños a como jugar un deporte',4,'80-Ensenar-a-los-ninos-como-jugar-un-deporte.png',80),(81,'Vender palomitas de maiz y dulces en un encuentro deportivo',5,'81-Vender-palomitas-de-maiz-y-dulces-en-un-encuentro-deportivo.png',81),(82,'Gerenciar un supermercado',5,'82-Gerenciar-un-supermercado.png',82),(83,'Computar y registrar datos numericos y calculos estadisticos',6,'83-computar-regustrar-datos-numericos-y-calculos-estadisticos.png',83),(84,'Generar los pagos mensuales de cheques de una oficina',6,'84-generar-los-pagos-mensuales-de-cheques-de-una-oficina.png',84),(85,'Operar una maquina de ensamble',1,'85-Operar-una-maquina-de-ensamble.png',85),(86,'Trabajar en un pozo petrolero, extrayendo petroleo',1,'86-Trabajar-en-un-pozo-petrolero-extrayendo-petroleo.png',86),(87,'Estudiar el crecimiento de la poblacion de una ciudad',2,'87-Estudiar-el-crecimiento-de-la-poblacion-de-una-ciudad.png',87),(88,'Estudiar ballenas y otros tipos de vida marina',2,'88-Estudiar-ballenas-y-otros-tipos-de-vida-marina.png',88),(89,'Realizar acrobacias en moto para una pelicula o programa de TV',3,'89-Realizar-acrobacias-en-moto-para-una-pelicula-o-programa-de-TV.png',89),(90,'Crear efectos especiales para una pelicula',3,'90-Crear-efectos-especiales-para-una-pelicula.png',90),(91,'Ayudar a la gente para superar problemas diarios en su vida',4,'91-Ayudar-a-la-gente-para-superar-problemas-diarios-en-su-vida.png',91),(92,'Enseñar a cantar a gente con problemas auditivos',4,'92-Ensenar-a-cantar-gente-con-problemas-auditivos-codigo-8.png',92),(93,'Gerenciar un departamento de una gran compañía',5,'93-Gerenciar-un-departamento-de-una-gran-compania.png',93),(94,'Vender bebidas suves o licores',5,'94-Vender-bebidas-suves-o-licores1.png',94),(95,'Tomar notas durante una reunion',6,'95-Tomar-notas-durante-una-reunion.png',95),(96,'Mantener almacenar y recibir registros',6,'96-imagen-de-ALMACENAR-Y-RECIBIR-REGISTROS.png',96),(97,'Ejecutar defensas como un abogado de alguien',1,'97-ejecutar-defensas-como-un-abogado.png',97),(98,'Ensamblar productos en una fabrica',1,'98-Ensamblar-productos-en-una-fabrica.png',98),(99,'Investigar Crimenes',2,'99-Investigar-Crimenes.png',99),(100,'Estudiar el movimiento de los planetas',2,'100-Estudiar-el-movimiento-de-los-planetas.png',100),(101,'Conducir un coro musical',3,'101-Conducir-un-coro-musical.png',101),(102,'Ser parte de un juego',3,'102-Ser-parte-de-un-juego.png',102),(103,'Ayudar a gente que tenga problemas con drogas o alcohol',4,'103-Ayudar-a-gente-que-tenga-problemas-con-drogas-o-alcohol.png',103),(104,'Conducir un grupo de terapistas ',4,'104-Conducir-un-grupo-de-terapistas-valeria-otoya.png',104),(105,'Vender refrescos en un teatro durante una pelicula',5,'105-Vender-refrescos-en-un-teatro-durante-una-pelicula.png',105),(106,'Vender productos para cuidado del cabello en almacenes y salones',5,'106-Vender-productos-para-cuidar-el-cabello-en-almasenes-y-salones.png',106),(107,'Calcular los salarios de los empleados (trabajar en nomina)',6,'107-Calcular-los-salarios-de-los-empleados-(trabajar-en-nomina).png',107),(108,'Trabajar en contabilidad',6,'108-trabajar-en-contabilidad.png',108),(109,'Ser miembro de un club de pesca',1,'109-ser-miembro-de-un-club-de-pesca.png',109),(110,'Arreglar o restaurar muebles',1,'110-arreglar-o-restaurar-muebles.png',110),(111,'Examinar muestras de sangre usando un microscopio',2,'111-Examinar-muestras-de-sangre-usando-un-microscopio.png',111),(112,'Investigar la causa de un fuego',2,'112-causas-del-fuego.png',112),(113,'Pintar conjuntos para juegos',3,'113-Pintar-conjuntos-para-juegos.png',113),(114,'Realizar audicion de cantantes para un coro musica',3,'114-Realizar-audicion-de-cantantes-para-un-coro-musical.png',114),(115,'Proveer masajes a las personas',4,'115-hacer-masajes-a-personas.png',115),(116,'Ayudar a personas con problemas familiares',4,'116-Ayudar-a-personas-con-problemas-familiares.png',116),(117,'Crear su propio negocio',5,'117-Crear-su-propio-negocio.png',117),(118,'Negociar contratos de negocio',5,'118-Negociar-Contratos-de-Negocio-Yancarlo-Galindez-Hurtado-11-A.png',118),(119,'Etiquetar sobres y paquetes',6,'119-etiquetar-sobres-y-paquetes.png',119),(120,'Realizar inventarios con un computador de mano',6,'120-Realizar-inventarios-con-un-computador-de-mano.png',120),(121,'Arreglar un plafon roto',1,'121-Arreglar-un-plafon-roto.png',121),(122,'Hacer servicio de mantenimiento o limpieza',1,'122-hacer-servicio-de-mantenimiento-o-limpieza.png',122),(123,'Estudiar la estructura del cuerpo humano',2,'123-Estudiar-la-estructura-del-cuerpo-humano.png',123),(124,'Desarrollar perfil psicologico de criminales',2,'124-Desarrollar-perfil-psicologico-de-criminales.png',124),(125,'Diseñar conjuntos para juegos',3,'125-Disenar-conjuntos-para-juegos-Vanessa-J.png',125),(126,'Anunciar un show de radio',3,'126-Anunciar-un-show-de-radio.png',126),(127,'Planear ejercicios para pacientes discapacitados',4,'127-planear-ejercicios-para-pacientes-descapacitados.png',127),(128,'Aconsejar a gente con problemas familiares',4,'128-Aconsejar-a-gente-con-problemas-familiares.png',128),(129,'Representar a un cliente en un juicio',5,'129-REPRECENTAR-A-UN-CLIENTE-EN-UN-JUICIO.png',129),(130,'Negociar contratos de profesionales atletas',5,'130-Negociar-contratos-de-profesionales-atletas.png',130),(131,'Desarrollar un sistema de archivo de una oficina',6,'131-Desarrollar-un-sistema-de-archivo-de-una-oficina.png',131),(132,'Manetener registros de transacciones financieras de una organización',6,'132-mantener-registros-de-transacciones-financieras-de-una-organizacion.png',132),(133,'Mantener las zonas verdes de un parque',1,'133-Mantener-las-zonas-verdes-de-un-parque.png',133),(134,'Operar una maquina de produccion en linea',1,'134-Operar-una-maquina-de-produccion-en-linea.png',134),(135,'Desarrollar una forma de predecir el clima',2,'135-Desarrollar-una-forma-de-predecir-el-clima.png',135),(136,'Trabajar en un laboratorio biologico',2,'136-Trabajar-en-un-laboratorio-biologico.png',136),(137,'Escribir libretos para peliculas o programas de television',3,'137-Escribir-libretos-para-peliculas-o-programas-de-television.png',137),(138,'Escribir una cancion',3,'138-Escribir-una-cancion.png',138),(139,'Enseñar a trabajar y desarrollar habilidades para la vida a gente discapacitada',4,'139-Ensenar-a-trabajar-y-desarrollar-habilidades-para-la-vida-a-gente-discapacitada.png',139),(140,'Organizar actividades en un centro recreacional',4,'140-Organizar-actividades-en-un-centro-recreacional.png',140),(141,'Enseñar a trabajar y desarrollar habilidades para la vida a gente discapacitada',5,'141-Ser-responsable-por-la-operacion-de-una-gran-compania.png',141),(142,'Mercadear una nueva linea de ropa',5,'142-Mercadear-una-nueva-linea-de-ropa.png',142),(143,'Registrar cargos a la cuenta de un cliente',6,'143-Registrar-cargos-a-la-cuenta-de-un-cliente.png',143),(144,'Fotocopiar',6,'144-Fotocopiar.png',144),(145,'Fumigar arboles para prevenir insectos',1,'145-Fumigar-arboles-para-prevenir-insectos.png',145),(146,'Evaluar la calidad de un embarque antes de enviarlo',1,'146-Evaluar-la-calidad-de-un-embarque-antes-de-enviarlo.png',146),(147,'Inventar un reemplazo para el azucar',2,'147-Inventar-un-reemplazo-para-el-azucar.png',147),(148,'Estudiar genetica',2,'148-Estudiar-genetica.png',148),(149,'Ejecutar una rutina de jazz',3,'149-Ejecutar-una-rutina-de-jazz.png',149),(150,'Dirigir una pelicula',3,'150-Dirigir-una-pelicula.png',150),(151,'Cuidar niños en una guarderia',4,'151-Cuidar-ninos-en-una-guarderia.png',151),(152,'Organizar viajes para gente discapacitada',4,'152-Organizar-viajes-para-gente-discapacitada.png',152),(153,'Vender avisos en periodico',5,'153-Vender-avisos-en-periodico.png',153),(154,'Vender mercancias en el departamento de un almacen',5,'154-Vender-mercancias-en-el-departamento-de-un-almacen.png',154),(155,'Registrar pagos de renta',6,'155-Registrar-pagos-de-renta.png',155),(156,'Entrar informacion en una base de datos',6,'156-Entrar-informacion-en-una-base-de-datos.png',156),(157,'Operar una lancha de motor',1,'157-Operar-una-lancha-de-motor.png',157),(158,'Reparar e instalar cerraduras',1,'158-Reparar-e-instalar-cerraduras.png',158),(159,'Estudiar gobiernos de diferentes paises',2,'159-Estudiar-gobiernos-de-diferentes-paises.png',159),(160,'Investigar plantas y animales',2,'160-Investigar-plantas-y-animales.png',160),(161,'Cantar en una banda',3,'161-Cantar-en-una-banda.png',161),(162,'Diseñar arte para una revista',3,'162-Disenar-arte-para-una-revista.png',162),(163,'Asistir a doctores en tratamiento de pacientes',4,'163-Asistir-a-doctores-en-tratamiento-de-pacientes.png',163),(164,'Trabajar con jovenes en libertad condicional',4,'164-Trabajar-con-jovenes-en-libertad-condicional.png',164),(165,'Vender automoviles',5,'165-Vender-automoviles.png',165),(166,'Gerenciar un almacen de ropa',5,'166-Gerenciar-un-almacen-de-ropa.png',166),(167,'Mantener registros de inventarios',6,'167-Mantener-registros-de-inventarios.png',167),(168,'Mantener registros de empleados',6,'168-Mantener-registros-de-empleados.png',168),(169,'Vender mercancias en el departamento de un almacen',1,'169-Configurar-y-operar-una-maquina-para-hacer-productos.png',169),(170,'Apagar incendios',1,'170-Apagar-incendios.png',170),(171,'Hacer pruebas de laboratorio par identificar enfermedades',2,'171-Hacer-pruebas-de-laboratorio-par-identificar-enfermedades.png',171),(172,'Estudiar las condiciones del clima',2,'172-Estudiar-las-condiciones-del-clima.png',172),(173,'Editar peliculas',3,'173-Editar-peliculas.png',173),(174,'Posar para un fotografo',3,'174-Posar-para-un-fotografo.png',174),(175,'Proveer terapia fisica para recuperar a alguien de una lesion',4,'175-Proveer-terapia-fisica-para-recuperar-a-alguien-de-una-lesion.png',175),(176,'Enseñar en basica secundaria',4,'176-Ensenar-en-basica-secundaria.png',176),(177,'Vender franquicias a individuos',5,'177-Vender-franquicias-a-individuos.png',177),(178,'Vender partes de computador en un almacen',5,'178-Vender-partes-de-computador-en-un-almacen.png',178),(179,'Estampar organizar y distribuir correo en una organización',6,'179-Estampar-organizar-y-distribuir-correo-en-una-organizacion.png',179),(180,'Sostener transacciones bancarias con clientes',6,'180-Sostener-transacciones-bancarias-con-clientes.png',180);
/*!40000 ALTER TABLE `PreguntaAmbiente` ENABLE KEYS */;
UNLOCK TABLES;

--
-- Table structure for table `PreguntaPersonalidad`
--

DROP TABLE IF EXISTS `PreguntaPersonalidad`;
/*!40101 SET @saved_cs_client     = @@character_set_client */;
/*!40101 SET character_set_client = utf8 */;
CREATE TABLE `PreguntaPersonalidad` (
  `idPreguntaPersonalidad` int(11) NOT NULL AUTO_INCREMENT,
  `enunciado1` varchar(100) DEFAULT NULL,
  `idTipoPersonalidad` int(11) NOT NULL,
  `suma` tinyint(1) DEFAULT NULL,
  `orden` int(11) DEFAULT NULL,
  `enunciado2` varchar(100) DEFAULT NULL,
  PRIMARY KEY (`idPreguntaPersonalidad`),
  KEY `fk_Pregunta_Ambiente1_idx` (`idTipoPersonalidad`),
  CONSTRAINT `fk_Pregunta_Ambiente1` FOREIGN KEY (`idTipoPersonalidad`) REFERENCES `TipoPersonalidad` (`idTipoPersonalidad`) ON DELETE NO ACTION ON UPDATE NO ACTION
) ENGINE=InnoDB AUTO_INCREMENT=33 DEFAULT CHARSET=utf8;
/*!40101 SET character_set_client = @saved_cs_client */;

--
-- Dumping data for table `PreguntaPersonalidad`
--

LOCK TABLES `PreguntaPersonalidad` WRITE;
/*!40000 ALTER TABLE `PreguntaPersonalidad` DISABLE KEYS */;
INSERT INTO `PreguntaPersonalidad` VALUES (1,'¿Haces listas?',1,1,1,'¿Confías en la memoria?'),(2,'¿Eres escéptico?',2,0,2,'¿Deseas Creer?'),(3,'¿Te aburres cuando estas solo?',3,0,3,'¿Necesitas estar tiempo a solas?'),(4,'¿Aceptas las cosas tal cual son?',4,1,4,'¿Eres insatisfecho como son las cosas?'),(5,'¿Mantienes la habitación limpia?',1,1,5,'¿Pones las cosas donde quiera que sea?'),(6,'¿Piensas que \"róbotico\" es un insulto?',2,1,6,'¿Prefieres tener una mente mecánica?'),(7,'¿Eres Enérgico?',3,0,7,'¿Suave?'),(8,'¿Prefieres tomar muchas alternativas o elecciones?',4,1,8,'¿Prefieres usar una respuesta?'),(9,'¿Caótico o desordenado?',1,0,9,'¿Organizado?'),(10,'¿Sonrojable?',2,1,10,'¿Descarado?'),(11,'¿Trabaja mejor en grupos?',3,0,11,'¿Trabaja mejor solo?'),(12,'¿Enfocado en el presente?',4,1,12,'¿Enfocado en el futuro?'),(13,'¿Planea a largo plazo?',1,1,13,'¿Planea al ultimo minuto?'),(14,'¿Desea el respeto de la gente?',2,0,14,'¿Desea el amor de la gente?'),(15,'¿Te desgastan las fiestas?',3,1,15,'¿Te encienden las fiestas?'),(16,'¿Te acoplas y adaptas?',4,1,16,'¿Te impones?'),(17,'¿Te muestras abierto a las opciones?',1,0,17,'¿Decides y ejecutas?'),(18,'¿Eres bueno arreglando cosas?',2,0,18,'¿Eres bueno ayudando personas?'),(19,'¿Hablas más?',3,0,19,'¿Escuchas más?'),(20,'¿Dices lo que pasó en un evento?',4,1,20,'¿Dices lo que significa que haya ocurrido un evento?'),(21,'¿Haces el trabajo al instante?',1,1,21,'¿Esperas para hacer las cosas?'),(22,'¿Sigues el corazón?',2,1,22,'¿Sigues tu razón?'),(23,'¿Permaneces en casa?',3,1,23,'¿Te gusta salir al centro?'),(24,'¿Deseas toda la pintura?',4,0,24,'¿Deseas los detalles?'),(25,'¿Improvisas?',1,0,25,'¿Preparas?'),(26,'¿Basas tu moralidad en justicia?',2,0,26,'¿Basas tu moralidad en la compasión?'),(27,'¿Se te hace escandaloso gritar así sea suavemente?',3,1,27,'¿Gritas naturalmente, para llamar a otros que estan lejos?'),(28,'¿Teórico?',4,0,28,'¿Empírico?'),(29,'¿Trabajas duro?',1,1,29,'¿Juegas duro?'),(30,'¿Te incomodan las emociones?',2,0,30,'¿Te sientes cómodo con las emociones?'),(31,'¿Te sientes cómodo hablando frente a un publico?',3,0,31,'¿Evitas hablar en público?'),(32,'¿Buscas conocer, cómo, quien, cuando?',4,1,32,'¿Buscas conocer, porqué?');
/*!40000 ALTER TABLE `PreguntaPersonalidad` ENABLE KEYS */;
UNLOCK TABLES;

--
-- Table structure for table `RespuestaAmbiente`
--

DROP TABLE IF EXISTS `RespuestaAmbiente`;
/*!40101 SET @saved_cs_client     = @@character_set_client */;
/*!40101 SET character_set_client = utf8 */;
CREATE TABLE `RespuestaAmbiente` (
  `idPreguntasAmbiente` int(11) NOT NULL,
  `idEncuesta` int(11) NOT NULL,
  `respuesta` float DEFAULT NULL,
  PRIMARY KEY (`idPreguntasAmbiente`,`idEncuesta`),
  KEY `fk_RespuestaAmbiente_Encuesta1_idx` (`idEncuesta`),
  CONSTRAINT `fk_RespuestaAmbiente_Encuesta1` FOREIGN KEY (`idEncuesta`) REFERENCES `Encuesta` (`idEncuesta`) ON DELETE NO ACTION ON UPDATE NO ACTION,
  CONSTRAINT `fk_RespuestaAmbiente_PreguntasAmbiente1` FOREIGN KEY (`idPreguntasAmbiente`) REFERENCES `PreguntaAmbiente` (`idPreguntaAmbiente`) ON DELETE NO ACTION ON UPDATE NO ACTION
) ENGINE=InnoDB DEFAULT CHARSET=utf8;
/*!40101 SET character_set_client = @saved_cs_client */;

--
-- Dumping data for table `RespuestaAmbiente`
--

LOCK TABLES `RespuestaAmbiente` WRITE;
/*!40000 ALTER TABLE `RespuestaAmbiente` DISABLE KEYS */;
INSERT INTO `RespuestaAmbiente` VALUES (1,2,0),(1,3,1),(1,14,0),(1,17,0),(1,18,0),(1,23,1),(1,24,1),(1,25,1),(1,27,0.5),(1,29,0),(1,30,0),(1,32,0.5),(1,34,1),(1,35,0),(1,36,0.5),(1,37,0.5),(1,38,1),(1,39,0),(1,40,0.5),(1,41,1),(1,42,0.5),(1,43,0.5),(1,45,0),(1,46,0),(1,47,0.5),(1,48,0),(1,49,0),(1,52,0),(1,53,0),(1,54,0.5),(1,55,0.5),(1,56,0),(1,57,0.5),(1,58,0.5),(1,59,1),(1,60,0),(1,61,0.5),(1,62,0.5),(1,63,1),(1,64,1),(1,65,0),(1,67,0.5),(1,68,0),(1,69,0.5),(1,70,0.5),(1,71,1),(1,72,0.5),(1,73,0),(1,74,0),(1,75,0.5),(1,76,1),(1,80,1),(1,81,1),(1,82,1),(1,84,0.5),(1,93,0.5),(1,94,0.5),(1,95,0),(1,96,1),(1,97,0.5),(1,98,0.5),(1,99,1),(1,100,0.5),(1,101,1),(1,102,1),(1,103,1),(1,104,1),(1,105,1),(1,116,1),(1,117,0),(1,123,0.5),(1,126,0.5),(1,128,0.5),(1,129,1),(1,130,1),(1,132,0),(1,133,1),(1,134,0),(1,136,0),(1,137,0.5),(1,138,0),(1,139,0.5),(1,140,1),(1,141,0.5),(1,145,0),(1,146,0),(1,147,0),(1,180,0),(1,188,0),(1,189,-1),(1,190,1),(1,191,0),(1,192,0.5),(1,193,0.5),(1,196,0),(1,205,0),(1,206,0.5),(1,207,1),(1,210,1),(1,211,0.5),(1,212,0),(1,217,0),(1,218,0.5),(1,219,0),(1,220,0),(1,222,1),(1,223,0.5),(1,224,0),(1,225,0.5),(1,226,0.5),(1,227,1),(1,234,0.5),(1,237,1),(1,239,1),(1,240,0),(1,248,1),(1,249,1),(1,250,0),(1,253,0.5),(1,254,0),(1,255,1),(1,256,0.5),(1,257,1),(1,258,1),(1,259,0.5),(1,260,0),(1,262,0),(1,264,0),(1,265,0),(1,269,1),(1,270,1),(1,271,1),(1,272,1),(1,273,1),(1,274,1),(1,275,1),(1,276,1),(1,277,0.5),(1,278,0),(1,279,0),(1,280,1),(1,281,0),(1,282,0),(1,283,0.5),(1,284,1),(1,287,0.5),(1,294,0),(1,296,0),(1,297,0),(1,298,0.5),(1,299,0),(1,300,0.5),(1,301,1),(1,302,0),(1,304,0.5),(1,305,0.5),(1,315,0.5),(1,323,0.5),(1,328,1),(1,331,0),(1,336,0),(1,338,1),(1,339,1),(1,342,1),(1,343,0),(1,344,0.5),(1,345,0),(1,346,0.5),(1,348,0.5),(1,349,0),(1,350,0),(1,352,0),(1,353,1),(1,354,0.5),(1,355,1),(1,356,0),(1,359,0.5),(1,360,0),(1,361,1),(1,362,0),(1,363,1),(1,364,0.5),(1,365,1),(1,366,0),(1,367,0),(1,369,0),(2,2,0),(2,3,0.5),(2,14,0),(2,17,0.5),(2,18,0.5),(2,23,0.5),(2,24,1),(2,25,0),(2,27,0.5),(2,29,0.5),(2,30,0.5),(2,32,0.5),(2,34,0.5),(2,35,0),(2,36,0),(2,37,0.5),(2,38,0),(2,39,0.5),(2,40,0.5),(2,41,0),(2,42,1),(2,43,0),(2,45,0),(2,46,0),(2,47,1),(2,48,0.5),(2,49,0),(2,52,1),(2,53,1),(2,54,1),(2,55,0.5),(2,56,1),(2,57,0.5),(2,58,1),(2,59,1),(2,60,0),(2,61,0.5),(2,62,0),(2,63,0.5),(2,64,0.5),(2,65,0),(2,67,0),(2,68,0.5),(2,69,1),(2,70,0.5),(2,71,0.5),(2,72,1),(2,73,1),(2,74,0.5),(2,75,0.5),(2,76,0.5),(2,80,0),(2,81,0),(2,82,1),(2,84,0),(2,93,0),(2,94,0.5),(2,95,1),(2,96,0.5),(2,97,1),(2,98,0),(2,99,0.5),(2,100,1),(2,101,0),(2,102,1),(2,103,1),(2,104,0.5),(2,105,0),(2,116,0),(2,117,1),(2,123,0),(2,126,0),(2,128,0.5),(2,129,1),(2,130,1),(2,132,0.5),(2,133,0),(2,134,1),(2,136,0.5),(2,137,0),(2,138,1),(2,139,0),(2,140,0.5),(2,141,0.5),(2,145,1),(2,146,0.5),(2,147,1),(2,180,0),(2,188,1),(2,189,1),(2,190,0.5),(2,191,1),(2,192,1),(2,193,0.5),(2,196,0.5),(2,205,1),(2,206,0),(2,207,1),(2,210,0.5),(2,211,0),(2,212,0.5),(2,217,1),(2,218,0.5),(2,219,1),(2,220,1),(2,222,0.5),(2,223,0),(2,224,0),(2,225,0.5),(2,226,1),(2,227,0.5),(2,237,0.5),(2,239,0.5),(2,240,0.5),(2,248,1),(2,249,0.5),(2,250,0.5),(2,253,1),(2,254,0.5),(2,255,1),(2,256,1),(2,257,0.5),(2,258,1),(2,259,0),(2,260,0.5),(2,262,0.5),(2,264,0),(2,265,1),(2,269,0.5),(2,270,1),(2,271,0),(2,272,0.5),(2,273,1),(2,274,0.5),(2,275,0.5),(2,276,0),(2,277,0.5),(2,278,0),(2,279,1),(2,280,0.5),(2,281,0.5),(2,282,0.5),(2,283,0.5),(2,284,0),(2,287,0.5),(2,294,0.5),(2,296,1),(2,297,0),(2,298,1),(2,299,0),(2,300,1),(2,301,0.5),(2,302,0.5),(2,304,0.5),(2,305,1),(2,315,0.5),(2,323,0.5),(2,328,1),(2,331,0),(2,336,0),(2,338,0),(2,339,1),(2,342,1),(2,343,0),(2,344,1),(2,345,1),(2,346,0),(2,348,1),(2,349,1),(2,350,0),(2,352,1),(2,353,0.5),(2,354,0.5),(2,355,0),(2,356,0.5),(2,359,0),(2,360,0.5),(2,361,1),(2,362,0),(2,363,1),(2,364,0),(2,365,0),(2,366,0),(2,367,0),(2,369,0),(3,2,0),(3,3,1),(3,14,1),(3,17,1),(3,18,0.5),(3,23,1),(3,24,1),(3,25,0.5),(3,27,1),(3,29,1),(3,30,0),(3,32,0),(3,34,0),(3,35,0.5),(3,36,0.5),(3,37,1),(3,38,1),(3,39,0.5),(3,40,0.5),(3,41,1),(3,42,0.5),(3,43,0),(3,45,0.5),(3,46,1),(3,47,0),(3,48,0.5),(3,49,0),(3,52,0.5),(3,53,0.5),(3,54,0.5),(3,55,0),(3,56,0.5),(3,57,0.5),(3,58,0),(3,59,0.5),(3,60,0.5),(3,61,0),(3,62,0),(3,63,0),(3,64,0.5),(3,65,0.5),(3,67,1),(3,68,0),(3,69,0),(3,70,0.5),(3,71,0),(3,72,1),(3,73,1),(3,74,0),(3,75,0.5),(3,76,0.5),(3,80,0),(3,81,1),(3,82,0),(3,84,1),(3,93,0),(3,94,1),(3,95,1),(3,96,1),(3,97,0.5),(3,98,0.5),(3,99,0),(3,100,0.5),(3,101,0),(3,102,1),(3,103,1),(3,104,1),(3,105,1),(3,116,1),(3,117,0.5),(3,123,0.5),(3,126,0.5),(3,128,0.5),(3,129,1),(3,130,0.5),(3,132,1),(3,133,1),(3,134,1),(3,136,0),(3,137,0.5),(3,138,1),(3,139,1),(3,140,0.5),(3,141,0),(3,145,1),(3,146,1),(3,147,0.5),(3,180,1),(3,188,1),(3,189,0.5),(3,190,1),(3,191,0),(3,192,1),(3,193,0),(3,196,0),(3,205,0),(3,206,0.5),(3,207,1),(3,210,0),(3,211,0.5),(3,212,0),(3,217,0),(3,218,1),(3,219,0.5),(3,220,0),(3,222,0.5),(3,223,0.5),(3,224,0.5),(3,225,1),(3,226,1),(3,227,0),(3,237,0.5),(3,239,0),(3,240,0.5),(3,248,1),(3,249,1),(3,250,1),(3,253,0.5),(3,254,0.5),(3,255,0),(3,256,1),(3,257,0.5),(3,258,0),(3,259,1),(3,260,0.5),(3,262,0),(3,264,1),(3,265,1),(3,269,1),(3,270,0.5),(3,271,0),(3,272,1),(3,273,0),(3,274,0),(3,275,0),(3,276,1),(3,277,0),(3,278,0),(3,279,0.5),(3,280,0),(3,281,0),(3,282,0.5),(3,283,1),(3,284,0.5),(3,287,0.5),(3,294,0.5),(3,296,0.5),(3,297,1),(3,298,0.5),(3,299,0.5),(3,300,0),(3,301,1),(3,302,0.5),(3,304,0.5),(3,305,0.5),(3,315,0.5),(3,323,0.5),(3,328,1),(3,331,0),(3,336,0),(3,338,0),(3,339,1),(3,342,1),(3,343,0.5),(3,344,0.5),(3,345,0.5),(3,346,0.5),(3,348,0),(3,349,0.5),(3,350,0.5),(3,352,0.5),(3,353,1),(3,354,0.5),(3,355,1),(3,356,0.5),(3,359,1),(3,360,0),(3,361,1),(3,362,0.5),(3,363,0),(3,364,0.5),(3,365,1),(3,366,0.5),(3,367,0),(3,369,1),(4,2,0.5),(4,3,1),(4,14,1),(4,17,1),(4,18,1),(4,23,1),(4,24,1),(4,25,0),(4,27,0.5),(4,29,0.5),(4,30,0),(4,32,0.5),(4,34,1),(4,35,0),(4,36,1),(4,37,0),(4,38,0.5),(4,39,0.5),(4,40,0),(4,41,1),(4,42,0),(4,43,0.5),(4,45,1),(4,46,1),(4,47,1),(4,48,0),(4,49,0.5),(4,52,0.5),(4,53,1),(4,54,1),(4,55,1),(4,56,1),(4,57,0.5),(4,58,0),(4,59,0),(4,60,0),(4,61,0),(4,62,0),(4,63,0.5),(4,64,0.5),(4,65,0),(4,67,0.5),(4,68,0),(4,69,0.5),(4,70,0),(4,71,1),(4,72,0),(4,73,1),(4,74,1),(4,75,1),(4,76,1),(4,80,0.5),(4,81,0.5),(4,82,1),(4,84,1),(4,93,0.5),(4,94,0),(4,95,0.5),(4,96,0),(4,97,0.5),(4,98,0.5),(4,99,0),(4,100,0.5),(4,101,0),(4,102,1),(4,103,0.5),(4,104,1),(4,105,0.5),(4,116,1),(4,117,0.5),(4,123,1),(4,126,0),(4,128,1),(4,129,0),(4,130,0),(4,132,0.5),(4,133,1),(4,134,0),(4,136,1),(4,137,0.5),(4,138,0.5),(4,139,0),(4,140,1),(4,141,0),(4,145,0.5),(4,146,0),(4,147,0.5),(4,180,0),(4,188,1),(4,189,1),(4,190,0),(4,191,1),(4,192,1),(4,193,0),(4,196,0.5),(4,205,0.5),(4,206,0),(4,207,1),(4,210,0),(4,211,0.5),(4,212,0.5),(4,217,1),(4,218,0),(4,219,1),(4,220,0.5),(4,222,1),(4,223,1),(4,224,0.5),(4,225,0),(4,226,0),(4,227,1),(4,237,0),(4,239,0),(4,240,1),(4,248,0),(4,249,0),(4,250,0),(4,253,1),(4,254,0),(4,255,0),(4,256,0.5),(4,257,1),(4,258,1),(4,259,0.5),(4,260,0),(4,262,1),(4,264,0),(4,265,0),(4,269,0),(4,270,1),(4,271,0.5),(4,272,0.5),(4,273,1),(4,274,0.5),(4,275,0),(4,276,0.5),(4,277,0),(4,278,1),(4,279,1),(4,280,0),(4,281,0.5),(4,282,0.5),(4,283,1),(4,284,0.5),(4,287,0),(4,294,0),(4,296,0.5),(4,297,0),(4,298,0),(4,299,0),(4,300,0),(4,301,0),(4,302,0.5),(4,304,1),(4,305,0.5),(4,315,1),(4,323,0),(4,328,0),(4,331,1),(4,336,0),(4,338,1),(4,339,1),(4,342,1),(4,343,0.5),(4,344,1),(4,345,1),(4,346,0.5),(4,348,0),(4,349,0),(4,350,1),(4,352,1),(4,353,0.5),(4,354,1),(4,355,0.5),(4,356,0.5),(4,359,1),(4,360,0),(4,361,0.5),(4,362,0),(4,363,0.5),(4,364,0),(4,365,0),(4,366,1),(4,367,0.5),(4,369,0),(5,2,0.5),(5,3,0),(5,14,0),(5,17,0.5),(5,18,0),(5,23,0),(5,24,1),(5,25,0.5),(5,27,1),(5,29,0),(5,30,0.5),(5,32,1),(5,34,0.5),(5,35,0.5),(5,36,1),(5,37,0),(5,38,0.5),(5,39,0.5),(5,40,0.5),(5,41,1),(5,42,0.5),(5,43,0.5),(5,45,0.5),(5,46,1),(5,47,0.5),(5,48,0.5),(5,49,1),(5,52,0),(5,53,0.5),(5,54,1),(5,55,1),(5,56,1),(5,57,0),(5,58,1),(5,59,0.5),(5,60,1),(5,61,0),(5,62,1),(5,63,0),(5,64,0.5),(5,65,0),(5,67,1),(5,68,1),(5,69,0),(5,70,0),(5,71,1),(5,72,0.5),(5,73,0),(5,74,0.5),(5,75,1),(5,76,1),(5,80,0),(5,81,1),(5,82,1),(5,84,0.5),(5,93,1),(5,94,0.5),(5,95,0),(5,96,1),(5,97,1),(5,98,0.5),(5,99,0),(5,100,0),(5,101,0.5),(5,102,0.5),(5,103,0),(5,104,0.5),(5,105,0.5),(5,116,0),(5,117,0.5),(5,123,0.5),(5,126,0.5),(5,128,1),(5,129,0.5),(5,130,1),(5,132,0.5),(5,133,1),(5,134,1),(5,136,0),(5,137,0.5),(5,138,0),(5,139,0),(5,140,1),(5,141,0),(5,145,0),(5,146,1),(5,147,0),(5,180,1),(5,188,0.5),(5,189,0.5),(5,190,1),(5,191,1),(5,192,0.5),(5,193,0.5),(5,196,0.5),(5,205,0.5),(5,206,0),(5,207,0.5),(5,210,0),(5,211,0.5),(5,212,0),(5,217,0),(5,218,0),(5,219,0),(5,220,1),(5,222,0.5),(5,223,1),(5,224,1),(5,225,0.5),(5,226,1),(5,227,0),(5,237,0),(5,239,0.5),(5,240,1),(5,248,0.5),(5,249,0),(5,250,0.5),(5,253,0.5),(5,254,0.5),(5,255,0.5),(5,256,0),(5,257,0),(5,258,1),(5,259,1),(5,260,0),(5,262,1),(5,264,0),(5,265,0),(5,269,0),(5,270,0),(5,271,0),(5,272,1),(5,273,1),(5,274,0.5),(5,275,1),(5,276,1),(5,277,0),(5,278,0),(5,279,0),(5,280,1),(5,281,0),(5,282,0),(5,283,0.5),(5,284,0.5),(5,287,0),(5,294,0),(5,296,1),(5,297,0),(5,298,0.5),(5,299,0),(5,300,0.5),(5,301,0),(5,302,0.5),(5,304,0.5),(5,305,0),(5,315,0),(5,323,0),(5,328,1),(5,331,1),(5,336,0.5),(5,338,1),(5,339,1),(5,342,0.5),(5,343,0.5),(5,344,1),(5,345,0),(5,346,0.5),(5,348,0.5),(5,349,0),(5,350,0.5),(5,352,0.5),(5,353,0),(5,354,0),(5,355,1),(5,356,0.5),(5,359,0),(5,360,0.5),(5,361,1),(5,362,0),(5,363,0),(5,364,0.5),(5,365,0.5),(5,366,0),(5,367,1),(5,369,1),(6,2,0.5),(6,3,1),(6,14,1),(6,17,0.5),(6,18,0),(6,23,1),(6,24,1),(6,25,0),(6,27,0.5),(6,29,0),(6,30,0),(6,32,1),(6,34,0.5),(6,35,0),(6,36,0),(6,37,1),(6,38,0.5),(6,39,1),(6,40,0.5),(6,41,0),(6,42,0.5),(6,43,0.5),(6,45,0),(6,46,1),(6,47,0),(6,48,1),(6,49,1),(6,52,0.5),(6,53,0.5),(6,54,0),(6,55,1),(6,56,0),(6,57,0),(6,58,0),(6,59,0),(6,60,0.5),(6,61,0.5),(6,62,1),(6,63,0),(6,64,0.5),(6,65,0.5),(6,67,0.5),(6,68,0.5),(6,69,0.5),(6,70,0.5),(6,71,0.5),(6,72,1),(6,73,0.5),(6,74,1),(6,75,0.5),(6,76,1),(6,80,1),(6,81,1),(6,82,0),(6,84,0),(6,93,0),(6,94,0),(6,95,0.5),(6,96,0.5),(6,97,1),(6,98,1),(6,99,0.5),(6,100,1),(6,101,0.5),(6,102,0),(6,103,1),(6,104,0),(6,105,0),(6,116,0),(6,117,1),(6,123,0.5),(6,126,0.5),(6,128,0.5),(6,129,0.5),(6,130,1),(6,132,0),(6,133,0),(6,134,1),(6,136,0),(6,137,0.5),(6,138,0),(6,139,0.5),(6,140,1),(6,141,0.5),(6,145,0.5),(6,146,0),(6,147,1),(6,180,1),(6,188,0.5),(6,189,1),(6,190,0),(6,191,1),(6,192,1),(6,193,0.5),(6,196,0),(6,205,1),(6,206,0.5),(6,207,0),(6,210,1),(6,211,0.5),(6,212,0.5),(6,217,0),(6,218,1),(6,219,1),(6,220,0),(6,222,0),(6,223,0),(6,224,0.5),(6,225,0.5),(6,226,0.5),(6,227,0.5),(6,237,0.5),(6,239,0.5),(6,240,0.5),(6,248,1),(6,249,0.5),(6,250,0.5),(6,253,0.5),(6,254,0),(6,255,0),(6,256,0),(6,257,0),(6,258,0.5),(6,259,0),(6,260,0.5),(6,262,0.5),(6,264,0),(6,265,1),(6,269,1),(6,270,0.5),(6,271,0.5),(6,272,1),(6,273,1),(6,274,1),(6,275,1),(6,276,0),(6,277,0),(6,278,0),(6,279,1),(6,280,0),(6,281,1),(6,282,0),(6,283,1),(6,284,0.5),(6,287,0.5),(6,294,0.5),(6,296,1),(6,297,0.5),(6,298,0.5),(6,299,0),(6,300,1),(6,301,1),(6,302,0.5),(6,304,0.5),(6,305,1),(6,315,1),(6,323,0),(6,328,1),(6,331,0.5),(6,336,0),(6,338,1),(6,339,1),(6,342,1),(6,343,1),(6,344,1),(6,345,0),(6,346,1),(6,348,0.5),(6,349,0.5),(6,350,0.5),(6,352,1),(6,353,0.5),(6,354,0),(6,355,0.5),(6,356,1),(6,359,0),(6,360,0.5),(6,361,1),(6,362,0),(6,363,0.5),(6,364,1),(6,365,0.5),(6,366,0.5),(6,367,0.5),(6,369,1),(7,2,0),(7,3,0.5),(7,17,0.5),(7,18,1),(7,23,0.5),(7,24,1),(7,25,1),(7,27,1),(7,30,1),(7,32,1),(7,34,0.5),(7,35,0.5),(7,36,1),(7,37,0),(7,38,0),(7,39,1),(7,40,1),(7,41,1),(7,42,1),(7,43,0),(7,46,0.5),(7,47,0),(7,48,0),(7,49,1),(7,52,0.5),(7,53,0),(7,54,1),(7,55,0),(7,56,0),(7,57,1),(7,58,1),(7,59,0.5),(7,60,1),(7,61,0),(7,62,1),(7,63,0),(7,64,1),(7,65,0.5),(7,67,0),(7,68,1),(7,69,1),(7,70,0),(7,71,1),(7,72,0),(7,73,0),(7,74,0),(7,75,0.5),(7,76,1),(7,80,1),(7,81,1),(7,82,0),(7,84,0.5),(7,93,0),(7,94,0.5),(7,95,0.5),(7,96,0),(7,97,1),(7,98,1),(7,99,0.5),(7,100,0),(7,101,0),(7,102,0),(7,103,0.5),(7,104,0.5),(7,105,0),(7,116,0.5),(7,117,0),(7,123,0),(7,126,0),(7,129,1),(7,130,0.5),(7,133,0),(7,134,0.5),(7,137,1),(7,138,0),(7,145,1),(7,146,1),(7,147,0),(7,180,0),(7,188,1),(7,189,0.5),(7,192,0),(7,196,0),(7,199,0),(7,205,1),(7,206,0.5),(7,207,1),(7,210,0.5),(7,220,1),(7,222,0.5),(7,223,0),(7,224,0),(7,225,0.5),(7,226,1),(7,227,1),(7,237,0),(7,239,0.5),(7,240,0.5),(7,248,0),(7,249,1),(7,250,0.5),(7,254,1),(7,258,0),(7,259,1),(7,260,0),(7,262,1),(7,264,0.5),(7,265,0),(7,269,0),(7,270,0),(7,271,0.5),(7,272,0),(7,273,0),(7,274,0),(7,275,1),(7,276,0.5),(7,277,0),(7,278,1),(7,279,0.5),(7,280,0.5),(7,281,0.5),(7,282,0),(7,283,0.5),(7,284,0),(7,287,0.5),(7,297,1),(7,298,1),(7,299,1),(7,300,0),(7,301,0),(7,302,0.5),(7,304,0.5),(7,305,1),(7,323,0),(7,328,0),(7,336,0.5),(7,338,1),(7,339,1),(7,342,1),(7,343,0.5),(7,344,0.5),(7,345,1),(7,346,0.5),(7,348,0),(7,349,1),(7,350,1),(7,352,1),(7,353,1),(7,354,0),(7,355,1),(7,356,0),(7,359,0),(7,360,0.5),(7,361,0),(7,362,0),(7,364,1),(7,365,1),(7,366,0.5),(7,367,1),(7,369,0.5),(8,2,0),(8,3,1),(8,17,1),(8,18,0),(8,23,1),(8,24,0),(8,25,0.5),(8,27,0),(8,30,0.5),(8,32,0.5),(8,34,0.5),(8,35,0),(8,36,0),(8,37,1),(8,38,0.5),(8,39,1),(8,40,1),(8,41,0.5),(8,42,0.5),(8,43,0.5),(8,46,0.5),(8,47,0.5),(8,48,0.5),(8,49,0.5),(8,52,0),(8,53,0),(8,54,0.5),(8,55,1),(8,56,0),(8,57,1),(8,58,1),(8,59,0.5),(8,60,1),(8,61,1),(8,62,0.5),(8,63,1),(8,64,0),(8,65,0.5),(8,67,0),(8,68,0),(8,69,0.5),(8,70,1),(8,71,1),(8,72,1),(8,73,1),(8,74,0.5),(8,75,0),(8,76,0),(8,80,1),(8,81,0.5),(8,82,0.5),(8,84,1),(8,93,1),(8,94,0.5),(8,95,0.5),(8,96,1),(8,97,0.5),(8,98,0.5),(8,99,0.5),(8,100,0),(8,101,0),(8,102,0),(8,103,0),(8,104,1),(8,105,1),(8,116,0.5),(8,117,0.5),(8,123,1),(8,126,0.5),(8,129,0),(8,130,1),(8,133,1),(8,134,1),(8,137,0),(8,138,1),(8,145,1),(8,146,0),(8,147,0),(8,188,1),(8,189,1),(8,192,0),(8,196,0),(8,205,0),(8,206,1),(8,207,0),(8,210,0),(8,220,1),(8,222,0),(8,223,1),(8,224,1),(8,225,1),(8,226,0),(8,227,0),(8,237,1),(8,239,0.5),(8,240,1),(8,248,0),(8,249,1),(8,250,0.5),(8,254,0.5),(8,258,1),(8,259,0),(8,260,0.5),(8,262,0),(8,264,0.5),(8,265,1),(8,269,1),(8,270,1),(8,271,1),(8,272,1),(8,273,0),(8,274,1),(8,275,1),(8,276,0.5),(8,277,1),(8,278,0),(8,279,0.5),(8,280,0),(8,281,0.5),(8,282,1),(8,283,0),(8,284,0),(8,287,0),(8,297,1),(8,298,0.5),(8,299,0),(8,300,1),(8,301,0.5),(8,302,0.5),(8,304,0),(8,305,1),(8,323,0),(8,328,0.5),(8,336,0.5),(8,338,0),(8,339,0.5),(8,342,0),(8,343,1),(8,344,1),(8,345,1),(8,346,1),(8,348,1),(8,349,1),(8,350,0.5),(8,352,0.5),(8,353,0),(8,354,0),(8,355,0),(8,356,0),(8,359,0.5),(8,360,0.5),(8,361,0),(8,362,0.5),(8,364,0.5),(8,365,1),(8,366,0.5),(8,367,1),(8,369,0.5),(9,2,0),(9,3,1),(9,17,0.5),(9,18,1),(9,23,1),(9,24,1),(9,25,1),(9,27,1),(9,30,0.5),(9,32,1),(9,34,0.5),(9,35,0),(9,36,1),(9,37,0),(9,38,0.5),(9,39,0),(9,40,0),(9,41,0),(9,42,0.5),(9,43,0.5),(9,46,0.5),(9,47,0.5),(9,48,1),(9,49,0),(9,52,0.5),(9,53,1),(9,54,0.5),(9,55,0.5),(9,56,1),(9,57,0.5),(9,58,0.5),(9,59,0),(9,60,1),(9,61,1),(9,62,0),(9,63,0),(9,64,1),(9,65,1),(9,67,0),(9,68,0.5),(9,69,1),(9,70,0),(9,71,0.5),(9,72,1),(9,73,1),(9,74,1),(9,75,0.5),(9,76,0),(9,80,0),(9,81,0),(9,82,0.5),(9,84,0.5),(9,93,1),(9,94,1),(9,95,1),(9,96,0),(9,97,1),(9,98,1),(9,99,0.5),(9,100,0),(9,101,0.5),(9,102,1),(9,103,0.5),(9,104,0),(9,105,0.5),(9,116,1),(9,117,1),(9,123,0.5),(9,126,0.5),(9,129,1),(9,130,1),(9,133,0.5),(9,134,0),(9,137,0),(9,138,0.5),(9,145,0),(9,146,1),(9,147,1),(9,188,0.5),(9,189,0.5),(9,192,0),(9,196,0.5),(9,205,1),(9,206,0),(9,207,1),(9,210,0.5),(9,220,1),(9,222,1),(9,223,0),(9,224,0),(9,225,0),(9,226,0.5),(9,227,1),(9,237,0),(9,239,0),(9,240,0),(9,248,0.5),(9,249,0.5),(9,250,0.5),(9,254,0),(9,258,1),(9,259,0),(9,260,1),(9,262,0.5),(9,264,0.5),(9,265,1),(9,269,0),(9,270,0),(9,271,0),(9,272,1),(9,273,0.5),(9,274,0),(9,275,0.5),(9,276,0),(9,277,0),(9,278,0.5),(9,279,0),(9,280,0.5),(9,281,0),(9,282,0),(9,283,0.5),(9,284,0),(9,287,1),(9,297,1),(9,298,0),(9,299,0),(9,300,1),(9,301,1),(9,302,1),(9,304,0.5),(9,305,1),(9,323,0),(9,328,0.5),(9,336,0.5),(9,338,1),(9,339,0),(9,342,0.5),(9,343,0),(9,344,0.5),(9,345,0),(9,346,0),(9,348,0),(9,349,1),(9,350,0.5),(9,352,1),(9,353,1),(9,354,0),(9,355,0.5),(9,356,0.5),(9,359,1),(9,360,0.5),(9,361,0),(9,362,0.5),(9,364,1),(9,365,0.5),(9,366,0),(9,367,1),(9,369,1),(10,2,0.5),(10,3,0),(10,17,0.5),(10,18,0.5),(10,23,0),(10,24,0),(10,25,0.5),(10,27,0.5),(10,30,0.5),(10,32,1),(10,34,0.5),(10,35,0),(10,36,1),(10,37,0),(10,38,0),(10,39,1),(10,40,0.5),(10,41,1),(10,42,0.5),(10,43,0.5),(10,46,0),(10,47,0.5),(10,48,0),(10,49,1),(10,52,0),(10,53,0.5),(10,54,0),(10,55,1),(10,56,0.5),(10,57,0),(10,58,1),(10,59,0),(10,60,0.5),(10,61,0.5),(10,62,1),(10,63,0),(10,64,0),(10,65,1),(10,67,0.5),(10,68,0.5),(10,69,1),(10,70,0.5),(10,71,1),(10,72,0),(10,73,0.5),(10,74,0.5),(10,75,0.5),(10,76,0),(10,80,0),(10,81,0),(10,82,1),(10,84,0),(10,93,1),(10,94,0),(10,95,0.5),(10,96,0.5),(10,97,0.5),(10,98,0),(10,99,1),(10,100,0.5),(10,101,0),(10,102,0.5),(10,103,0.5),(10,104,1),(10,105,0),(10,116,1),(10,117,0.5),(10,123,1),(10,126,1),(10,129,0.5),(10,130,0),(10,133,0.5),(10,134,0),(10,137,1),(10,138,0.5),(10,145,0.5),(10,146,0),(10,147,0),(10,188,1),(10,189,0),(10,192,0.5),(10,196,0.5),(10,205,0.5),(10,206,0.5),(10,207,0),(10,210,0),(10,220,0),(10,222,1),(10,223,1),(10,224,0),(10,225,0),(10,226,0.5),(10,227,0.5),(10,237,0),(10,239,0.5),(10,240,0.5),(10,248,0),(10,249,0.5),(10,250,0),(10,254,0.5),(10,258,0),(10,259,0),(10,260,0),(10,262,0),(10,264,1),(10,265,0),(10,269,0),(10,270,1),(10,271,0.5),(10,272,0.5),(10,273,0.5),(10,274,1),(10,275,0.5),(10,276,0.5),(10,277,1),(10,278,1),(10,279,0),(10,280,0),(10,281,1),(10,282,1),(10,283,0.5),(10,284,0.5),(10,287,1),(10,297,0),(10,298,0),(10,299,0),(10,300,0),(10,301,1),(10,302,0.5),(10,304,0),(10,305,0),(10,323,0.5),(10,328,0),(10,336,0),(10,338,1),(10,339,1),(10,342,0),(10,343,1),(10,344,1),(10,345,0),(10,346,0),(10,348,0.5),(10,349,1),(10,350,1),(10,352,0.5),(10,353,0.5),(10,354,0.5),(10,355,1),(10,356,0),(10,359,0),(10,360,1),(10,361,0),(10,362,0),(10,364,0.5),(10,365,0),(10,366,1),(10,367,0.5),(10,369,1),(11,2,0),(11,3,1),(11,17,0),(11,18,0.5),(11,23,1),(11,24,0),(11,25,0),(11,27,0.5),(11,30,0),(11,32,1),(11,34,0),(11,35,0),(11,36,0.5),(11,37,1),(11,38,0),(11,39,1),(11,40,0),(11,41,0),(11,42,0.5),(11,43,1),(11,46,0.5),(11,47,0),(11,48,1),(11,49,0.5),(11,52,0),(11,53,0),(11,54,0.5),(11,55,1),(11,56,0),(11,57,0),(11,58,1),(11,59,1),(11,60,0.5),(11,61,0.5),(11,62,1),(11,63,1),(11,64,0),(11,65,0),(11,67,0.5),(11,68,1),(11,69,1),(11,70,0.5),(11,71,0),(11,72,0.5),(11,73,0.5),(11,74,0.5),(11,75,1),(11,76,0),(11,80,0.5),(11,81,1),(11,82,0),(11,84,0),(11,93,0.5),(11,94,0),(11,95,0),(11,96,1),(11,97,0),(11,98,0.5),(11,99,0.5),(11,100,0),(11,101,0),(11,102,0.5),(11,103,1),(11,104,0.5),(11,105,1),(11,116,0),(11,117,1),(11,123,1),(11,126,1),(11,129,0.5),(11,130,1),(11,133,1),(11,134,0.5),(11,137,0),(11,138,0),(11,145,1),(11,146,1),(11,147,0),(11,188,0.5),(11,189,1),(11,192,0.5),(11,196,0.5),(11,205,1),(11,206,0.5),(11,207,0.5),(11,210,0),(11,220,0.5),(11,222,0.5),(11,223,1),(11,224,0),(11,225,0.5),(11,226,0.5),(11,227,1),(11,237,0.5),(11,239,0.5),(11,240,0.5),(11,248,0),(11,249,0),(11,250,0),(11,254,0.5),(11,258,0),(11,259,1),(11,260,1),(11,262,1),(11,264,1),(11,265,0),(11,269,0.5),(11,270,0),(11,271,1),(11,272,0),(11,273,1),(11,274,1),(11,275,0),(11,276,1),(11,277,0.5),(11,278,1),(11,279,0.5),(11,280,0.5),(11,281,1),(11,282,0),(11,283,0),(11,284,0),(11,287,0.5),(11,297,0),(11,298,0.5),(11,299,0.5),(11,300,1),(11,301,0),(11,302,1),(11,304,0),(11,305,0),(11,323,0.5),(11,328,0),(11,336,0.5),(11,338,1),(11,339,0),(11,342,0),(11,343,0.5),(11,344,0),(11,345,1),(11,346,1),(11,348,1),(11,349,0.5),(11,350,0),(11,352,0.5),(11,353,0.5),(11,354,0.5),(11,355,0.5),(11,356,0),(11,359,0.5),(11,360,0),(11,361,0),(11,362,0.5),(11,364,1),(11,365,1),(11,366,0.5),(11,367,0.5),(11,369,1),(12,2,0.5),(12,3,0),(12,17,0),(12,18,0),(12,23,0),(12,24,1),(12,25,0),(12,27,0),(12,30,0.5),(12,32,0.5),(12,34,0.5),(12,35,0),(12,36,0),(12,37,1),(12,38,1),(12,39,0),(12,40,1),(12,41,1),(12,42,1),(12,43,0.5),(12,46,0.5),(12,47,0),(12,48,0.5),(12,49,1),(12,52,0.5),(12,53,0),(12,54,0.5),(12,55,1),(12,56,0.5),(12,57,1),(12,58,0),(12,59,0.5),(12,60,0.5),(12,61,0),(12,62,1),(12,63,0),(12,64,0),(12,65,0),(12,67,0.5),(12,68,0.5),(12,69,0.5),(12,70,0.5),(12,71,0.5),(12,72,0),(12,73,0),(12,74,0),(12,75,0),(12,76,1),(12,80,1),(12,81,0),(12,82,0),(12,84,0.5),(12,93,1),(12,94,0.5),(12,95,0),(12,96,1),(12,97,0),(12,98,0),(12,99,0.5),(12,100,0.5),(12,101,0),(12,102,0.5),(12,103,1),(12,104,1),(12,105,1),(12,116,0),(12,117,1),(12,123,0),(12,126,0),(12,129,1),(12,130,1),(12,133,0.5),(12,134,1),(12,137,0),(12,138,0.5),(12,145,0),(12,146,1),(12,147,1),(12,188,1),(12,189,1),(12,192,1),(12,196,0.5),(12,205,0.5),(12,206,1),(12,207,0),(12,210,1),(12,220,0.5),(12,222,0.5),(12,223,0.5),(12,224,1),(12,225,0.5),(12,226,1),(12,227,0.5),(12,237,0.5),(12,239,0.5),(12,240,1),(12,248,0.5),(12,249,0.5),(12,250,0),(12,254,0),(12,258,1),(12,259,0),(12,260,1),(12,262,1),(12,264,0),(12,265,0.5),(12,269,1),(12,270,1),(12,271,0.5),(12,272,1),(12,273,0),(12,274,1),(12,275,1),(12,276,0),(12,277,0),(12,278,1),(12,279,1),(12,280,0.5),(12,281,0.5),(12,282,1),(12,283,0),(12,284,0),(12,287,0.5),(12,297,0.5),(12,298,0),(12,299,1),(12,300,1),(12,301,0.5),(12,302,0.5),(12,304,1),(12,305,0.5),(12,323,0.5),(12,328,0.5),(12,336,1),(12,338,1),(12,339,1),(12,342,0),(12,343,0.5),(12,344,1),(12,345,0),(12,346,1),(12,348,0),(12,349,1),(12,350,0),(12,352,0.5),(12,353,0),(12,354,0),(12,355,0.5),(12,356,0),(12,359,0.5),(12,360,0.5),(12,361,0),(12,362,0.5),(12,364,0.5),(12,365,0),(12,366,0),(12,367,1),(12,369,0),(13,2,0.5),(13,3,0.5),(13,17,0),(13,18,0),(13,23,0.5),(13,24,0),(13,25,1),(13,27,0.5),(13,30,0),(13,32,0.5),(13,34,1),(13,35,0),(13,36,0.5),(13,37,0),(13,38,0.5),(13,39,1),(13,40,0),(13,41,1),(13,42,0),(13,43,0.5),(13,46,1),(13,47,0),(13,48,1),(13,49,0),(13,52,0.5),(13,53,0.5),(13,54,1),(13,55,0.5),(13,56,0),(13,57,0.5),(13,58,0.5),(13,59,0.5),(13,60,1),(13,61,0.5),(13,62,0),(13,63,1),(13,64,1),(13,65,0.5),(13,67,0),(13,68,0),(13,69,1),(13,70,1),(13,71,0),(13,72,0),(13,73,0.5),(13,74,1),(13,75,0.5),(13,76,0.5),(13,80,0),(13,81,0),(13,82,0.5),(13,84,0.5),(13,93,0.5),(13,94,0),(13,95,1),(13,96,1),(13,97,1),(13,98,0),(13,99,0.5),(13,100,0.5),(13,101,1),(13,102,1),(13,103,0.5),(13,104,0.5),(13,105,0.5),(13,116,1),(13,117,0.5),(13,123,1),(13,126,0.5),(13,129,0),(13,130,1),(13,133,1),(13,134,0.5),(13,137,0),(13,138,1),(13,145,0.5),(13,146,0),(13,147,0),(13,205,0),(13,206,0.5),(13,207,1),(13,210,1),(13,220,0),(13,222,0),(13,223,0),(13,224,0),(13,225,0),(13,226,0.5),(13,227,0),(13,237,1),(13,239,0.5),(13,240,0),(13,249,0),(13,250,0),(13,254,1),(13,258,0),(13,259,0.5),(13,260,0),(13,262,1),(13,265,0),(13,269,0.5),(13,270,0),(13,271,0),(13,272,1),(13,273,1),(13,274,0),(13,275,1),(13,276,0),(13,277,0.5),(13,278,0),(13,279,1),(13,280,0.5),(13,281,0.5),(13,282,1),(13,283,0),(13,284,0.5),(13,287,0.5),(13,297,0),(13,298,0.5),(13,299,0),(13,300,0),(13,301,0),(13,302,0),(13,304,0.5),(13,305,0),(13,328,0),(13,336,1),(13,338,1),(13,339,1),(13,342,1),(13,343,1),(13,344,0.5),(13,345,1),(13,346,0.5),(13,348,1),(13,349,0.5),(13,350,1),(13,352,0),(13,353,1),(13,354,1),(13,355,0),(13,356,0.5),(13,359,0.5),(13,360,0.5),(13,361,0.5),(13,362,1),(13,364,1),(13,365,1),(13,366,0.5),(13,367,1),(13,369,0),(14,2,0),(14,3,0),(14,17,1),(14,18,1),(14,23,0),(14,24,1),(14,25,0),(14,27,0.5),(14,30,0.5),(14,32,1),(14,34,1),(14,35,1),(14,36,0),(14,37,0.5),(14,38,0),(14,39,0),(14,40,0),(14,41,0.5),(14,42,0),(14,43,1),(14,46,0.5),(14,47,0),(14,48,0.5),(14,49,0),(14,52,0),(14,53,0),(14,54,0.5),(14,55,1),(14,56,0.5),(14,57,0),(14,58,0),(14,59,1),(14,60,1),(14,61,0),(14,62,0),(14,63,0),(14,64,1),(14,65,0.5),(14,67,0),(14,68,1),(14,69,0),(14,70,0),(14,71,0),(14,72,0.5),(14,73,0.5),(14,74,1),(14,75,1),(14,76,0),(14,80,0),(14,81,0),(14,82,0.5),(14,84,0),(14,93,0.5),(14,94,0),(14,95,0.5),(14,96,0.5),(14,97,0),(14,98,0),(14,99,0.5),(14,100,0),(14,101,1),(14,102,0),(14,103,0.5),(14,104,0),(14,105,0),(14,116,0.5),(14,117,0),(14,123,1),(14,126,0),(14,129,1),(14,130,0),(14,133,1),(14,134,0.5),(14,137,1),(14,138,0.5),(14,145,1),(14,146,0.5),(14,147,1),(14,205,0),(14,206,0),(14,207,0.5),(14,210,0.5),(14,220,1),(14,222,0),(14,223,1),(14,224,0),(14,225,1),(14,226,0.5),(14,227,1),(14,237,1),(14,239,0.5),(14,240,0.5),(14,249,1),(14,250,0.5),(14,254,1),(14,258,1),(14,259,0),(14,260,1),(14,262,0.5),(14,265,0),(14,269,1),(14,270,1),(14,271,1),(14,272,0),(14,273,0),(14,274,0),(14,275,0),(14,276,0.5),(14,277,1),(14,278,1),(14,279,0.5),(14,280,1),(14,281,1),(14,282,0.5),(14,283,0),(14,284,1),(14,287,1),(14,297,0.5),(14,298,0.5),(14,299,1),(14,300,0),(14,301,1),(14,302,1),(14,304,1),(14,305,0),(14,328,0),(14,336,1),(14,338,1),(14,339,0),(14,342,1),(14,343,0.5),(14,344,1),(14,345,1),(14,346,0.5),(14,348,0),(14,349,0.5),(14,350,1),(14,352,1),(14,353,1),(14,354,0),(14,355,1),(14,356,0),(14,359,0),(14,360,0),(14,361,0),(14,362,0),(14,364,0),(14,365,1),(14,366,1),(14,367,0),(14,369,1),(15,2,0),(15,3,1),(15,17,1),(15,18,0),(15,23,1),(15,24,1),(15,25,1),(15,27,0),(15,30,0.5),(15,32,0.5),(15,34,0.5),(15,35,0.5),(15,36,1),(15,37,0),(15,38,0),(15,39,0),(15,40,1),(15,41,0.5),(15,42,0),(15,43,0.5),(15,46,0),(15,47,0),(15,48,1),(15,49,1),(15,52,0.5),(15,53,1),(15,54,0.5),(15,55,0),(15,56,0.5),(15,57,1),(15,58,0.5),(15,59,1),(15,60,0.5),(15,61,0),(15,62,0),(15,63,1),(15,64,1),(15,65,0.5),(15,67,1),(15,68,1),(15,69,1),(15,70,0),(15,71,1),(15,72,0),(15,73,0),(15,74,1),(15,75,1),(15,76,1),(15,80,1),(15,81,0.5),(15,82,0),(15,84,0.5),(15,93,0),(15,94,0),(15,95,0),(15,96,0.5),(15,97,1),(15,98,0.5),(15,99,1),(15,100,0),(15,101,0.5),(15,102,0),(15,103,1),(15,104,0),(15,105,0),(15,116,1),(15,117,0),(15,123,1),(15,126,1),(15,129,0.5),(15,130,0.5),(15,133,1),(15,134,1),(15,137,1),(15,138,0),(15,145,0),(15,146,0.5),(15,147,1),(15,205,0.5),(15,206,1),(15,207,1),(15,210,0.5),(15,220,0.5),(15,222,1),(15,223,0),(15,224,0),(15,225,0.5),(15,226,0),(15,227,0.5),(15,237,0),(15,239,0.5),(15,240,0.5),(15,249,1),(15,250,0.5),(15,254,0.5),(15,258,1),(15,259,1),(15,260,0.5),(15,262,0),(15,265,0),(15,269,0.5),(15,270,0),(15,271,1),(15,272,0.5),(15,273,1),(15,274,0),(15,275,0.5),(15,276,1),(15,277,1),(15,278,0.5),(15,279,1),(15,280,0.5),(15,281,0.5),(15,282,0.5),(15,283,0),(15,284,0),(15,287,0),(15,297,0.5),(15,298,0.5),(15,299,0.5),(15,300,0),(15,301,0.5),(15,302,0.5),(15,304,1),(15,305,0),(15,328,1),(15,336,0),(15,338,1),(15,339,0),(15,342,0.5),(15,343,0),(15,344,0.5),(15,345,0),(15,346,0),(15,348,0),(15,349,0.5),(15,350,1),(15,352,0.5),(15,353,0),(15,354,0),(15,355,0),(15,356,0),(15,359,1),(15,360,0),(15,361,0),(15,362,1),(15,364,0.5),(15,365,0.5),(15,366,1),(15,367,1),(15,369,1),(16,2,0),(16,3,0.5),(16,17,0),(16,18,1),(16,23,0.5),(16,24,0.5),(16,25,1),(16,27,0.5),(16,30,1),(16,32,0),(16,34,0.5),(16,35,1),(16,36,0),(16,37,0),(16,38,0.5),(16,39,1),(16,40,1),(16,41,1),(16,42,0),(16,43,0),(16,46,0),(16,47,0),(16,48,1),(16,49,0),(16,52,0),(16,53,0),(16,54,0.5),(16,55,0),(16,56,0.5),(16,57,0),(16,58,0.5),(16,59,1),(16,60,0),(16,61,0.5),(16,62,0),(16,63,0),(16,64,1),(16,65,1),(16,67,0.5),(16,68,0),(16,69,1),(16,70,1),(16,71,0),(16,72,1),(16,73,0.5),(16,74,0),(16,75,1),(16,76,1),(16,80,0.5),(16,81,0),(16,82,1),(16,84,0.5),(16,93,1),(16,94,0),(16,95,0),(16,96,0.5),(16,97,0.5),(16,98,1),(16,99,0),(16,100,1),(16,101,1),(16,102,0.5),(16,103,0),(16,104,0),(16,105,0),(16,116,1),(16,117,1),(16,123,0),(16,126,0),(16,129,1),(16,130,0.5),(16,133,0.5),(16,134,0),(16,137,0),(16,138,1),(16,145,0.5),(16,146,0),(16,147,0),(16,205,1),(16,206,0),(16,207,1),(16,210,0.5),(16,220,0.5),(16,222,0.5),(16,223,0),(16,224,0),(16,225,0.5),(16,226,0),(16,227,0.5),(16,237,1),(16,239,0.5),(16,240,1),(16,249,0),(16,250,0.5),(16,254,0),(16,258,1),(16,259,0),(16,260,0),(16,262,0),(16,265,0),(16,269,1),(16,270,0),(16,271,1),(16,272,1),(16,273,1),(16,274,0),(16,275,0.5),(16,276,1),(16,277,1),(16,278,0.5),(16,279,0),(16,280,0.5),(16,281,0),(16,282,1),(16,283,0.5),(16,284,1),(16,287,1),(16,297,0),(16,298,0),(16,299,0),(16,300,0.5),(16,301,0.5),(16,302,0),(16,304,0),(16,305,0),(16,328,0.5),(16,336,1),(16,338,1),(16,339,0.5),(16,342,0.5),(16,343,0.5),(16,344,0.5),(16,345,0),(16,346,0),(16,348,0),(16,349,0.5),(16,350,0.5),(16,352,1),(16,353,1),(16,354,0),(16,355,0.5),(16,356,1),(16,359,0.5),(16,360,0.5),(16,361,0),(16,362,0),(16,364,0.5),(16,365,0.5),(16,366,0),(16,367,0.5),(16,369,0),(17,2,0.5),(17,3,0),(17,17,0),(17,18,0),(17,23,0),(17,24,0.5),(17,25,1),(17,27,0),(17,30,1),(17,32,0.5),(17,34,0),(17,35,1),(17,36,1),(17,37,0),(17,38,0.5),(17,39,0.5),(17,40,0),(17,41,0),(17,42,0.5),(17,43,1),(17,46,0),(17,47,1),(17,48,0.5),(17,49,1),(17,52,1),(17,53,0.5),(17,54,0.5),(17,55,0),(17,56,0),(17,57,0),(17,58,0.5),(17,59,0),(17,60,1),(17,61,0.5),(17,62,0.5),(17,63,0),(17,64,0),(17,65,0),(17,67,0.5),(17,68,0.5),(17,69,1),(17,70,1),(17,71,0),(17,72,0),(17,73,0.5),(17,74,1),(17,75,0.5),(17,76,0),(17,80,0),(17,81,1),(17,82,1),(17,84,1),(17,93,1),(17,94,0.5),(17,95,0.5),(17,96,0),(17,97,1),(17,98,0),(17,99,1),(17,100,1),(17,101,0.5),(17,102,0),(17,103,1),(17,104,1),(17,105,0.5),(17,116,0),(17,117,1),(17,123,1),(17,126,1),(17,129,0),(17,130,0),(17,133,0),(17,134,0),(17,137,0),(17,138,0.5),(17,145,0.5),(17,146,1),(17,205,0.5),(17,206,1),(17,207,0.5),(17,210,0.5),(17,220,0),(17,222,1),(17,223,1),(17,224,1),(17,225,0),(17,226,1),(17,227,1),(17,237,1),(17,239,0.5),(17,240,0),(17,249,1),(17,250,0.5),(17,254,1),(17,258,0),(17,259,0),(17,260,1),(17,262,1),(17,265,0),(17,269,0.5),(17,270,1),(17,271,0),(17,272,0),(17,273,1),(17,274,0),(17,275,0),(17,276,0),(17,277,1),(17,278,0),(17,279,0),(17,280,0),(17,281,0),(17,282,0.5),(17,283,0.5),(17,284,1),(17,287,1),(17,297,0),(17,298,0),(17,299,0.5),(17,300,1),(17,301,0.5),(17,302,0),(17,304,0),(17,305,1),(17,328,1),(17,336,1),(17,338,0.5),(17,339,0),(17,342,0.5),(17,343,0.5),(17,344,0),(17,345,1),(17,346,0),(17,348,1),(17,349,1),(17,350,0.5),(17,352,0),(17,353,0.5),(17,354,0),(17,355,0.5),(17,356,0),(17,359,0),(17,360,1),(17,361,1),(17,362,0.5),(17,364,0.5),(17,365,1),(17,366,1),(17,367,1),(17,369,0.5),(18,2,0),(18,3,0.5),(18,17,0),(18,18,0.5),(18,23,0.5),(18,24,0),(18,25,0),(18,27,0),(18,30,1),(18,32,1),(18,34,0.5),(18,35,0.5),(18,36,1),(18,37,0.5),(18,38,0),(18,39,0.5),(18,40,0),(18,41,0.5),(18,42,1),(18,43,1),(18,46,1),(18,47,0.5),(18,48,0),(18,49,0),(18,52,1),(18,53,1),(18,54,0.5),(18,55,1),(18,56,0.5),(18,57,1),(18,58,1),(18,59,1),(18,60,0.5),(18,61,0.5),(18,62,0),(18,63,0),(18,64,1),(18,65,1),(18,67,0),(18,68,1),(18,69,1),(18,70,1),(18,71,0.5),(18,72,0.5),(18,73,0.5),(18,74,0),(18,75,0),(18,76,0),(18,80,1),(18,81,1),(18,82,0),(18,84,0),(18,93,0),(18,94,0.5),(18,95,0),(18,96,0),(18,97,0.5),(18,98,0.5),(18,99,0.5),(18,100,0.5),(18,101,0.5),(18,102,0.5),(18,103,0),(18,104,0),(18,105,0.5),(18,116,0.5),(18,117,0.5),(18,123,0.5),(18,126,0),(18,129,1),(18,130,0),(18,133,0),(18,134,0),(18,137,0.5),(18,138,1),(18,145,0),(18,146,1),(18,205,0),(18,206,0),(18,207,0),(18,210,1),(18,220,1),(18,222,0.5),(18,223,1),(18,224,1),(18,225,0),(18,226,1),(18,227,0),(18,237,1),(18,239,1),(18,240,0),(18,249,0.5),(18,250,0.5),(18,254,0.5),(18,258,0),(18,259,0.5),(18,260,1),(18,262,0),(18,265,1),(18,269,0.5),(18,270,0),(18,271,0.5),(18,272,1),(18,273,0.5),(18,274,0.5),(18,275,0.5),(18,276,0),(18,277,0.5),(18,278,0.5),(18,279,0.5),(18,280,0),(18,281,0.5),(18,282,0),(18,283,1),(18,284,0),(18,287,0),(18,297,0.5),(18,298,0.5),(18,299,1),(18,300,0.5),(18,301,1),(18,302,1),(18,304,1),(18,305,0),(18,328,0),(18,336,1),(18,338,1),(18,339,0),(18,342,0.5),(18,343,1),(18,344,0),(18,345,0),(18,346,0.5),(18,348,0.5),(18,349,0.5),(18,350,0),(18,352,0),(18,353,0),(18,354,0.5),(18,355,1),(18,356,1),(18,359,0),(18,360,1),(18,361,0),(18,362,0),(18,364,0.5),(18,365,1),(18,366,0.5),(18,367,0),(18,369,1),(19,2,0),(19,3,0.5),(19,17,0),(19,18,0.5),(19,23,1),(19,24,1),(19,27,1),(19,32,0),(19,34,1),(19,35,0.5),(19,36,1),(19,37,0),(19,39,1),(19,42,1),(19,43,0.5),(19,46,0.5),(19,47,0.5),(19,49,1),(19,52,0.5),(19,53,0.5),(19,54,0.5),(19,57,0),(19,58,0.5),(19,59,0.5),(19,60,0),(19,61,1),(19,62,1),(19,63,1),(19,67,1),(19,68,0),(19,69,0.5),(19,70,1),(19,71,1),(19,72,0),(19,73,0),(19,74,0.5),(19,75,0.5),(19,76,0),(19,81,1),(19,97,0),(19,101,0.5),(19,102,1),(19,104,0),(19,116,1),(19,117,0),(19,123,1),(19,126,0),(19,130,0),(19,133,0),(19,137,0.5),(19,138,0.5),(19,146,0.5),(19,147,0.5),(19,205,0),(19,207,0.5),(19,210,1),(19,220,0),(19,222,1),(19,223,1),(19,224,0.5),(19,225,1),(19,226,1),(19,227,0),(19,239,0),(19,249,0.5),(19,250,0),(19,254,0.5),(19,258,1),(19,259,0),(19,265,1),(19,269,1),(19,270,0),(19,271,0.5),(19,272,1),(19,273,0.5),(19,274,0.5),(19,275,0.5),(19,276,0.5),(19,277,0.5),(19,278,1),(19,279,0.5),(19,280,0),(19,281,1),(19,282,1),(19,283,0.5),(19,284,0.5),(19,287,1),(19,298,0),(19,299,0),(19,300,0.5),(19,301,0),(19,302,0),(19,304,0),(19,305,0),(19,328,0),(19,343,0),(19,345,0),(19,346,0.5),(19,348,0.5),(19,352,0.5),(19,353,0),(19,359,1),(19,360,1),(19,361,1),(19,362,1),(19,365,0.5),(19,367,0.5),(20,2,0.5),(20,3,1),(20,17,0),(20,18,0),(20,23,0),(20,24,1),(20,27,1),(20,32,0.5),(20,34,1),(20,35,0.5),(20,36,0),(20,37,0),(20,39,0.5),(20,42,0),(20,43,0.5),(20,46,1),(20,47,1),(20,49,1),(20,52,0),(20,53,0),(20,54,0),(20,57,1),(20,58,0),(20,59,0),(20,60,0.5),(20,61,0),(20,62,1),(20,63,0.5),(20,67,0),(20,68,0.5),(20,69,1),(20,70,0),(20,71,0.5),(20,72,0),(20,73,0),(20,74,0.5),(20,75,0.5),(20,76,0),(20,81,0.5),(20,97,0.5),(20,101,0.5),(20,102,0),(20,104,0.5),(20,116,0.5),(20,117,0),(20,123,1),(20,126,0.5),(20,130,1),(20,133,1),(20,137,1),(20,138,1),(20,146,0.5),(20,147,1),(20,205,1),(20,207,0.5),(20,210,0),(20,220,0.5),(20,222,0),(20,223,0),(20,224,0.5),(20,225,1),(20,226,0),(20,227,0.5),(20,239,0),(20,249,0),(20,250,0.5),(20,254,1),(20,258,0),(20,259,1),(20,265,0.5),(20,269,0),(20,270,0),(20,271,0),(20,272,0),(20,273,1),(20,274,0),(20,275,0),(20,276,0.5),(20,277,0),(20,278,0),(20,279,1),(20,280,1),(20,281,0),(20,282,0.5),(20,283,1),(20,284,0),(20,287,0),(20,298,1),(20,299,1),(20,300,0),(20,301,0.5),(20,302,0.5),(20,304,1),(20,305,1),(20,328,0),(20,343,0),(20,345,0.5),(20,346,1),(20,348,0.5),(20,352,0.5),(20,353,0),(20,359,0),(20,360,0.5),(20,361,0),(20,362,1),(20,365,0),(20,367,1),(21,2,0.5),(21,3,1),(21,17,0.5),(21,18,0.5),(21,23,0),(21,24,0),(21,27,1),(21,32,1),(21,34,1),(21,35,1),(21,36,1),(21,37,0),(21,39,0),(21,42,0.5),(21,43,0.5),(21,46,0),(21,47,0),(21,49,1),(21,52,0.5),(21,53,0),(21,54,0.5),(21,57,0.5),(21,58,0),(21,59,1),(21,60,0),(21,61,0.5),(21,62,0.5),(21,63,0),(21,67,0),(21,68,1),(21,69,0.5),(21,70,0),(21,71,0.5),(21,72,1),(21,73,0),(21,74,0),(21,75,1),(21,76,1),(21,81,1),(21,97,0.5),(21,101,0),(21,102,1),(21,104,0.5),(21,116,1),(21,117,0),(21,123,1),(21,126,0.5),(21,130,0.5),(21,133,0),(21,137,1),(21,138,0.5),(21,146,0.5),(21,147,1),(21,205,0.5),(21,207,0.5),(21,210,0.5),(21,220,0),(21,222,0.5),(21,223,0),(21,224,0),(21,225,1),(21,226,0.5),(21,227,1),(21,239,0),(21,249,1),(21,250,0.5),(21,254,0),(21,258,1),(21,259,1),(21,265,0),(21,269,1),(21,270,0.5),(21,271,1),(21,272,0),(21,273,0.5),(21,274,0.5),(21,275,0),(21,276,0),(21,277,1),(21,278,0.5),(21,279,0.5),(21,280,0.5),(21,281,0),(21,282,1),(21,283,0),(21,284,1),(21,287,1),(21,298,1),(21,299,0.5),(21,300,0.5),(21,301,0.5),(21,302,1),(21,304,1),(21,305,1),(21,328,0),(21,343,1),(21,345,0),(21,346,0),(21,348,0),(21,352,1),(21,353,0),(21,359,1),(21,360,1),(21,361,1),(21,362,1),(21,365,1),(21,367,1),(22,2,0.5),(22,3,0),(22,17,0),(22,18,0),(22,23,1),(22,24,1),(22,27,0.5),(22,32,0.5),(22,34,0),(22,35,1),(22,36,1),(22,37,0.5),(22,39,0),(22,42,0),(22,43,0.5),(22,46,0.5),(22,47,1),(22,49,0.5),(22,52,1),(22,53,0.5),(22,54,0),(22,57,0.5),(22,58,0),(22,59,1),(22,60,0),(22,61,0.5),(22,62,0.5),(22,63,0.5),(22,67,1),(22,68,1),(22,69,0),(22,70,0),(22,71,1),(22,72,0.5),(22,73,0),(22,74,0.5),(22,75,0),(22,76,0.5),(22,81,0.5),(22,97,0.5),(22,101,1),(22,102,0),(22,104,0.5),(22,116,0),(22,117,1),(22,123,1),(22,126,1),(22,130,0.5),(22,133,0),(22,137,0.5),(22,138,0.5),(22,146,0),(22,147,0.5),(22,205,1),(22,207,0),(22,210,0),(22,220,1),(22,222,0),(22,223,1),(22,224,0.5),(22,225,0),(22,226,1),(22,227,0.5),(22,239,0),(22,249,0),(22,250,0),(22,254,1),(22,258,0),(22,259,1),(22,265,0.5),(22,269,0),(22,270,0),(22,271,1),(22,272,1),(22,273,0.5),(22,274,0.5),(22,275,0.5),(22,276,1),(22,277,1),(22,278,1),(22,279,1),(22,280,0.5),(22,281,1),(22,282,0.5),(22,283,0.5),(22,284,0.5),(22,287,0),(22,298,1),(22,299,1),(22,300,0),(22,301,0),(22,302,0),(22,304,0),(22,305,0),(22,328,0),(22,343,0),(22,345,1),(22,346,1),(22,348,1),(22,352,1),(22,353,0.5),(22,359,1),(22,360,1),(22,361,0),(22,362,1),(22,365,1),(22,367,0.5),(23,2,0.5),(23,3,1),(23,17,0.5),(23,18,1),(23,23,0),(23,24,1),(23,27,0.5),(23,32,1),(23,34,0.5),(23,35,1),(23,36,0.5),(23,37,0.5),(23,39,1),(23,42,0),(23,43,0.5),(23,46,1),(23,47,0.5),(23,49,0),(23,52,1),(23,53,0),(23,54,1),(23,57,1),(23,58,0),(23,59,1),(23,60,0.5),(23,61,1),(23,62,1),(23,63,0.5),(23,67,1),(23,68,1),(23,69,0.5),(23,70,0),(23,71,1),(23,72,1),(23,73,1),(23,74,0.5),(23,75,0),(23,76,0.5),(23,81,0.5),(23,97,0),(23,101,0.5),(23,102,1),(23,104,0.5),(23,116,0.5),(23,117,0.5),(23,123,0),(23,126,0.5),(23,130,0.5),(23,133,1),(23,137,0),(23,138,0),(23,146,0),(23,147,1),(23,205,0.5),(23,207,0.5),(23,210,1),(23,220,0),(23,222,0),(23,223,1),(23,224,0.5),(23,225,1),(23,226,0.5),(23,227,1),(23,239,1),(23,249,0.5),(23,250,0.5),(23,254,1),(23,258,1),(23,259,0.5),(23,265,0),(23,269,0),(23,270,0.5),(23,271,1),(23,272,0),(23,273,0),(23,274,0),(23,275,0.5),(23,276,0),(23,277,1),(23,278,0),(23,279,0),(23,280,1),(23,281,1),(23,282,0.5),(23,283,1),(23,284,0),(23,287,0),(23,298,0.5),(23,299,0.5),(23,300,0.5),(23,301,0),(23,302,0),(23,304,0.5),(23,305,0.5),(23,328,1),(23,343,0),(23,345,0),(23,346,1),(23,348,0),(23,352,0),(23,353,0.5),(23,359,0.5),(23,360,0.5),(23,361,1),(23,362,0),(23,365,0.5),(23,367,0.5),(24,2,0),(24,3,0),(24,17,1),(24,18,0.5),(24,23,1),(24,24,1),(24,27,0.5),(24,32,0.5),(24,34,0),(24,35,0.5),(24,36,0.5),(24,37,0.5),(24,39,1),(24,42,1),(24,43,1),(24,46,0.5),(24,47,0.5),(24,49,0.5),(24,52,0.5),(24,53,0.5),(24,54,0.5),(24,57,0.5),(24,58,0),(24,59,0.5),(24,60,0.5),(24,61,0.5),(24,62,0.5),(24,63,0),(24,67,1),(24,68,1),(24,69,0),(24,70,0),(24,71,0.5),(24,72,0),(24,73,1),(24,74,0),(24,75,1),(24,76,0),(24,81,1),(24,97,0),(24,101,1),(24,102,0.5),(24,104,0),(24,116,1),(24,117,0.5),(24,123,0.5),(24,126,0.5),(24,130,0.5),(24,133,0.5),(24,137,0),(24,138,0),(24,146,0),(24,147,1),(24,205,1),(24,207,0),(24,210,0.5),(24,220,0),(24,222,1),(24,223,0),(24,224,0.5),(24,225,0.5),(24,226,0),(24,227,0),(24,239,0.5),(24,249,1),(24,250,1),(24,254,0),(24,258,0),(24,259,0),(24,265,0),(24,269,0),(24,270,0),(24,271,1),(24,272,1),(24,273,0),(24,274,0.5),(24,275,1),(24,276,1),(24,277,0.5),(24,278,1),(24,279,1),(24,280,0.5),(24,281,1),(24,282,1),(24,283,1),(24,284,0),(24,287,1),(24,298,1),(24,299,1),(24,300,1),(24,301,0),(24,302,1),(24,304,1),(24,305,1),(24,328,0.5),(24,343,0.5),(24,345,1),(24,346,1),(24,348,0.5),(24,352,0),(24,353,0.5),(24,359,0),(24,360,1),(24,361,0),(24,362,0),(24,365,0),(24,367,0),(25,2,0),(25,3,0),(25,17,1),(25,18,1),(25,23,0.5),(25,24,0.5),(25,27,1),(25,32,1),(25,34,1),(25,35,1),(25,36,1),(25,37,1),(25,39,0),(25,42,0.5),(25,43,0.5),(25,46,1),(25,47,1),(25,49,1),(25,52,1),(25,53,0),(25,54,1),(25,57,0.5),(25,58,1),(25,59,1),(25,60,1),(25,61,0),(25,62,1),(25,63,0.5),(25,67,0.5),(25,68,0),(25,69,1),(25,70,0),(25,71,0),(25,72,1),(25,73,0.5),(25,74,0.5),(25,75,0),(25,76,0.5),(25,81,0.5),(25,97,0.5),(25,101,0.5),(25,102,0),(25,104,0.5),(25,116,1),(25,117,1),(25,123,0),(25,126,1),(25,130,1),(25,133,0.5),(25,137,0.5),(25,138,1),(25,146,0),(25,147,0),(25,207,0.5),(25,222,0),(25,223,0),(25,226,0.5),(25,227,0),(25,249,0),(25,250,0.5),(25,254,0),(25,258,0),(25,259,1),(25,265,1),(25,269,0.5),(25,270,1),(25,271,1),(25,272,1),(25,273,0.5),(25,274,1),(25,275,0.5),(25,276,0),(25,277,1),(25,278,1),(25,279,0.5),(25,280,0),(25,281,1),(25,282,1),(25,283,0.5),(25,284,1),(25,287,0),(25,298,0.5),(25,299,0),(25,300,0),(25,301,0),(25,302,0),(25,304,0),(25,305,0),(25,328,1),(25,343,0),(25,345,0.5),(25,346,1),(25,367,0),(26,2,0.5),(26,3,0),(26,17,1),(26,18,0),(26,23,0.5),(26,24,0),(26,27,1),(26,32,0.5),(26,34,1),(26,35,0),(26,36,1),(26,37,1),(26,39,0),(26,42,0.5),(26,43,0.5),(26,46,1),(26,47,1),(26,49,0),(26,52,1),(26,53,0.5),(26,54,0),(26,57,0),(26,58,0.5),(26,59,1),(26,60,1),(26,61,0.5),(26,62,0.5),(26,63,1),(26,67,1),(26,68,0),(26,69,0),(26,70,0),(26,71,1),(26,72,0.5),(26,73,0),(26,74,0),(26,75,0.5),(26,76,0),(26,81,1),(26,97,0.5),(26,101,0),(26,102,0),(26,104,1),(26,116,0.5),(26,117,0),(26,123,0),(26,126,0),(26,130,0.5),(26,133,0),(26,137,0),(26,138,0.5),(26,146,0.5),(26,147,0.5),(26,207,1),(26,222,0.5),(26,223,0.5),(26,226,0.5),(26,227,0),(26,249,0),(26,250,0.5),(26,254,1),(26,258,0),(26,259,1),(26,265,1),(26,269,0.5),(26,270,0),(26,271,0.5),(26,272,0),(26,273,1),(26,274,0.5),(26,275,1),(26,276,0.5),(26,277,1),(26,278,0.5),(26,279,0),(26,280,0),(26,281,0),(26,282,1),(26,283,1),(26,284,0.5),(26,287,0),(26,298,0.5),(26,299,0),(26,300,0.5),(26,301,0),(26,302,0.5),(26,304,1),(26,305,0),(26,328,1),(26,343,1),(26,345,0.5),(26,346,0.5),(26,367,1),(27,2,0.5),(27,3,0.5),(27,17,0),(27,18,0.5),(27,23,1),(27,24,1),(27,27,1),(27,32,0),(27,34,0),(27,35,1),(27,36,0.5),(27,37,0.5),(27,39,0),(27,42,0),(27,43,0),(27,46,0),(27,47,1),(27,49,0.5),(27,52,1),(27,53,0.5),(27,54,0),(27,57,0.5),(27,58,0),(27,59,0.5),(27,60,0),(27,61,1),(27,62,0),(27,63,0),(27,67,1),(27,68,0),(27,69,0),(27,70,0.5),(27,71,1),(27,72,0),(27,73,0.5),(27,74,0.5),(27,75,0.5),(27,76,1),(27,81,1),(27,97,1),(27,101,1),(27,102,0.5),(27,104,0.5),(27,116,0.5),(27,117,1),(27,123,1),(27,126,0.5),(27,130,0),(27,133,1),(27,137,0),(27,138,1),(27,146,0.5),(27,147,0.5),(27,207,0),(27,222,0.5),(27,223,1),(27,226,0),(27,227,1),(27,249,1),(27,250,0.5),(27,254,1),(27,258,0),(27,259,1),(27,265,0),(27,269,1),(27,270,0),(27,271,0),(27,272,0),(27,273,0),(27,274,0),(27,275,0),(27,276,0),(27,277,1),(27,278,0),(27,279,0),(27,280,0.5),(27,281,0.5),(27,282,1),(27,283,0.5),(27,284,0.5),(27,287,1),(27,298,1),(27,299,1),(27,300,1),(27,301,0.5),(27,302,1),(27,304,1),(27,305,1),(27,328,0.5),(27,343,0),(27,345,0),(27,346,0.5),(27,367,0),(28,2,0.5),(28,3,0.5),(28,17,1),(28,18,0),(28,23,0),(28,24,0.5),(28,27,1),(28,32,0),(28,34,0),(28,35,0),(28,36,0),(28,37,1),(28,39,1),(28,42,0),(28,43,1),(28,46,1),(28,47,0),(28,49,0.5),(28,52,0),(28,53,0.5),(28,54,0.5),(28,57,0.5),(28,58,0),(28,59,0.5),(28,60,0.5),(28,61,1),(28,62,1),(28,63,0.5),(28,67,0.5),(28,68,0.5),(28,69,0.5),(28,70,1),(28,71,0.5),(28,72,1),(28,73,0),(28,74,1),(28,75,0.5),(28,76,0),(28,81,0),(28,97,0),(28,101,0.5),(28,102,0.5),(28,104,0.5),(28,116,1),(28,117,0.5),(28,123,1),(28,126,1),(28,130,1),(28,133,0.5),(28,137,0.5),(28,138,0),(28,146,0),(28,147,0),(28,207,1),(28,222,1),(28,223,0.5),(28,226,1),(28,227,0.5),(28,249,0),(28,250,0),(28,254,0.5),(28,258,1),(28,259,0),(28,265,1),(28,269,1),(28,270,0),(28,271,0.5),(28,272,0.5),(28,273,0),(28,274,1),(28,275,0.5),(28,276,0),(28,277,0),(28,278,1),(28,279,1),(28,280,0.5),(28,281,1),(28,282,1),(28,283,0),(28,284,0),(28,287,0),(28,298,0.5),(28,299,0),(28,300,0),(28,301,0),(28,302,0),(28,304,0.5),(28,305,0),(28,328,1),(28,343,0),(28,345,1),(28,346,0),(28,367,0),(29,2,0.5),(29,3,0.5),(29,17,0.5),(29,18,0),(29,23,0),(29,24,1),(29,27,0),(29,32,0),(29,34,0.5),(29,35,0.5),(29,36,0),(29,37,1),(29,39,0),(29,42,1),(29,43,1),(29,46,0),(29,47,0),(29,49,0.5),(29,52,0),(29,53,0.5),(29,54,1),(29,57,0),(29,58,0),(29,59,1),(29,60,0.5),(29,61,0),(29,62,1),(29,63,1),(29,67,1),(29,68,0),(29,69,1),(29,70,0),(29,71,1),(29,72,0),(29,73,0.5),(29,74,0.5),(29,75,1),(29,76,0),(29,81,1),(29,97,0.5),(29,101,0.5),(29,102,1),(29,104,0.5),(29,116,0.5),(29,117,0),(29,123,0),(29,126,1),(29,130,0),(29,133,1),(29,137,1),(29,138,0.5),(29,146,0),(29,147,1),(29,207,0),(29,222,0),(29,223,0),(29,226,1),(29,227,0.5),(29,249,1),(29,250,0),(29,254,1),(29,258,0.5),(29,259,0),(29,265,0),(29,269,1),(29,270,0),(29,271,0.5),(29,272,0),(29,273,0),(29,274,0),(29,275,1),(29,276,1),(29,277,0.5),(29,278,1),(29,279,0),(29,280,1),(29,281,1),(29,282,0),(29,283,1),(29,284,0.5),(29,287,1),(29,298,1),(29,299,0),(29,300,0.5),(29,301,1),(29,302,0.5),(29,304,1),(29,305,0.5),(29,328,1),(29,343,0.5),(29,345,1),(29,346,1),(29,367,1),(30,2,0),(30,3,0.5),(30,17,0),(30,18,0),(30,23,1),(30,24,0.5),(30,27,1),(30,32,0.5),(30,34,0),(30,35,0.5),(30,36,1),(30,37,1),(30,39,0.5),(30,42,1),(30,43,0.5),(30,46,0.5),(30,47,0),(30,49,1),(30,52,0),(30,53,1),(30,54,0.5),(30,57,0),(30,58,0.5),(30,59,0),(30,60,0.5),(30,61,0),(30,62,0),(30,63,0),(30,67,0),(30,68,0.5),(30,69,0.5),(30,70,1),(30,71,1),(30,72,1),(30,73,0),(30,74,0.5),(30,75,1),(30,76,0.5),(30,81,0.5),(30,97,0.5),(30,101,1),(30,102,0.5),(30,104,0),(30,116,1),(30,117,1),(30,123,0.5),(30,126,0),(30,130,0),(30,133,0),(30,137,0),(30,138,0),(30,146,1),(30,207,1),(30,222,0.5),(30,223,0.5),(30,226,0.5),(30,227,0),(30,249,0.5),(30,250,0.5),(30,254,1),(30,258,0.5),(30,259,1),(30,265,0),(30,269,1),(30,270,0),(30,271,1),(30,272,0.5),(30,273,0.5),(30,274,0),(30,275,1),(30,276,0.5),(30,277,1),(30,278,0.5),(30,279,0.5),(30,280,0.5),(30,281,0.5),(30,282,0),(30,283,1),(30,284,0.5),(30,287,0.5),(30,298,1),(30,299,0),(30,300,0),(30,301,0.5),(30,302,0.5),(30,304,0),(30,305,0),(30,328,0.5),(30,343,0.5),(30,345,0.5),(30,346,0.5),(30,367,0.5),(31,3,0),(31,17,1),(31,18,0),(31,24,0.5),(31,32,1),(31,34,1),(31,35,0),(31,36,1),(31,37,1),(31,39,0.5),(31,42,0.5),(31,43,1),(31,49,0),(31,52,0),(31,53,0.5),(31,54,0),(31,57,1),(31,62,0),(31,63,1),(31,67,0.5),(31,71,1),(31,72,1),(31,73,1),(31,74,0.5),(31,75,0.5),(31,76,1),(31,81,0.5),(31,97,0.5),(31,104,0.5),(31,117,1),(31,123,0),(31,126,0.5),(31,130,0),(31,133,0.5),(31,137,1),(31,138,0.5),(31,146,0.5),(31,147,0),(31,207,0.5),(31,222,0),(31,223,1),(31,226,1),(31,227,0),(31,249,1),(31,259,1),(31,265,1),(31,269,0),(31,270,0.5),(31,271,0.5),(31,272,1),(31,273,0.5),(31,274,1),(31,275,0.5),(31,276,0.5),(31,277,0.5),(31,278,0),(31,279,1),(31,280,0),(31,281,1),(31,282,1),(31,283,1),(31,284,0.5),(31,287,0),(31,298,0),(31,299,0),(31,300,0),(31,302,0),(31,304,0),(31,328,1),(31,343,0),(31,345,0.5),(31,346,1),(32,3,0),(32,17,1),(32,18,0.5),(32,24,0.5),(32,32,1),(32,34,0),(32,35,0),(32,36,0),(32,37,1),(32,39,0.5),(32,42,1),(32,43,0),(32,49,0),(32,52,1),(32,53,0.5),(32,54,1),(32,57,0.5),(32,62,0.5),(32,63,1),(32,67,0.5),(32,71,1),(32,72,0),(32,73,0),(32,74,0),(32,75,0.5),(32,76,1),(32,81,0.5),(32,97,1),(32,104,0.5),(32,117,0),(32,123,0.5),(32,126,0),(32,130,0.5),(32,133,1),(32,137,0),(32,138,0),(32,146,0.5),(32,147,1),(32,207,0.5),(32,222,1),(32,223,0.5),(32,226,0),(32,227,1),(32,249,0.5),(32,259,1),(32,265,0.5),(32,269,1),(32,270,0.5),(32,271,0.5),(32,272,0.5),(32,273,1),(32,274,0.5),(32,275,1),(32,276,0),(32,277,1),(32,278,1),(32,279,0.5),(32,280,1),(32,281,0),(32,282,0),(32,283,1),(32,284,0.5),(32,287,1),(32,298,0),(32,299,0.5),(32,300,0.5),(32,302,1),(32,304,1),(32,328,0.5),(32,343,1),(32,345,0.5),(32,346,0),(33,3,0.5),(33,17,0),(33,18,1),(33,24,0),(33,32,1),(33,34,0.5),(33,35,1),(33,36,0.5),(33,37,0),(33,39,1),(33,42,0.5),(33,43,0.5),(33,49,0),(33,52,0),(33,53,0),(33,54,1),(33,57,1),(33,62,0),(33,63,0.5),(33,67,0),(33,71,0.5),(33,72,1),(33,73,0.5),(33,74,0),(33,75,1),(33,76,1),(33,81,0),(33,97,0.5),(33,104,0.5),(33,117,0),(33,123,0.5),(33,126,0.5),(33,130,0),(33,133,0.5),(33,137,0.5),(33,138,0.5),(33,146,1),(33,147,1),(33,207,0),(33,222,0.5),(33,223,0.5),(33,226,0.5),(33,227,1),(33,249,0.5),(33,259,1),(33,265,0),(33,269,0.5),(33,270,0),(33,271,1),(33,272,0),(33,273,0.5),(33,274,0),(33,275,1),(33,276,1),(33,277,1),(33,278,0),(33,279,0),(33,280,1),(33,281,0.5),(33,282,0.5),(33,283,0),(33,284,0.5),(33,287,0),(33,298,1),(33,299,1),(33,300,1),(33,302,1),(33,304,1),(33,328,1),(33,343,1),(33,345,0.5),(33,346,0.5),(34,3,0),(34,17,0.5),(34,18,0),(34,24,1),(34,32,0),(34,34,1),(34,35,1),(34,36,0.5),(34,37,0.5),(34,39,0),(34,42,0.5),(34,43,1),(34,49,0.5),(34,52,0),(34,53,0.5),(34,54,0),(34,57,0),(34,62,0),(34,63,0.5),(34,67,1),(34,71,1),(34,72,0),(34,73,1),(34,74,0),(34,75,1),(34,76,0.5),(34,81,1),(34,97,0.5),(34,104,1),(34,117,0.5),(34,123,0.5),(34,126,0.5),(34,130,0),(34,133,1),(34,137,0.5),(34,138,0.5),(34,146,0),(34,147,0),(34,207,1),(34,222,0),(34,223,1),(34,226,0.5),(34,227,1),(34,249,1),(34,259,1),(34,265,0.5),(34,269,1),(34,270,1),(34,271,1),(34,272,0.5),(34,273,0.5),(34,274,1),(34,275,0),(34,276,1),(34,277,1),(34,278,1),(34,279,0.5),(34,280,0),(34,281,0.5),(34,282,1),(34,283,0),(34,284,1),(34,287,0),(34,298,0.5),(34,299,0),(34,300,0),(34,302,0),(34,304,0),(34,328,0),(34,343,1),(34,345,1),(34,346,0),(35,3,0),(35,17,0),(35,18,1),(35,24,0.5),(35,32,0),(35,34,1),(35,35,0),(35,36,0.5),(35,37,0.5),(35,39,0.5),(35,42,0),(35,43,0),(35,49,1),(35,52,1),(35,53,1),(35,54,1),(35,57,0.5),(35,62,1),(35,63,0.5),(35,67,0),(35,71,0.5),(35,72,0.5),(35,73,0.5),(35,74,0.5),(35,75,0),(35,76,1),(35,81,0.5),(35,97,0.5),(35,104,0.5),(35,117,0.5),(35,123,1),(35,126,1),(35,130,0.5),(35,133,1),(35,137,0),(35,138,1),(35,146,1),(35,147,1),(35,207,1),(35,222,0),(35,223,1),(35,226,1),(35,227,0),(35,249,0),(35,259,1),(35,265,1),(35,269,0),(35,270,0.5),(35,271,0),(35,272,0.5),(35,273,0),(35,274,0),(35,275,0),(35,276,0.5),(35,277,0.5),(35,278,1),(35,279,1),(35,280,0),(35,281,0),(35,282,1),(35,283,0),(35,284,0.5),(35,287,1),(35,298,0.5),(35,299,1),(35,300,0.5),(35,302,0),(35,304,0),(35,328,0.5),(35,343,1),(35,345,1),(35,346,0.5),(36,3,0.5),(36,17,1),(36,18,1),(36,24,0),(36,32,0.5),(36,34,1),(36,35,0),(36,36,1),(36,37,1),(36,39,0.5),(36,42,0.5),(36,43,0.5),(36,49,1),(36,52,1),(36,53,0),(36,54,0.5),(36,57,1),(36,62,1),(36,63,0),(36,67,0.5),(36,71,0.5),(36,72,0),(36,73,0),(36,74,0.5),(36,75,1),(36,76,1),(36,81,1),(36,97,1),(36,104,0.5),(36,117,0),(36,123,0.5),(36,126,0.5),(36,130,0),(36,133,1),(36,137,1),(36,138,0),(36,146,1),(36,147,1),(36,207,1),(36,222,1),(36,223,0.5),(36,226,0),(36,227,0),(36,249,0),(36,259,0.5),(36,265,0.5),(36,269,0),(36,270,1),(36,271,0.5),(36,272,0.5),(36,273,0),(36,274,0.5),(36,275,0.5),(36,276,0),(36,277,0),(36,278,0.5),(36,279,0.5),(36,280,1),(36,281,0.5),(36,282,0.5),(36,283,0.5),(36,284,0),(36,287,1),(36,298,1),(36,299,1),(36,300,1),(36,302,1),(36,304,1),(36,328,1),(36,343,1),(36,345,1),(36,346,1),(37,146,0.5),(37,300,0),(37,304,0),(38,146,0),(38,300,1),(38,304,0.5),(39,146,1),(39,300,1),(39,304,1),(40,146,0),(40,300,0),(40,304,0),(41,146,0.5),(41,300,1),(41,304,1),(42,146,1),(42,300,1),(42,304,1),(43,300,1),(43,304,0.5),(44,300,1),(44,304,1),(45,300,1),(45,304,1),(46,300,1),(46,304,0),(47,300,0.5),(47,304,0),(48,300,0.5),(48,304,1),(49,300,0),(49,304,0),(50,300,0),(50,304,1),(51,300,1),(51,304,1),(52,300,0.5),(52,304,0),(53,300,1),(53,304,0),(54,300,0.5),(54,304,1),(55,300,0.5),(55,304,0),(56,300,1),(56,304,1),(57,300,0),(57,304,1),(58,300,1),(58,304,0),(59,300,1),(59,304,0.5),(60,300,1),(60,304,1),(61,300,0.5),(61,304,0),(62,300,1),(62,304,0.5),(63,300,1),(63,304,1),(64,300,0.5),(64,304,0),(65,300,1),(65,304,0),(66,300,1),(66,304,0.5),(67,300,1),(67,304,0),(68,300,0),(68,304,0),(69,300,1),(69,304,0.5),(70,300,0),(70,304,0.5),(71,300,0),(71,304,0),(72,300,0),(72,304,1),(73,300,0.5),(73,304,0),(74,300,0.5),(74,304,0.5),(75,300,0.5),(75,304,0.5),(76,300,0),(76,304,0),(77,300,0.5),(77,304,0),(78,300,0),(78,304,1),(79,300,0.5),(79,304,0),(80,300,0),(80,304,0.5),(81,300,0),(81,304,0),(82,300,0),(82,304,0),(83,300,0),(83,304,0),(84,300,0),(84,304,0.5),(85,300,0.5),(85,304,0),(86,300,1),(86,304,0),(87,300,0),(87,304,1),(88,300,0.5),(88,304,0),(89,300,0.5),(89,304,0),(90,300,0),(90,304,1),(91,300,1),(91,304,0),(92,300,0),(92,304,1),(93,300,0.5),(93,304,1),(94,300,1),(94,304,0),(95,300,1),(95,304,0.5),(96,300,0.5),(96,304,0.5),(97,300,0),(97,304,0),(98,300,0.5),(98,304,1),(99,300,0.5),(99,304,1),(100,300,0),(100,304,0),(101,300,1),(101,304,0),(102,300,0.5),(102,304,1),(103,300,0),(103,304,0),(104,300,0.5),(104,304,0),(105,300,1),(105,304,1),(106,300,0),(106,304,0),(107,300,0),(107,304,1),(108,300,0.5),(108,304,0.5),(109,304,0),(110,304,0),(111,304,1),(112,304,0.5),(113,304,1),(114,304,0.5),(115,304,0.5),(116,304,1),(117,304,0.5),(118,304,0),(119,304,0.5),(120,304,0.5),(121,304,1),(122,304,1),(123,304,1),(124,304,0.5),(125,304,0),(126,304,1),(127,304,0),(128,304,1),(129,304,0.5),(130,304,0.5),(131,304,0.5),(132,304,0.5),(133,304,0),(134,304,0.5),(135,304,0.5),(136,304,1),(137,304,0.5),(138,304,0.5),(139,304,0),(140,304,0.5),(141,304,1),(142,304,0),(143,304,1),(144,304,0.5);
/*!40000 ALTER TABLE `RespuestaAmbiente` ENABLE KEYS */;
UNLOCK TABLES;

--
-- Table structure for table `RespuestaPersonalidad`
--

DROP TABLE IF EXISTS `RespuestaPersonalidad`;
/*!40101 SET @saved_cs_client     = @@character_set_client */;
/*!40101 SET character_set_client = utf8 */;
CREATE TABLE `RespuestaPersonalidad` (
  `idPreguntaPersonalidad` int(11) NOT NULL,
  `respuesta` int(11) NOT NULL,
  `idEncuesta` int(11) NOT NULL,
  PRIMARY KEY (`idEncuesta`,`idPreguntaPersonalidad`),
  KEY `fk_Respuesta_Preguntas1_idx` (`idPreguntaPersonalidad`),
  KEY `fk_Respuesta_Encuesta1_idx` (`idEncuesta`),
  CONSTRAINT `fk_Respuesta_Encuesta1` FOREIGN KEY (`idEncuesta`) REFERENCES `Encuesta` (`idEncuesta`) ON DELETE NO ACTION ON UPDATE NO ACTION,
  CONSTRAINT `fk_Respuesta_Preguntas1` FOREIGN KEY (`idPreguntaPersonalidad`) REFERENCES `PreguntaPersonalidad` (`idPreguntaPersonalidad`) ON DELETE NO ACTION ON UPDATE NO ACTION
) ENGINE=InnoDB DEFAULT CHARSET=utf8;
/*!40101 SET character_set_client = @saved_cs_client */;

--
-- Dumping data for table `RespuestaPersonalidad`
--

LOCK TABLES `RespuestaPersonalidad` WRITE;
/*!40000 ALTER TABLE `RespuestaPersonalidad` DISABLE KEYS */;
INSERT INTO `RespuestaPersonalidad` VALUES (1,2,3),(2,2,3),(3,2,3),(4,2,3),(5,2,3),(6,2,3),(7,2,3),(8,2,3),(9,2,3),(10,5,3),(11,4,3),(12,2,3),(13,2,3),(14,4,3),(15,4,3),(16,5,3),(17,5,3),(18,4,3),(19,3,3),(20,2,3),(21,5,3),(22,4,3),(23,4,3),(24,2,3),(25,2,3),(26,4,3),(27,4,3),(28,2,3),(29,5,3),(30,2,3),(31,5,3),(32,2,3),(1,4,17),(2,3,17),(3,2,17),(4,2,17),(5,4,17),(6,3,17),(7,3,17),(8,2,17),(9,2,17),(10,2,17),(11,2,17),(12,2,17),(13,2,17),(14,5,17),(15,5,17),(16,2,17),(17,2,17),(18,2,17),(19,2,17),(20,2,17),(21,2,17),(22,5,17),(23,5,17),(24,2,17),(1,4,18),(2,1,18),(3,4,18),(4,4,18),(5,3,18),(6,5,18),(7,3,18),(8,4,18),(9,2,18),(10,1,18),(11,1,18),(12,2,18),(13,4,18),(14,5,18),(15,1,18),(16,1,18),(17,5,18),(18,1,18),(19,5,18),(20,2,18),(21,4,18),(22,1,18),(23,1,18),(24,3,18),(25,5,18),(26,1,18),(27,1,18),(28,3,18),(29,5,18),(30,4,18),(31,1,18),(32,1,18),(1,3,19),(2,5,19),(3,4,19),(4,4,19),(5,1,19),(6,4,19),(7,4,19),(8,1,19),(9,5,19),(10,1,19),(11,2,19),(12,2,19),(13,4,19),(14,1,19),(15,4,19),(16,1,19),(17,4,19),(18,1,19),(19,1,19),(20,3,19),(21,3,19),(22,2,19),(23,3,19),(24,5,19),(25,4,19),(26,2,19),(27,2,19),(28,1,19),(29,3,19),(30,4,19),(31,2,19),(32,3,19),(1,1,20),(2,4,20),(3,5,20),(4,1,20),(5,1,20),(6,3,20),(7,3,20),(8,1,20),(1,2,21),(2,1,21),(3,1,21),(4,4,21),(5,2,21),(6,4,21),(7,4,21),(8,1,21),(9,5,21),(10,4,21),(11,3,21),(12,5,21),(13,2,21),(14,2,21),(15,1,21),(16,2,21),(17,2,21),(18,4,21),(19,3,21),(20,2,21),(21,5,21),(22,4,21),(23,4,21),(24,1,21),(25,3,21),(26,4,21),(27,3,21),(28,1,21),(1,3,22),(2,3,22),(3,1,22),(4,4,22),(5,1,22),(6,1,22),(7,5,22),(8,4,22),(9,4,22),(10,2,22),(11,2,22),(12,2,22),(13,2,22),(14,1,22),(15,1,22),(16,4,22),(17,3,22),(18,3,22),(19,5,22),(20,4,22),(21,4,22),(22,5,22),(23,4,22),(24,2,22),(25,5,22),(26,5,22),(27,1,22),(28,4,22),(29,3,22),(30,4,22),(31,2,22),(32,2,22),(1,2,23),(2,3,23),(3,2,23),(4,5,23),(5,2,23),(6,1,23),(7,5,23),(8,3,23),(9,1,23),(10,1,23),(11,3,23),(12,2,23),(13,5,23),(14,4,23),(15,2,23),(16,1,23),(17,1,23),(18,3,23),(19,2,23),(20,4,23),(21,4,23),(22,1,23),(23,5,23),(24,1,23),(25,1,23),(26,3,23),(27,4,23),(28,3,23),(29,4,23),(30,3,23),(31,2,23),(32,3,23),(1,2,24),(2,2,24),(3,2,24),(4,2,24),(5,2,24),(6,2,24),(7,2,24),(8,2,24),(9,2,24),(10,2,24),(11,2,24),(12,2,24),(13,2,24),(14,2,24),(15,2,24),(16,2,24),(17,2,24),(18,2,24),(19,2,24),(20,2,24),(21,2,24),(22,2,24),(23,2,24),(24,2,24),(25,2,24),(26,2,24),(27,2,24),(28,2,24),(29,2,24),(30,2,24),(31,2,24),(32,2,24),(1,1,26),(2,4,26),(3,1,26),(4,2,26),(5,3,26),(6,3,26),(7,5,26),(8,2,26),(9,4,26),(10,1,26),(11,4,26),(12,1,26),(13,5,26),(14,1,26),(15,4,26),(16,1,26),(17,5,26),(18,1,26),(19,1,26),(20,5,26),(21,5,26),(22,4,26),(23,5,26),(24,2,26),(25,1,26),(26,4,26),(27,1,26),(28,3,26),(29,1,26),(30,4,26),(31,3,26),(32,2,26),(1,3,28),(2,1,28),(3,4,28),(4,3,28),(5,3,28),(6,5,28),(7,2,28),(8,2,28),(9,4,28),(10,2,28),(11,2,28),(12,5,28),(13,4,28),(14,4,28),(15,4,28),(16,2,28),(17,1,28),(18,2,28),(19,3,28),(20,2,28),(21,5,28),(22,4,28),(23,2,28),(24,2,28),(25,1,28),(26,1,28),(27,5,28),(28,3,28),(29,1,28),(30,4,28),(31,1,28),(32,1,28),(1,4,29),(2,5,29),(3,5,29),(4,2,29),(5,5,29),(6,2,29),(7,3,29),(8,5,29),(9,1,29),(10,3,29),(11,3,29),(12,1,29),(13,2,29),(14,2,29),(15,3,29),(16,2,29),(17,4,29),(18,4,29),(19,3,29),(20,5,29),(21,1,29),(22,2,29),(23,2,29),(24,3,29),(25,5,29),(26,2,29),(27,4,29),(28,4,29),(29,4,29),(30,5,29),(31,3,29),(32,1,29),(1,5,31),(2,4,31),(3,2,31),(4,4,31),(5,3,31),(6,3,31),(7,4,31),(8,5,31),(9,1,31),(10,4,31),(11,5,31),(12,5,31),(13,2,31),(14,5,31),(15,4,31),(16,2,31),(17,4,31),(18,4,31),(19,4,31),(20,1,31),(21,3,31),(22,2,31),(23,5,31),(24,5,31),(25,2,31),(26,4,31),(27,3,31),(28,3,31),(29,5,31),(30,1,31),(31,4,31),(32,2,31),(1,3,32),(2,2,32),(3,1,32),(4,2,32),(5,1,32),(6,1,32),(7,5,32),(8,1,32),(9,4,32),(10,5,32),(11,5,32),(12,2,32),(13,5,32),(14,3,32),(15,3,32),(16,4,32),(17,5,32),(18,2,32),(19,4,32),(20,4,32),(21,5,32),(22,4,32),(23,3,32),(24,2,32),(25,5,32),(26,4,32),(27,3,32),(28,5,32),(29,2,32),(30,5,32),(31,3,32),(32,1,32),(1,1,37),(2,1,37),(3,3,37),(4,2,37),(5,3,37),(6,5,37),(7,3,37),(8,3,37),(9,1,37),(10,2,37),(11,4,37),(12,4,37),(13,3,37),(14,2,37),(15,3,37),(16,5,37),(17,3,37),(18,3,37),(19,1,37),(20,1,37),(21,3,37),(22,4,37),(23,1,37),(24,5,37),(25,1,37),(26,2,37),(27,1,37),(28,3,37),(29,1,37),(30,1,37),(31,5,37),(32,2,37),(1,2,42),(2,2,42),(3,2,42),(4,2,42),(1,5,43),(2,3,43),(3,5,43),(4,2,43),(5,3,43),(6,2,43),(7,2,43),(8,1,43),(9,2,43),(10,1,43),(11,2,43),(12,1,43),(13,5,43),(14,3,43),(15,5,43),(16,3,43),(17,1,43),(18,4,43),(19,3,43),(20,4,43),(21,2,43),(22,1,43),(23,4,43),(24,5,43),(25,4,43),(26,1,43),(27,5,43),(28,2,43),(29,4,43),(30,1,43),(31,3,43),(32,1,43),(1,5,49),(2,2,49),(3,1,49),(4,3,49),(5,4,49),(6,3,49),(7,2,49),(8,4,49),(9,4,49),(10,3,49),(11,4,49),(12,4,49),(13,2,49),(14,2,49),(15,3,49),(16,1,49),(17,4,49),(18,4,49),(19,3,49),(20,5,49),(21,2,49),(22,4,49),(23,2,49),(24,3,49),(25,2,49),(26,2,49),(27,5,49),(28,5,49),(29,2,49),(30,5,49),(31,2,49),(32,4,49),(1,2,54),(2,2,54),(3,4,54),(4,2,54),(5,3,54),(6,2,54),(7,3,54),(8,3,54),(9,5,54),(10,4,54),(11,3,54),(12,4,54),(13,5,54),(14,1,54),(15,5,54),(16,3,54),(17,3,54),(18,2,54),(19,1,54),(20,1,54),(21,2,54),(22,4,54),(23,4,54),(24,3,54),(25,4,54),(26,3,54),(27,4,54),(28,4,54),(29,1,54),(30,2,54),(31,4,54),(32,1,54),(1,1,57),(2,4,57),(3,3,57),(4,4,57),(5,5,57),(6,3,57),(7,4,57),(8,5,57),(9,2,57),(10,2,57),(11,3,57),(12,2,57),(13,3,57),(14,3,57),(15,3,57),(16,5,57),(17,3,57),(18,5,57),(19,5,57),(20,5,57),(21,5,57),(22,2,57),(23,2,57),(24,4,57),(25,3,57),(26,2,57),(27,5,57),(28,2,57),(29,1,57),(30,5,57),(31,5,57),(32,5,57),(1,5,67),(2,1,67),(3,2,67),(4,2,67),(5,2,67),(6,4,67),(7,3,67),(8,2,67),(9,3,67),(10,5,67),(11,3,67),(12,4,67),(13,2,67),(14,3,67),(15,3,67),(16,2,67),(17,2,67),(18,2,67),(19,3,67),(20,5,67),(21,5,67),(22,4,67),(23,1,67),(24,2,67),(25,2,67),(26,4,67),(27,5,67),(28,1,67),(29,5,67),(30,3,67),(31,2,67),(32,2,67),(1,5,72),(2,4,72),(3,4,72),(4,5,72),(5,1,72),(6,2,72),(7,3,72),(8,1,72),(9,3,72),(10,1,72),(11,1,72),(12,1,72),(13,3,72),(14,1,72),(15,4,72),(16,4,72),(17,2,72),(18,1,72),(19,5,72),(20,5,72),(21,3,72),(22,1,72),(23,5,72),(24,5,72),(25,4,72),(26,2,72),(27,5,72),(28,3,72),(29,4,72),(30,2,72),(31,5,72),(32,4,72),(1,4,73),(2,5,73),(3,5,73),(4,5,73),(5,5,73),(6,4,73),(7,5,73),(8,5,73),(9,1,73),(10,1,73),(11,4,73),(12,1,73),(13,3,73),(14,2,73),(15,4,73),(16,2,73),(17,5,73),(18,4,73),(19,5,73),(20,2,73),(21,4,73),(22,2,73),(23,4,73),(24,2,73),(25,3,73),(26,2,73),(27,1,73),(28,2,73),(29,5,73),(30,2,73),(31,1,73),(32,4,73),(1,3,74),(2,3,74),(3,3,74),(4,5,74),(5,3,74),(6,5,74),(7,3,74),(8,2,74),(9,4,74),(10,4,74),(11,1,74),(12,1,74),(13,4,74),(14,5,74),(15,4,74),(16,1,74),(17,3,74),(18,1,74),(19,5,74),(20,3,74),(21,5,74),(22,1,74),(23,5,74),(24,2,74),(25,2,74),(26,1,74),(27,1,74),(28,1,74),(29,4,74),(30,5,74),(31,5,74),(32,3,74),(1,3,75),(2,2,75),(3,2,75),(4,4,75),(5,5,75),(6,3,75),(7,5,75),(8,3,75),(9,3,75),(10,3,75),(11,3,75),(12,4,75),(13,3,75),(14,5,75),(15,2,75),(16,2,75),(1,5,76),(2,5,76),(3,1,76),(4,2,76),(5,2,76),(6,2,76),(7,2,76),(8,4,76),(1,2,78),(2,2,78),(3,2,78),(4,2,78),(5,1,78),(6,3,78),(7,1,78),(8,2,78),(1,2,79),(2,2,79),(3,2,79),(4,5,79),(1,1,87),(2,2,87),(3,1,87),(4,4,87),(5,3,87),(6,5,87),(7,4,87),(8,4,87),(1,4,89),(2,4,89),(3,4,89),(4,4,89),(1,4,92),(2,4,92),(3,4,92),(4,3,92),(5,5,92),(6,3,92),(7,1,92),(8,1,92),(9,5,92),(10,5,92),(11,1,92),(12,1,92),(13,5,92),(14,3,92),(15,4,92),(16,5,92),(17,2,92),(18,2,92),(19,2,92),(20,1,92),(21,5,92),(22,5,92),(23,5,92),(24,2,92),(25,4,92),(26,3,92),(27,3,92),(28,4,92),(29,2,92),(30,1,92),(31,3,92),(32,2,92),(1,4,104),(2,3,104),(3,1,104),(4,1,104),(5,4,104),(6,4,104),(7,2,104),(8,5,104),(9,3,104),(10,5,104),(11,5,104),(12,3,104),(13,2,104),(14,4,104),(15,4,104),(16,5,104),(17,5,104),(18,4,104),(19,4,104),(20,2,104),(21,5,104),(22,3,104),(23,3,104),(24,2,104),(25,3,104),(26,4,104),(27,5,104),(28,2,104),(29,4,104),(30,2,104),(31,3,104),(32,1,104),(1,4,107),(2,5,107),(3,3,107),(4,1,107),(5,4,107),(6,4,107),(7,4,107),(8,5,107),(9,3,107),(10,2,107),(11,3,107),(12,4,107),(13,2,107),(14,4,107),(15,4,107),(16,1,107),(17,1,107),(18,1,107),(19,1,107),(20,2,107),(21,5,107),(22,3,107),(23,5,107),(24,1,107),(25,5,107),(26,3,107),(27,3,107),(28,3,107),(29,2,107),(30,3,107),(31,5,107),(32,1,107),(1,2,108),(2,3,108),(3,2,108),(4,2,108),(5,5,108),(6,4,108),(7,3,108),(8,4,108),(1,2,110),(2,5,110),(3,1,110),(4,5,110),(5,2,110),(6,4,110),(7,3,110),(8,1,110),(9,3,110),(10,1,110),(11,3,110),(12,2,110),(13,3,110),(14,3,110),(15,5,110),(16,5,110),(17,1,110),(18,2,110),(19,5,110),(20,3,110),(1,2,117),(2,3,117),(3,5,117),(4,2,117),(5,5,117),(6,5,117),(7,3,117),(8,3,117),(9,3,117),(10,5,117),(11,2,117),(12,5,117),(13,1,117),(14,4,117),(15,1,117),(16,5,117),(17,1,117),(18,3,117),(19,2,117),(20,5,117),(21,3,117),(22,2,117),(23,5,117),(24,5,117),(25,3,117),(26,2,117),(27,2,117),(28,2,117),(29,1,117),(30,2,117),(31,2,117),(32,4,117),(1,2,121),(2,2,121),(3,5,121),(4,2,121),(5,5,121),(6,3,121),(7,4,121),(8,1,121),(9,2,121),(10,4,121),(11,3,121),(12,1,121),(13,2,121),(14,1,121),(15,5,121),(16,1,121),(17,1,121),(18,2,121),(19,5,121),(20,1,121),(21,4,121),(22,3,121),(23,4,121),(24,2,121),(25,1,121),(26,5,121),(27,5,121),(28,5,121),(29,3,121),(30,3,121),(31,5,121),(32,4,121),(1,1,123),(2,2,123),(3,3,123),(4,4,123),(5,4,123),(6,1,123),(7,3,123),(8,4,123),(9,5,123),(10,3,123),(11,4,123),(12,4,123),(13,4,123),(14,5,123),(15,3,123),(16,2,123),(17,1,123),(18,3,123),(19,2,123),(20,3,123),(21,4,123),(22,5,123),(23,4,123),(24,1,123),(25,5,123),(26,5,123),(27,1,123),(28,2,123),(29,3,123),(30,3,123),(31,5,123),(32,2,123),(1,1,126),(2,3,126),(3,3,126),(4,3,126),(5,3,126),(6,2,126),(7,5,126),(8,2,126),(9,3,126),(10,3,126),(11,3,126),(12,1,126),(13,2,126),(14,1,126),(15,5,126),(16,4,126),(17,2,126),(18,3,126),(19,4,126),(20,2,126),(21,3,126),(22,3,126),(23,1,126),(24,4,126),(25,5,126),(26,3,126),(27,2,126),(28,2,126),(29,5,126),(30,4,126),(31,3,126),(32,5,126),(1,5,128),(2,3,128),(3,2,128),(4,2,128),(1,5,132),(2,1,132),(3,4,132),(4,3,132),(1,2,133),(2,3,133),(3,3,133),(4,2,133),(5,3,133),(6,5,133),(7,4,133),(8,2,133),(1,4,138),(2,5,138),(3,4,138),(4,3,138),(1,4,139),(2,2,139),(3,4,139),(4,3,139),(1,5,140),(2,3,140),(3,3,140),(4,5,140),(1,4,141),(2,4,141),(3,2,141),(4,4,141),(1,2,144),(2,2,144),(3,1,144),(4,2,144),(5,2,144),(6,4,144),(7,3,144),(8,5,144),(9,2,144),(10,3,144),(11,3,144),(12,4,144),(13,3,144),(14,4,144),(15,4,144),(16,5,144),(17,5,144),(18,4,144),(19,4,144),(20,4,144),(21,5,144),(22,5,144),(23,2,144),(24,4,144),(25,3,144),(26,3,144),(27,2,144),(28,4,144),(29,3,144),(30,5,144),(31,5,144),(32,5,144),(1,4,146),(2,3,146),(3,2,146),(4,3,146),(5,3,146),(6,4,146),(7,4,146),(8,4,146),(9,5,146),(10,4,146),(11,4,146),(12,5,146),(13,5,146),(14,4,146),(15,4,146),(16,5,146),(17,4,146),(18,3,146),(19,2,146),(20,1,146),(21,5,146),(22,4,146),(23,3,146),(24,2,146),(25,4,146),(26,3,146),(27,2,146),(28,5,146),(29,4,146),(30,3,146),(31,4,146),(32,2,146),(1,1,148),(2,1,148),(3,3,148),(4,4,148),(5,2,148),(6,4,148),(7,5,148),(8,1,148),(9,4,148),(10,2,148),(11,2,148),(12,2,148),(13,3,148),(14,4,148),(15,3,148),(16,3,148),(17,1,148),(18,3,148),(19,5,148),(20,2,148),(21,2,148),(22,3,148),(23,2,148),(24,2,148),(25,1,148),(26,2,148),(27,3,148),(28,4,148),(29,5,148),(30,4,148),(31,3,148),(32,2,148),(1,2,207),(2,5,207),(3,4,207),(4,3,207),(5,3,207),(6,4,207),(7,4,207),(8,1,207),(9,2,207),(10,1,207),(11,4,207),(12,1,207),(13,4,207),(14,3,207),(15,5,207),(16,3,207),(17,4,207),(18,5,207),(19,5,207),(20,4,207),(21,2,207),(22,5,207),(23,1,207),(24,1,207),(25,4,207),(26,3,207),(27,2,207),(28,4,207),(29,2,207),(30,3,207),(31,4,207),(32,4,207),(1,4,210),(2,1,210),(3,3,210),(4,2,210),(1,4,218),(2,1,218),(3,3,218),(4,3,218),(1,5,268),(2,3,268),(3,2,268),(4,5,268),(5,4,268),(6,4,268),(7,5,268),(8,4,268),(9,5,268),(10,5,268),(11,2,268),(12,5,268),(13,3,268),(14,3,268),(15,4,268),(16,4,268),(17,4,268),(18,4,268),(19,4,268),(20,4,268),(21,2,268),(22,1,268),(23,1,268),(24,3,268),(25,1,268),(26,5,268),(27,4,268),(28,4,268),(29,5,268),(30,4,268),(31,4,268),(32,4,268),(1,5,269),(2,4,269),(3,5,269),(4,5,269),(5,5,269),(6,1,269),(7,2,269),(8,2,269),(9,5,269),(10,4,269),(11,4,269),(12,1,269),(13,2,269),(14,5,269),(15,5,269),(16,2,269),(17,4,269),(18,4,269),(19,5,269),(20,1,269),(21,2,269),(22,1,269),(23,5,269),(24,3,269),(25,5,269),(26,5,269),(27,4,269),(28,5,269),(29,3,269),(30,5,269),(31,2,269),(32,2,269),(1,4,270),(2,4,270),(3,4,270),(4,1,270),(5,2,270),(6,3,270),(7,4,270),(8,4,270),(9,2,270),(10,1,270),(11,3,270),(12,2,270),(13,5,270),(14,2,270),(15,2,270),(16,4,270),(17,3,270),(18,5,270),(19,5,270),(20,2,270),(21,3,270),(22,3,270),(23,5,270),(24,3,270),(25,3,270),(26,3,270),(27,1,270),(28,3,270),(29,5,270),(30,1,270),(31,4,270),(32,4,270),(1,2,273),(2,2,273),(3,3,273),(4,4,273),(1,4,278),(2,1,278),(3,1,278),(4,5,278),(1,2,280),(2,2,280),(3,3,280),(4,2,280),(1,4,283),(2,4,283),(3,5,283),(4,5,283),(5,1,283),(6,5,283),(7,5,283),(8,3,283),(9,5,283),(10,1,283),(11,3,283),(12,4,283),(13,4,283),(14,1,283),(15,4,283),(16,1,283),(17,2,283),(18,2,283),(19,4,283),(20,4,283),(21,3,283),(22,3,283),(23,2,283),(24,5,283),(25,4,283),(26,5,283),(27,1,283),(28,3,283),(29,2,283),(30,1,283),(31,1,283),(32,4,283),(1,4,284),(2,4,284),(3,3,284),(4,5,284),(5,5,284),(6,3,284),(7,5,284),(8,3,284),(9,3,284),(10,1,284),(11,1,284),(12,3,284),(13,5,284),(14,5,284),(15,2,284),(16,2,284),(1,4,290),(2,5,290),(3,1,290),(4,3,290),(1,3,296),(2,2,296),(3,1,296),(4,4,296),(5,1,296),(6,1,296),(7,5,296),(8,2,296),(9,1,296),(10,1,296),(11,1,296),(12,3,296),(13,1,296),(14,1,296),(15,3,296),(16,2,296),(17,3,296),(18,1,296),(19,1,296),(20,3,296),(21,1,296),(22,4,296),(23,1,296),(24,4,296),(25,1,296),(26,4,296),(27,3,296),(28,1,296),(29,4,296),(30,4,296),(31,4,296),(32,1,296),(1,4,302),(2,3,302),(3,2,302),(4,5,302),(5,4,302),(6,2,302),(7,4,302),(8,2,302),(9,5,302),(10,5,302),(11,4,302),(12,4,302),(13,5,302),(14,1,302),(15,1,302),(16,1,302),(17,5,302),(18,4,302),(19,4,302),(20,2,302);
/*!40000 ALTER TABLE `RespuestaPersonalidad` ENABLE KEYS */;
UNLOCK TABLES;

--
-- Table structure for table `RespuestaPorPersonalidad`
--

DROP TABLE IF EXISTS `RespuestaPorPersonalidad`;
/*!40101 SET @saved_cs_client     = @@character_set_client */;
/*!40101 SET character_set_client = utf8 */;
CREATE TABLE `RespuestaPorPersonalidad` (
  `idEncuesta` int(11) NOT NULL,
  `idTipoPersonalidad` int(11) NOT NULL,
  `puntaje` int(11) DEFAULT NULL,
  PRIMARY KEY (`idEncuesta`,`idTipoPersonalidad`),
  KEY `fk_Encuesta_has_TipoPersonalidad_TipoPersonalidad1_idx` (`idTipoPersonalidad`),
  KEY `fk_Encuesta_has_TipoPersonalidad_Encuesta1_idx` (`idEncuesta`),
  CONSTRAINT `fk_Encuesta_has_TipoPersonalidad_Encuesta1` FOREIGN KEY (`idEncuesta`) REFERENCES `Encuesta` (`idEncuesta`) ON DELETE NO ACTION ON UPDATE NO ACTION,
  CONSTRAINT `fk_Encuesta_has_TipoPersonalidad_TipoPersonalidad1` FOREIGN KEY (`idTipoPersonalidad`) REFERENCES `TipoPersonalidad` (`idTipoPersonalidad`) ON DELETE NO ACTION ON UPDATE NO ACTION
) ENGINE=InnoDB DEFAULT CHARSET=utf8;
/*!40101 SET character_set_client = @saved_cs_client */;

--
-- Dumping data for table `RespuestaPorPersonalidad`
--

LOCK TABLES `RespuestaPorPersonalidad` WRITE;
/*!40000 ALTER TABLE `RespuestaPorPersonalidad` DISABLE KEYS */;
INSERT INTO `RespuestaPorPersonalidad` VALUES (1,1,22),(1,2,26),(1,3,26),(1,4,20),(3,1,25),(3,2,25),(3,3,26),(3,4,23),(18,1,26),(18,2,25),(18,3,19),(18,4,20),(19,1,19),(19,2,24),(19,3,26),(19,4,20),(22,1,19),(22,2,22),(22,3,21),(22,4,26),(23,1,32),(23,2,17),(23,3,27),(23,4,26),(24,1,22),(24,2,26),(24,3,26),(24,4,20),(26,1,23),(26,2,24),(26,3,26),(26,4,20),(28,1,28),(28,2,29),(28,3,29),(28,4,22),(29,1,24),(29,2,19),(29,3,22),(29,4,21),(31,1,29),(31,2,21),(31,3,23),(31,4,23),(32,1,20),(32,2,24),(32,3,21),(32,4,19),(37,1,24),(37,2,32),(37,3,19),(37,4,21),(43,1,30),(43,2,22),(43,3,29),(43,4,17),(49,1,23),(49,2,25),(49,3,28),(49,4,25),(54,1,19),(54,2,30),(54,3,28),(54,4,19),(57,1,25),(57,2,18),(57,3,20),(57,4,32),(67,1,30),(67,2,30),(67,3,26),(67,4,26),(72,1,25),(72,2,24),(72,3,26),(72,4,24),(73,1,30),(73,2,22),(73,3,19),(73,4,27),(74,1,28),(74,2,25),(74,3,23),(74,4,24),(92,1,28),(92,2,30),(92,3,31),(92,4,19),(104,1,26),(104,2,25),(104,3,27),(104,4,25),(107,1,26),(107,2,23),(107,3,26),(107,4,22),(117,1,23),(117,2,28),(117,3,24),(117,4,29),(121,1,30),(121,2,27),(121,3,22),(121,4,15),(123,1,23),(123,2,21),(123,3,21),(123,4,28),(126,1,22),(126,2,24),(126,3,20),(126,4,23),(144,1,23),(144,2,24),(144,3,22),(144,4,29),(146,1,26),(146,2,26),(146,3,23),(146,4,25),(148,1,25),(148,2,25),(148,3,20),(148,4,20),(207,1,21),(207,2,21),(207,3,17),(207,4,23),(268,1,27),(268,2,21),(268,3,22),(268,4,31),(269,1,21),(269,2,13),(269,3,26),(269,4,17),(270,1,29),(270,2,22),(270,3,18),(270,4,23),(283,1,21),(283,2,26),(283,3,19),(283,4,25),(296,1,23),(296,2,24),(296,3,25),(296,4,22);
/*!40000 ALTER TABLE `RespuestaPorPersonalidad` ENABLE KEYS */;
UNLOCK TABLES;

--
-- Table structure for table `ResultadoPorAmbiente`
--

DROP TABLE IF EXISTS `ResultadoPorAmbiente`;
/*!40101 SET @saved_cs_client     = @@character_set_client */;
/*!40101 SET character_set_client = utf8 */;
CREATE TABLE `ResultadoPorAmbiente` (
  `idEncuesta` int(11) NOT NULL,
  `idTipoAmbiente` int(11) NOT NULL,
  `valor` float DEFAULT NULL,
  PRIMARY KEY (`idEncuesta`,`idTipoAmbiente`),
  KEY `fk_Encuesta_has_TipoAmbiente_TipoAmbiente1_idx` (`idTipoAmbiente`),
  KEY `fk_Encuesta_has_TipoAmbiente_Encuesta1_idx` (`idEncuesta`),
  CONSTRAINT `fk_Encuesta_has_TipoAmbiente_Encuesta1` FOREIGN KEY (`idEncuesta`) REFERENCES `Encuesta` (`idEncuesta`) ON DELETE NO ACTION ON UPDATE NO ACTION,
  CONSTRAINT `fk_Encuesta_has_TipoAmbiente_TipoAmbiente1` FOREIGN KEY (`idTipoAmbiente`) REFERENCES `TipoAmbiente` (`idTipoAmbiente`) ON DELETE NO ACTION ON UPDATE NO ACTION
) ENGINE=InnoDB DEFAULT CHARSET=utf8;
/*!40101 SET character_set_client = @saved_cs_client */;

--
-- Dumping data for table `ResultadoPorAmbiente`
--

LOCK TABLES `ResultadoPorAmbiente` WRITE;
/*!40000 ALTER TABLE `ResultadoPorAmbiente` DISABLE KEYS */;
INSERT INTO `ResultadoPorAmbiente` VALUES (3,1,12.5),(3,2,18.5),(3,3,13),(3,4,11.5),(3,5,14),(3,6,14),(17,1,17),(17,2,15.5),(17,3,16.5),(17,4,15),(17,5,13.5),(17,6,14),(18,1,11.5),(18,2,14.5),(18,3,12.5),(18,4,12),(18,5,13),(18,6,13.5),(24,1,12.5),(24,2,19.5),(24,3,16.5),(24,4,18.5),(24,5,15.5),(24,6,16.5),(32,1,18),(32,2,14.5),(32,3,14),(32,4,17.5),(32,5,19),(32,6,18.5),(34,1,14),(34,2,14),(34,3,13),(34,4,16.5),(34,5,13.5),(34,6,15.5),(35,1,11.5),(35,2,14.5),(35,3,17.5),(35,4,10),(35,5,17.5),(35,6,16.5),(36,1,14.5),(36,2,14.5),(36,3,16),(36,4,15),(36,5,19.5),(36,6,16.5),(37,1,15.5),(37,2,15.5),(37,3,14),(37,4,14.5),(37,5,14),(37,6,17),(39,1,15),(39,2,17.5),(39,3,17),(39,4,16),(39,5,14),(39,6,17.5),(42,1,15),(42,2,13),(42,3,16.5),(42,4,15),(42,5,14.5),(42,6,15.5),(43,1,15.5),(43,2,14.5),(43,3,12.5),(43,4,17),(43,5,14.5),(43,6,19),(49,1,9.5),(49,2,13.5),(49,3,15.5),(49,4,12.5),(49,5,12.5),(49,6,15),(52,1,17),(52,2,12),(52,3,16),(52,4,13),(52,5,13.5),(52,6,12.5),(53,1,13.5),(53,2,15),(53,3,15),(53,4,12),(53,5,13.5),(53,6,14),(54,1,16.5),(54,2,16),(54,3,15),(54,4,17),(54,5,17),(54,6,13.5),(57,1,14),(57,2,15),(57,3,18),(57,4,15),(57,5,15),(57,6,16.5),(62,1,10),(62,2,12),(62,3,13),(62,4,17),(62,5,17.5),(62,6,15.5),(63,1,14),(63,2,13),(63,3,15),(63,4,16.5),(63,5,10),(63,6,18),(67,1,17.5),(67,2,19),(67,3,16),(67,4,15.5),(67,5,17),(67,6,16.5),(71,1,16),(71,2,16.5),(71,3,18),(71,4,18),(71,5,18),(71,6,16.5),(72,1,14.5),(72,2,16),(72,3,17),(72,4,16),(72,5,15.5),(72,6,17),(73,1,13.5),(73,2,16),(73,3,15),(73,4,16),(73,5,13.5),(73,6,16.5),(74,1,13),(74,2,13),(74,3,14),(74,4,14),(74,5,15),(74,6,12.5),(75,1,14.5),(75,2,17),(75,3,14.5),(75,4,13.5),(75,5,14),(75,6,15),(76,1,15.5),(76,2,17.5),(76,3,13),(76,4,14),(76,5,17.5),(76,6,21),(81,1,19),(81,2,14.5),(81,3,17.5),(81,4,15.5),(81,5,17.5),(81,6,15.5),(104,1,15.5),(104,2,12.5),(104,3,11),(104,4,14),(104,5,14.5),(104,6,14.5),(117,1,15.5),(117,2,13.5),(117,3,19),(117,4,12),(117,5,15),(117,6,14.5),(123,1,9),(123,2,17),(123,3,16.5),(123,4,19.5),(123,5,13),(123,6,18.5),(126,1,14.5),(126,2,15),(126,3,15),(126,4,11.5),(126,5,20.5),(126,6,15.5),(130,1,14),(130,2,13.5),(130,3,10.5),(130,4,15),(130,5,10),(130,6,14),(133,1,13.5),(133,2,13.5),(133,3,14.5),(133,4,15.5),(133,5,20.5),(133,6,15.5),(137,1,16),(137,2,16.5),(137,3,15),(137,4,17.5),(137,5,14),(137,6,14.5),(138,1,19),(138,2,12.5),(138,3,17),(138,4,14),(138,5,15),(138,6,16),(207,1,17),(207,2,18.5),(207,3,12),(207,4,17),(207,5,18),(207,6,15),(222,1,16),(222,2,15),(222,3,16.5),(222,4,16),(222,5,18),(222,6,14.5),(227,1,14.5),(227,2,15),(227,3,12),(227,4,11),(227,5,19.5),(227,6,10),(259,1,13.5),(259,2,14.5),(259,3,15.5),(259,4,15.5),(259,5,14),(259,6,10.5),(265,1,11.5),(265,2,14),(265,3,12.5),(265,4,14.5),(265,5,17.5),(265,6,12),(269,1,13.5),(269,2,17),(269,3,19.5),(269,4,16),(269,5,16),(269,6,14),(270,1,15),(270,2,11),(270,3,14),(270,4,13),(270,5,15),(270,6,13.5),(271,1,13),(271,2,15.5),(271,3,16.5),(271,4,15.5),(271,5,18.5),(271,6,14),(272,1,17),(272,2,16),(272,3,17.5),(272,4,15),(272,5,14),(272,6,13.5),(273,1,18.5),(273,2,19),(273,3,15.5),(273,4,15),(273,5,16),(273,6,11.5),(274,1,16.5),(274,2,15.5),(274,3,15),(274,4,17.5),(274,5,14),(274,6,13),(275,1,15.5),(275,2,12.5),(275,3,16),(275,4,14),(275,5,12),(275,6,17.5),(276,1,12.5),(276,2,18),(276,3,14.5),(276,4,16),(276,5,16),(276,6,20.5),(277,1,19),(277,2,13),(277,3,14),(277,4,15),(277,5,16.5),(277,6,12),(278,1,13.5),(278,2,17),(278,3,12.5),(278,4,16),(278,5,15),(278,6,16.5),(279,1,16.5),(279,2,14),(279,3,14),(279,4,19),(279,5,12.5),(279,6,18),(280,1,15.5),(280,2,13.5),(280,3,16.5),(280,4,14),(280,5,13),(280,6,17.5),(281,1,11.5),(281,2,12.5),(281,3,18),(281,4,17),(281,5,16.5),(281,6,14),(282,1,19),(282,2,16.5),(282,3,15.5),(282,4,17.5),(282,5,13.5),(282,6,11.5),(283,1,14.5),(283,2,16.5),(283,3,19.5),(283,4,13.5),(283,5,13),(283,6,10),(284,1,18),(284,2,17),(284,3,14.5),(284,4,13),(284,5,16),(284,6,13),(287,1,15),(287,2,9),(287,3,20),(287,4,16.5),(287,5,16.5),(287,6,14.5),(343,1,14),(343,2,14),(343,3,16),(343,4,14.5),(343,5,19),(343,6,13),(345,1,20),(345,2,13.5),(345,3,12.5),(345,4,13.5),(345,5,15),(345,6,14.5),(346,1,15.5),(346,2,8.5),(346,3,12.5),(346,4,9),(346,5,15),(346,6,16);
/*!40000 ALTER TABLE `ResultadoPorAmbiente` ENABLE KEYS */;
UNLOCK TABLES;

--
-- Table structure for table `TipoAmbiente`
--

DROP TABLE IF EXISTS `TipoAmbiente`;
/*!40101 SET @saved_cs_client     = @@character_set_client */;
/*!40101 SET character_set_client = utf8 */;
CREATE TABLE `TipoAmbiente` (
  `idTipoAmbiente` int(11) NOT NULL,
  `tipo` varchar(45) DEFAULT NULL,
  `definicion` varchar(700) DEFAULT NULL,
  `color` varchar(20) DEFAULT NULL,
  PRIMARY KEY (`idTipoAmbiente`)
) ENGINE=InnoDB DEFAULT CHARSET=utf8;
/*!40101 SET character_set_client = @saved_cs_client */;

--
-- Dumping data for table `TipoAmbiente`
--

LOCK TABLES `TipoAmbiente` WRITE;
/*!40000 ALTER TABLE `TipoAmbiente` DISABLE KEYS */;
INSERT INTO `TipoAmbiente` VALUES (1,'REALISTA','<h4>El Ambiente de profesiones u ocupaciones de tipo Realista se define así: </h4><br/><br/>\n <p> A las personas con intereses realistas les gustan actividades que incluyan problemas y soluciones prácticas y directas. Con frecuencia, a las personas con intereses realistas no les gustan las carreras que requieren trabajo de oficina o trabajar junto a otras personas. Les gusta: </p><br/><br/> <p><ul><li>Trabajar con plantas y animales</li><li>Materiales reales, tales como madera, herramientas y maquinaria</li><li>Trabajo al aire libres</li></ul></p><br/>','0,255,0,0.7'),(2,'INVESTIGATIVO','<h4>El Ambiente de profesiones u ocupaciones de tipo de Investigación se define así: </h4><br/> <p> A las personas con intereses de investigación, le gustan trabajos relacionados con ideas y razonamiento en lugar de actividades fisicas o liderazgo de personal. Les gusta: </p><br/> <p> <ul> <li>Búsqueda de hechos</li> <li>Resolución de problemas</li> </ul> </p><br/>','255,0,0,0.7'),(3,'ARTISTICO','<h4>El Ambiente de profesiones u ocupaciones de tipo Artístico se define así: </h4><br/> <p> A las personas con intereses artísticos, les gustan trabajos relacionados con el lado artístico de las cosas, tales como actuar, música, arte y diseño.  Les gusta: </p><br/> <p> <ul> <li>Creatividad en su trabajo</li> <li>Trabajo que puede hacerse sin seguir una serie de reglas</li> </ul> </p><br/>','255,170,0,0.7'),(4,'SOCIAL','<h4>El Ambiente de profesiones u ocupaciones de tipo Social se define así: </h4><br/> <p> A las personas con intereses sociales les gusta trabajar con otros para ayudarlos a aprender y a desarrollar su conocimiento. Les gusta trabajar con personas más que trabajar con objetos, maquinaria o información. Les gusta: </p><br/> <p> <ul> <li>Enseñanza</li> <li>Dar consejos</li> <li>Ayudar y dar consejos a otros</li> </ul> </p><br/>','0,0,255,0.7'),(5,'EMPRENDEDOR','<h4>El Ambiente de profesiones u ocupaciones de tipo Emprendedor se define así: </h4><br/> <p> A las personas con intereses empresariales les gustan trabajos que tengan que ver con el comienzo y continuación de proyectos de negocios. A estas personas les gusta tomar acciones en lugar de pensar sobre las cosas. Les gusta: </p><br/> <p> <ul> <li>Persuadir y dirigir personal</li> <li>Tomar decisiones</li> <li>Tomar riesgos para obtener ganancias</li> </ul> </p><br/>','255,255,0,0.7'),(6,'CONVENCIONAL','<h4>El Ambiente de profesiones u ocupaciones de tipo Convencional se define así: </h4><br/> <p>A las personas con intereses convencionales les gustan trabajos que siguen procedimientos y rutinas. Prefieren trabajar con información y poner atención a detalles en lugar de trabajar con ideas. Les gusta: </p><br/> <p> <ul> <li>Trabajar con reglas claras</li> <li>Seguir a un líder influyente</li> </ul> </p><br/>','0,255,255,0.7');
/*!40000 ALTER TABLE `TipoAmbiente` ENABLE KEYS */;
UNLOCK TABLES;

--
-- Table structure for table `TipoEleccionMateria`
--

DROP TABLE IF EXISTS `TipoEleccionMateria`;
/*!40101 SET @saved_cs_client     = @@character_set_client */;
/*!40101 SET character_set_client = utf8 */;
CREATE TABLE `TipoEleccionMateria` (
  `idTipoEleccionMateria` int(11) NOT NULL,
  `tipo` varchar(45) DEFAULT NULL,
  PRIMARY KEY (`idTipoEleccionMateria`)
) ENGINE=InnoDB DEFAULT CHARSET=utf8 COMMENT='Tipo eleccion referente a: \n-menor gusto\n-mayor gusto\n-mayor nota';
/*!40101 SET character_set_client = @saved_cs_client */;

--
-- Dumping data for table `TipoEleccionMateria`
--

LOCK TABLES `TipoEleccionMateria` WRITE;
/*!40000 ALTER TABLE `TipoEleccionMateria` DISABLE KEYS */;
INSERT INTO `TipoEleccionMateria` VALUES (1,'Mas me gusta.'),(2,'Menos me gusta.'),(3,'Por nota.');
/*!40000 ALTER TABLE `TipoEleccionMateria` ENABLE KEYS */;
UNLOCK TABLES;

--
-- Table structure for table `TipoPersonalidad`
--

DROP TABLE IF EXISTS `TipoPersonalidad`;
/*!40101 SET @saved_cs_client     = @@character_set_client */;
/*!40101 SET character_set_client = utf8 */;
CREATE TABLE `TipoPersonalidad` (
  `idTipoPersonalidad` int(11) NOT NULL AUTO_INCREMENT,
  `tipo` varchar(45) DEFAULT NULL,
  `description` varchar(100) DEFAULT NULL COMMENT 'nombre1,nombre2',
  PRIMARY KEY (`idTipoPersonalidad`)
) ENGINE=InnoDB AUTO_INCREMENT=5 DEFAULT CHARSET=utf8;
/*!40101 SET character_set_client = @saved_cs_client */;

--
-- Dumping data for table `TipoPersonalidad`
--

LOCK TABLES `TipoPersonalidad` WRITE;
/*!40000 ALTER TABLE `TipoPersonalidad` DISABLE KEYS */;
INSERT INTO `TipoPersonalidad` VALUES (1,'JP','JUZGADOR,PERCEPTIVO'),(2,'ER','EMOCIONAL,RACIONAL'),(3,'IE','INTROVERTIDO,EXTROVERTIDO'),(4,'SI','SENSATO,INTUITIVO');
/*!40000 ALTER TABLE `TipoPersonalidad` ENABLE KEYS */;
UNLOCK TABLES;

--
-- Table structure for table `TipoUsuario`
--

DROP TABLE IF EXISTS `TipoUsuario`;
/*!40101 SET @saved_cs_client     = @@character_set_client */;
/*!40101 SET character_set_client = utf8 */;
CREATE TABLE `TipoUsuario` (
  `idTipoUsuario` int(11) NOT NULL,
  `tipo` varchar(45) DEFAULT NULL,
  PRIMARY KEY (`idTipoUsuario`)
) ENGINE=InnoDB DEFAULT CHARSET=utf8;
/*!40101 SET character_set_client = @saved_cs_client */;

--
-- Dumping data for table `TipoUsuario`
--

LOCK TABLES `TipoUsuario` WRITE;
/*!40000 ALTER TABLE `TipoUsuario` DISABLE KEYS */;
INSERT INTO `TipoUsuario` VALUES (1,'ESTUDIANTE'),(2,'DOCENTE'),(3,'ADMINISTRADOR');
/*!40000 ALTER TABLE `TipoUsuario` ENABLE KEYS */;
UNLOCK TABLES;

--
-- Table structure for table `Usuario`
--

DROP TABLE IF EXISTS `Usuario`;
/*!40101 SET @saved_cs_client     = @@character_set_client */;
/*!40101 SET character_set_client = utf8 */;
CREATE TABLE `Usuario` (
  `idUsuario` int(11) NOT NULL AUTO_INCREMENT,
  `usuario` varchar(45) NOT NULL,
  `clave` varchar(100) NOT NULL,
  `estado` varchar(45) DEFAULT NULL,
  `fechaCreacion` datetime DEFAULT NULL,
  `tokenAcesso` varchar(100) DEFAULT NULL,
  `fechaExpiracionToken` datetime DEFAULT NULL,
  PRIMARY KEY (`idUsuario`),
  UNIQUE KEY `usuario_UNIQUE` (`usuario`)
) ENGINE=InnoDB AUTO_INCREMENT=68 DEFAULT CHARSET=utf8;
/*!40101 SET character_set_client = @saved_cs_client */;

--
-- Dumping data for table `Usuario`
--

LOCK TABLES `Usuario` WRITE;
/*!40000 ALTER TABLE `Usuario` DISABLE KEYS */;
INSERT INTO `Usuario` VALUES (1,'luis','5994471ABB01112AFCC18159F6CC74B4F511B99806DA59B3CAF5A9C173CACFC5','ACTIVO','2019-01-11 23:39:26','67A211820F703048AE0A4C003459E984397B481548037597647','2019-01-21 23:39:26'),(2,'yes','5994471ABB01112AFCC18159F6CC74B4F511B99806DA59B3CAF5A9C173CACFC5','ACTIVO','2019-01-11 23:39:26','67A211820F703048AE0A4C003459E984397B481548037597647','2019-01-21 23:39:26'),(3,'andres','5994471ABB01112AFCC18159F6CC74B4F511B99806DA59B3CAF5A9C173CACFC5','ACTIVO','2019-01-11 23:39:26','67A211820F703048AE0A4C003459E984397B481548037597647','2019-01-21 23:39:26'),(26,'luna','5994471ABB01112AFCC18159F6CC74B4F511B99806DA59B3CAF5A9C173CACFC5','EN_PROCESO','2019-01-11 23:39:26','67A211820F703048AE0A4C003459E984397B481548037597647','2019-01-21 23:39:26'),(43,'harry','265a0222634a7a2e8a9be6368b8ea68adfe434d3930454d408a07ae693c1c4aa','ACTIVO','2019-01-11 23:39:26','67A211820F703048AE0A4C003459E984397B481548037597647','2019-01-21 23:39:26'),(48,'a58cd9fe93@mailox.fun','265a0222634a7a2e8a9be6368b8ea68adfe434d3930454d408a07ae693c1c4aa','EN_PROCESO','2019-01-20 21:26:37','67A211820F703048AE0A4C003459E984397B481548037597647','2019-01-30 21:26:37'),(55,'6aea5aa061@mailboxy.fun','265a0222634a7a2e8a9be6368b8ea68adfe434d3930454d408a07ae693c1c4aa','EN_ESPERA','2019-01-20 21:26:37','67A211820F703048AE0A4C003459E984397B481548037597647','2019-01-30 21:26:37'),(56,'aea5537255@mailboxy.fun','265a0222634a7a2e8a9be6368b8ea68adfe434d3930454d408a07ae693c1c4aa','INACTIVO','2019-01-20 21:26:37','447C84940432D0435F0B9700765F8FEC4259561551049725851','2019-01-30 21:26:37'),(57,'foxerezer@mail-cart.com','265a0222634a7a2e8a9be6368b8ea68adfe434d3930454d408a07ae693c1c4aa','EN_ESPERA','2019-03-01 08:30:05','5D1D563C08812040940A93E0509228774ABD571551447005141','2019-03-11 08:30:05'),(58,'megu@net-list.com','265a0222634a7a2e8a9be6368b8ea68adfe434d3930454d408a07ae693c1c4aa','EN_ESPERA','2019-03-01 21:36:42','6489D4650F2AF048150935F034CFC4E3A174581551494202198','2019-03-11 21:36:42'),(59,'palucasuwi@mail-cart.com','265a0222634a7a2e8a9be6368b8ea68adfe434d3930454d408a07ae693c1c4aa','EN_ESPERA','2019-03-01 22:21:33','146E41400572004FF20A0E50243AA6AC57A8591551496893943','2019-03-11 22:21:33'),(60,'abuitron@bellvoz.com','265a0222634a7a2e8a9be6368b8ea68adfe434d3930454d408a07ae693c1c4aa','INACTIVO','2019-03-03 12:20:11','84BBCAAB0A5540460D0B1AA0837166F13EEC601551633611319','2019-03-13 12:20:11'),(61,'effemmena-2013@yopmail.com','265a0222634a7a2e8a9be6368b8ea68adfe434d3930454d408a07ae693c1c4aa','EN_PROCESO','2019-03-07 22:50:14','7116EA170AB8C048F9094270B3138CED689C611552017014361','2019-03-17 22:50:14'),(62,'feil.zena710@hidebusiness.xyz','265a0222634a7a2e8a9be6368b8ea68adfe434d3930454d408a07ae693c1c4aa','EN_PROCESO','2019-03-07 23:09:14','532FFA9A037AC046740B8B008B24CF7F2D82621552018154907','2019-03-17 23:09:14'),(63,'stiedemann.freddie617@hidebusiness.xyz','265a0222634a7a2e8a9be6368b8ea68adfe434d3930454d408a07ae693c1c4aa','EN_ESPERA','2019-03-07 23:22:27','F9FAEA100395904097094AD047D5655DF232631552018947922','2019-03-17 23:22:27'),(65,'helga.bogan440@hidebusiness.xyz','265a0222634a7a2e8a9be6368b8ea68adfe434d3930454d408a07ae693c1c4aa','EN_PROCESO','2019-03-08 23:06:39','6A7568DC0995504E7F0B3E50BD877AA0CB43651552104399542','2019-03-18 23:06:39'),(66,'marisol.emard242@hidebusiness.xyz','265a0222634a7a2e8a9be6368b8ea68adfe434d3930454d408a07ae693c1c4aa','EN_PROCESO','2019-03-09 08:26:05','94C85CA00F58D04A050ABB90DC7689A287C0661552137965179','2019-03-19 08:26:05'),(67,'22465135b0@mailboxy.fun','265a0222634a7a2e8a9be6368b8ea68adfe434d3930454d408a07ae693c1c4aa','ACTIVO','2019-03-12 19:08:36','9F1AE0010555A04FE90B9520BB760C190E8F671552435716869','2019-03-22 19:08:36');
/*!40000 ALTER TABLE `Usuario` ENABLE KEYS */;
UNLOCK TABLES;
/*!40103 SET TIME_ZONE=@OLD_TIME_ZONE */;

/*!40101 SET SQL_MODE=@OLD_SQL_MODE */;
/*!40014 SET FOREIGN_KEY_CHECKS=@OLD_FOREIGN_KEY_CHECKS */;
/*!40014 SET UNIQUE_CHECKS=@OLD_UNIQUE_CHECKS */;
/*!40101 SET CHARACTER_SET_CLIENT=@OLD_CHARACTER_SET_CLIENT */;
/*!40101 SET CHARACTER_SET_RESULTS=@OLD_CHARACTER_SET_RESULTS */;
/*!40101 SET COLLATION_CONNECTION=@OLD_COLLATION_CONNECTION */;
/*!40111 SET SQL_NOTES=@OLD_SQL_NOTES */;

-- Dump completed on 2019-03-19 10:24:54
