/* 
 * To change this license header, choose License Headers in Project Properties.
 * To change this template file, choose Tools | Templates
 * and open the template in the editor.
 */
/**
 * Author:  anderson
 * Created: 02/15/2021
 */

INSERT INTO interpro.TipoEstilo (id, nombre, definicion, color) VALUES(1, 'ACTIVO', 'Mediante un proceso de aprendizaje activo, los estudiantes pueden adquirir tanto conocimientos, como habilidades y actitudes. Debido a ello, se trata de uno de los procesos de este tipo más completos que existen. Además, diversos estudios afirman que se trata de la manera más útil para que los alumnos consigan afianzar sus nuevos aprendizajes.', 'amarillo');
INSERT INTO interpro.TipoEstilo (id, nombre, definicion, color) VALUES(2, 'REFLEXIVO', 'Las personas que tienen un estilo de aprendizaje reflexivo absorben nueva información a través de un lugar pasivo, en lugar de un activo plan de estudios. Los educadores pueden utilizar su conocimiento del estilo de aprendizaje reflexivo para planificar, e implementar actividades que fomenten el análisis y la exploración personal.', 'azul');
INSERT INTO interpro.TipoEstilo (id, nombre, definicion, color) VALUES(3, 'sensorial', 'El aprendizaje sensorial trabaja con el sistema sensorial y facilita las percepciones, al exponer los sentidos a la luz, sonido, sabores, olores, el tacto, movimiento, entre otros.', 'rojo');
INSERT INTO interpro.TipoEstilo (id, nombre, definicion, color) VALUES(4, 'intuitivo', 'Los intuitivos pueden ser mejores para captar nuevos conceptos, y a menudo se sienten más cómodos que los sensitivos con las abstracciones y las fórmulas matemáticas. Los sensitivos tienden a ser más prácticos y cuidadosos que los intuitivos, quienes tienden a trabajar más rápido y ser más innovadores que los sensitivos.', 'verde');
INSERT INTO interpro.TipoEstilo (id, nombre, definicion, color) VALUES(5, 'visual', 'Los intuitivos pueden ser mejores para captar nuevos conceptos, y a menudo se sienten más cómodos que los sensitivos con las abstracciones y las fórmulas matemáticas. Los sensitivos tienden a ser más prácticos y cuidadosos que los intuitivos, quienes tienden a trabajar más rápido y ser más innovadores que los sensitivos.', 'cafe');
INSERT INTO interpro.TipoEstilo (id, nombre, definicion, color) VALUES(6, 'verbal', 'También conocido como aprendizaje lingüístico, los estudiantes con este estilo de aprendizaje estudian mejor leyendo o escribiendo. Para ellos, es mejor leer los apuntes o simplemente elaborarlos.', 'marron');
INSERT INTO interpro.TipoEstilo (id, nombre, definicion, color) VALUES(7, 'secuencial', 'Los secuenciales tienden a incrementar la comprensión en pasos lineales, un paso seguido por otro en forma lógica. ', 'gris');
INSERT INTO interpro.TipoEstilo (id, nombre, definicion, color) VALUES(8, 'global', 'Los globales tienden a seguir caminos lógicos graduales para hallar soluciones y pueden ser capaces de resolver problemas complejos y rápidamente, o poner las cosas juntas en formas novedosas una vez que han captado el gran panorama, pero tienen dificultad para explicar cómo lo lograron. Lo que hace o no a una persona global, es lo que pasa antes de que suceda ese momento.', 'purpura');

INSERT INTO interpro.PreguntaEstilosAprendizaje (id, enunciado, urlimagen, orden) VALUES(1, 'Entiendo mejor algo', NULL, 1);
INSERT INTO interpro.PreguntaEstilosAprendizaje (id, enunciado, urlimagen, orden) VALUES(2, 'Me considero', NULL, 2);
INSERT INTO interpro.PreguntaEstilosAprendizaje (id, enunciado, urlimagen, orden) VALUES(3, 'Cuando pienso acerca de lo que hice ayer, es más probable que lo haga sobre la base de', NULL, 3);
INSERT INTO interpro.PreguntaEstilosAprendizaje (id, enunciado, urlimagen, orden) VALUES(4, 'Tengo tendencia a', NULL, 4);
INSERT INTO interpro.PreguntaEstilosAprendizaje (id, enunciado, urlimagen, orden) VALUES(5, 'Cuando estoy aprendiendo algo nuevo, me ayuda', NULL, 5);
INSERT INTO interpro.PreguntaEstilosAprendizaje (id, enunciado, urlimagen, orden) VALUES(6, 'Si yo fuera profesor, yo preferiría dar un curso', NULL, 6);
INSERT INTO interpro.PreguntaEstilosAprendizaje (id, enunciado, urlimagen, orden) VALUES(7, 'Prefiero obtener información nueva de', NULL, 7);
INSERT INTO interpro.PreguntaEstilosAprendizaje (id, enunciado, urlimagen, orden) VALUES(8, 'Una vez que entiendo', NULL, 8);
INSERT INTO interpro.PreguntaEstilosAprendizaje (id, enunciado, urlimagen, orden) VALUES(9, 'En un grupo de estudio que trabaja con un material difícil, es más probable que', NULL, 9);
INSERT INTO interpro.PreguntaEstilosAprendizaje (id, enunciado, urlimagen, orden) VALUES(10, 'Es más fácil para mí', NULL, 10);
INSERT INTO interpro.PreguntaEstilosAprendizaje (id, enunciado, urlimagen, orden) VALUES(11, 'En un libro con muchas imágenes y gráficas es más probable que', NULL, 11);
INSERT INTO interpro.PreguntaEstilosAprendizaje (id, enunciado, urlimagen, orden) VALUES(12, 'Cuando resuelvo problemas de matemáticas', NULL, 12);
INSERT INTO interpro.PreguntaEstilosAprendizaje (id, enunciado, urlimagen, orden) VALUES(13, 'En las clases a las que he asistido', NULL, 13);
INSERT INTO interpro.PreguntaEstilosAprendizaje (id, enunciado, urlimagen, orden) VALUES(14, 'Cuando leo temas que no son de ficción, prefiero', NULL, 14);
INSERT INTO interpro.PreguntaEstilosAprendizaje (id, enunciado, urlimagen, orden) VALUES(15, 'Me gustan los maestros', NULL, 15);
INSERT INTO interpro.PreguntaEstilosAprendizaje (id, enunciado, urlimagen, orden) VALUES(16, 'Cuando estoy analizando un cuento o una novela', NULL, 16);
INSERT INTO interpro.PreguntaEstilosAprendizaje (id, enunciado, urlimagen, orden) VALUES(17, 'Cuando comienzo a resolver un problema de tarea, es más probable que', NULL, 17);
INSERT INTO interpro.PreguntaEstilosAprendizaje (id, enunciado, urlimagen, orden) VALUES(18, 'Prefiero la idea de', NULL, 18);
INSERT INTO interpro.PreguntaEstilosAprendizaje (id, enunciado, urlimagen, orden) VALUES(19, 'Recuerdo mejor', NULL, 19);
INSERT INTO interpro.PreguntaEstilosAprendizaje (id, enunciado, urlimagen, orden) VALUES(20, 'Es más importante para mí que un profesor', NULL, 20);
INSERT INTO interpro.PreguntaEstilosAprendizaje (id, enunciado, urlimagen, orden) VALUES(21, 'Prefiero estudiar', NULL, 21);
INSERT INTO interpro.PreguntaEstilosAprendizaje (id, enunciado, urlimagen, orden) VALUES(22, 'Me considero', NULL, 22);
INSERT INTO interpro.PreguntaEstilosAprendizaje (id, enunciado, urlimagen, orden) VALUES(23, 'Cuando alguien me da direcciones de nuevos lugares, prefiero', NULL, 23);
INSERT INTO interpro.PreguntaEstilosAprendizaje (id, enunciado, urlimagen, orden) VALUES(24, 'Aprendo', NULL, 24);
INSERT INTO interpro.PreguntaEstilosAprendizaje (id, enunciado, urlimagen, orden) VALUES(25, 'Prefiero primero', NULL, 25);
INSERT INTO interpro.PreguntaEstilosAprendizaje (id, enunciado, urlimagen, orden) VALUES(26, 'Cuando leo por diversión, me gustan los escritores que', NULL, 26);
INSERT INTO interpro.PreguntaEstilosAprendizaje (id, enunciado, urlimagen, orden) VALUES(27, 'Cuando veo un esquema o bosquejo en clase, es más probable que recuerde', NULL, 27);
INSERT INTO interpro.PreguntaEstilosAprendizaje (id, enunciado, urlimagen, orden) VALUES(28, 'Cuando me enfrento a un cuerpo de información', NULL, 28);
INSERT INTO interpro.PreguntaEstilosAprendizaje (id, enunciado, urlimagen, orden) VALUES(29, 'Recuerdo más fácilmente', NULL, 29);
INSERT INTO interpro.PreguntaEstilosAprendizaje (id, enunciado, urlimagen, orden) VALUES(30, 'Cuando tengo que hacer un trabajo, prefiero', NULL, 30);
INSERT INTO interpro.PreguntaEstilosAprendizaje (id, enunciado, urlimagen, orden) VALUES(31, 'Cuando alguien me enseña datos, prefiero', NULL, 31);
INSERT INTO interpro.PreguntaEstilosAprendizaje (id, enunciado, urlimagen, orden) VALUES(32, 'Cuando escribo un trabajo, es más probable que', NULL, 32);
INSERT INTO interpro.PreguntaEstilosAprendizaje (id, enunciado, urlimagen, orden) VALUES(33, 'Cuando tengo que trabajar en un proyecto de grupo, primero quiero', NULL, 33);
INSERT INTO interpro.PreguntaEstilosAprendizaje (id, enunciado, urlimagen, orden) VALUES(34, 'Considero que es mejor elogio llamar a alguien', NULL, 34);
INSERT INTO interpro.PreguntaEstilosAprendizaje (id, enunciado, urlimagen, orden) VALUES(35, 'Cuando conozco gente en una fiesta, es más probable que recuerde', NULL, 35);
INSERT INTO interpro.PreguntaEstilosAprendizaje (id, enunciado, urlimagen, orden) VALUES(36, 'Cuando estoy aprendiendo un tema, prefiero', NULL, 36);
INSERT INTO interpro.PreguntaEstilosAprendizaje (id, enunciado, urlimagen, orden) VALUES(37, 'Me considero', NULL, 37);
INSERT INTO interpro.PreguntaEstilosAprendizaje (id, enunciado, urlimagen, orden) VALUES(38, 'Prefiero cursos que dan más importancia a', NULL, 38);
INSERT INTO interpro.PreguntaEstilosAprendizaje (id, enunciado, urlimagen, orden) VALUES(39, 'Para divertirme, prefiero', NULL, 39);
INSERT INTO interpro.PreguntaEstilosAprendizaje (id, enunciado, urlimagen, orden) VALUES(40, 'Algunos   profesores   inician   sus   clases   haciendo   un   bosquejo   de   lo   que enseñarán. Esos bosquejos son', NULL, 40);
INSERT INTO interpro.PreguntaEstilosAprendizaje (id, enunciado, urlimagen, orden) VALUES(41, 'La idea de hacer una tarea en grupo con una sola calificación para todos', NULL, 41);
INSERT INTO interpro.PreguntaEstilosAprendizaje (id, enunciado, urlimagen, orden) VALUES(42, 'Cuando hago grandes cálculos', NULL, 42);
INSERT INTO interpro.PreguntaEstilosAprendizaje (id, enunciado, urlimagen, orden) VALUES(43, 'Tiendo a recordar lugares en los que he estado', NULL, 43);
INSERT INTO interpro.PreguntaEstilosAprendizaje (id, enunciado, urlimagen, orden) VALUES(44, 'Cuando resuelvo problemas en grupo, es más probable que yo', NULL, 44);


INSERT INTO interpro.TipoEstilo_Pregunta (indice, opcion, idTipoEstilo, idPreguntaEstilosAprendizaje) VALUES('A', 'si lo practico.', 1, 1);
INSERT INTO interpro.TipoEstilo_Pregunta (indice, opcion, idTipoEstilo, idPreguntaEstilosAprendizaje) VALUES('A', 'hablar de ello.', 1, 5);
INSERT INTO interpro.TipoEstilo_Pregunta (indice, opcion, idTipoEstilo, idPreguntaEstilosAprendizaje) VALUES('A', 'participe y contribuya con ideas.', 1, 9);
INSERT INTO interpro.TipoEstilo_Pregunta (indice, opcion, idTipoEstilo, idPreguntaEstilosAprendizaje) VALUES('A', 'he llegado a saber como son muchos de los estudiantes.', 1, 13);
INSERT INTO interpro.TipoEstilo_Pregunta (indice, opcion, idTipoEstilo, idPreguntaEstilosAprendizaje) VALUES('A', 'comience a trabajar en su solución inmediatamente.', 1, 17);
INSERT INTO interpro.TipoEstilo_Pregunta (indice, opcion, idTipoEstilo, idPreguntaEstilosAprendizaje) VALUES('A', 'en un grupo de estudio.', 1, 21);
INSERT INTO interpro.TipoEstilo_Pregunta (indice, opcion, idTipoEstilo, idPreguntaEstilosAprendizaje) VALUES('A', 'hacer algo y ver que sucede.', 1, 25);
INSERT INTO interpro.TipoEstilo_Pregunta (indice, opcion, idTipoEstilo, idPreguntaEstilosAprendizaje) VALUES('A', 'algo que he hecho.', 1, 29);
INSERT INTO interpro.TipoEstilo_Pregunta (indice, opcion, idTipoEstilo, idPreguntaEstilosAprendizaje) VALUES('A', 'realizar una tormenta de ideas donde cada uno contribuye con ideas.', 1, 33);
INSERT INTO interpro.TipoEstilo_Pregunta (indice, opcion, idTipoEstilo, idPreguntaEstilosAprendizaje) VALUES('A', 'abierto.', 1, 37);
INSERT INTO interpro.TipoEstilo_Pregunta (indice, opcion, idTipoEstilo, idPreguntaEstilosAprendizaje) VALUES('A', 'me parece bien.', 1, 41);
INSERT INTO interpro.TipoEstilo_Pregunta (indice, opcion, idTipoEstilo, idPreguntaEstilosAprendizaje) VALUES('B', 'si pienso en ello.', 2, 1);
INSERT INTO interpro.TipoEstilo_Pregunta (indice, opcion, idTipoEstilo, idPreguntaEstilosAprendizaje) VALUES('B', 'pensar en ello.', 2, 5);
INSERT INTO interpro.TipoEstilo_Pregunta (indice, opcion, idTipoEstilo, idPreguntaEstilosAprendizaje) VALUES('B', 'no participe y  solo escuche.', 2, 9);
INSERT INTO interpro.TipoEstilo_Pregunta (indice, opcion, idTipoEstilo, idPreguntaEstilosAprendizaje) VALUES('B', 'raramente he llegado a saber como son muchos estudiantes.', 2, 13);
INSERT INTO interpro.TipoEstilo_Pregunta (indice, opcion, idTipoEstilo, idPreguntaEstilosAprendizaje) VALUES('B', 'primero trate de entender completamente el problema.', 2, 17);
INSERT INTO interpro.TipoEstilo_Pregunta (indice, opcion, idTipoEstilo, idPreguntaEstilosAprendizaje) VALUES('B', 'solo.', 2, 21);
INSERT INTO interpro.TipoEstilo_Pregunta (indice, opcion, idTipoEstilo, idPreguntaEstilosAprendizaje) VALUES('B', 'pensar como voy a hacer algo.', 2, 25);
INSERT INTO interpro.TipoEstilo_Pregunta (indice, opcion, idTipoEstilo, idPreguntaEstilosAprendizaje) VALUES('B', 'algo en lo que he pensado mucho.', 2, 29);
INSERT INTO interpro.TipoEstilo_Pregunta (indice, opcion, idTipoEstilo, idPreguntaEstilosAprendizaje) VALUES('B', 'realizar la tormenta de ideas en forma personal y luego juntarme con el grupo para comparar las ideas.', 2, 33);
INSERT INTO interpro.TipoEstilo_Pregunta (indice, opcion, idTipoEstilo, idPreguntaEstilosAprendizaje) VALUES('B', 'reservado.', 2, 37);
INSERT INTO interpro.TipoEstilo_Pregunta (indice, opcion, idTipoEstilo, idPreguntaEstilosAprendizaje) VALUES('B', 'no me parece bien.', 2, 41);
INSERT INTO interpro.TipoEstilo_Pregunta (indice, opcion, idTipoEstilo, idPreguntaEstilosAprendizaje) VALUES('A', 'realista.', 3, 2);
INSERT INTO interpro.TipoEstilo_Pregunta (indice, opcion, idTipoEstilo, idPreguntaEstilosAprendizaje) VALUES('A', 'que trate sobre hechos y situaciones reales de la vida.', 3, 6);
INSERT INTO interpro.TipoEstilo_Pregunta (indice, opcion, idTipoEstilo, idPreguntaEstilosAprendizaje) VALUES('A', 'aprender hechos.', 3, 10);
INSERT INTO interpro.TipoEstilo_Pregunta (indice, opcion, idTipoEstilo, idPreguntaEstilosAprendizaje) VALUES('A', 'algo que me enseñe nuevos hechos o me diga como hacer algo.', 3, 14);
INSERT INTO interpro.TipoEstilo_Pregunta (indice, opcion, idTipoEstilo, idPreguntaEstilosAprendizaje) VALUES('A', 'certeza.', 3, 18);
INSERT INTO interpro.TipoEstilo_Pregunta (indice, opcion, idTipoEstilo, idPreguntaEstilosAprendizaje) VALUES('A', 'cuidadoso en los detalles de mi trabajo.', 3, 22);
INSERT INTO interpro.TipoEstilo_Pregunta (indice, opcion, idTipoEstilo, idPreguntaEstilosAprendizaje) VALUES('A', 'dicen claramente los que desean dar a entender.', 3, 26);
INSERT INTO interpro.TipoEstilo_Pregunta (indice, opcion, idTipoEstilo, idPreguntaEstilosAprendizaje) VALUES('A', 'dominar una forma de hacerlo.', 3, 30);
INSERT INTO interpro.TipoEstilo_Pregunta (indice, opcion, idTipoEstilo, idPreguntaEstilosAprendizaje) VALUES('A', 'sensible.', 3, 34);
INSERT INTO interpro.TipoEstilo_Pregunta (indice, opcion, idTipoEstilo, idPreguntaEstilosAprendizaje) VALUES('A', 'material concreto (hechos, dato', 3, 38);
INSERT INTO interpro.TipoEstilo_Pregunta (indice, opcion, idTipoEstilo, idPreguntaEstilosAprendizaje) VALUES('A', 'tiendo a repetir todos mis pasos y revisar cuidadosamente mi trabajo.', 3, 42);
INSERT INTO interpro.TipoEstilo_Pregunta (indice, opcion, idTipoEstilo, idPreguntaEstilosAprendizaje) VALUES('B', 'innovador.', 4, 2);
INSERT INTO interpro.TipoEstilo_Pregunta (indice, opcion, idTipoEstilo, idPreguntaEstilosAprendizaje) VALUES('B', 'que trate con ideas y teorías.', 4, 6);
INSERT INTO interpro.TipoEstilo_Pregunta (indice, opcion, idTipoEstilo, idPreguntaEstilosAprendizaje) VALUES('B', 'aprender conceptos.', 4, 10);
INSERT INTO interpro.TipoEstilo_Pregunta (indice, opcion, idTipoEstilo, idPreguntaEstilosAprendizaje) VALUES('B', 'algo que me dé nuevas ideas en que pensar.', 4, 14);
INSERT INTO interpro.TipoEstilo_Pregunta (indice, opcion, idTipoEstilo, idPreguntaEstilosAprendizaje) VALUES('B', 'teoría.', 4, 18);
INSERT INTO interpro.TipoEstilo_Pregunta (indice, opcion, idTipoEstilo, idPreguntaEstilosAprendizaje) VALUES('B', 'creativo en la forma en la que hago mi trabajo.', 4, 22);
INSERT INTO interpro.TipoEstilo_Pregunta (indice, opcion, idTipoEstilo, idPreguntaEstilosAprendizaje) VALUES('B', 'dicen las cosas en forma creativa e interesante.', 4, 26);
INSERT INTO interpro.TipoEstilo_Pregunta (indice, opcion, idTipoEstilo, idPreguntaEstilosAprendizaje) VALUES('B', 'intentar nuevas formas de hacerlo.', 4, 30);
INSERT INTO interpro.TipoEstilo_Pregunta (indice, opcion, idTipoEstilo, idPreguntaEstilosAprendizaje) VALUES('B', 'imaginativo.', 4, 34);
INSERT INTO interpro.TipoEstilo_Pregunta (indice, opcion, idTipoEstilo, idPreguntaEstilosAprendizaje) VALUES('B', 'material abstracto (conceptos, teoría', 4, 38);
INSERT INTO interpro.TipoEstilo_Pregunta (indice, opcion, idTipoEstilo, idPreguntaEstilosAprendizaje) VALUES('B', 'me cansa hacer su revisión y tengo que esforzarme para hacerlo.', 4, 42);
INSERT INTO interpro.TipoEstilo_Pregunta (indice, opcion, idTipoEstilo, idPreguntaEstilosAprendizaje) VALUES('A', 'una imagen.', 5, 3);
INSERT INTO interpro.TipoEstilo_Pregunta (indice, opcion, idTipoEstilo, idPreguntaEstilosAprendizaje) VALUES('A', 'imágenes, diagramas, gráficas o mapas.', 5, 7);
INSERT INTO interpro.TipoEstilo_Pregunta (indice, opcion, idTipoEstilo, idPreguntaEstilosAprendizaje) VALUES('A', 'revise cuidadosamente las imágenes y las gráficas.', 5, 11);
INSERT INTO interpro.TipoEstilo_Pregunta (indice, opcion, idTipoEstilo, idPreguntaEstilosAprendizaje) VALUES('A', 'que utilizan muchos esquemas en el pizarrón.', 5, 15);
INSERT INTO interpro.TipoEstilo_Pregunta (indice, opcion, idTipoEstilo, idPreguntaEstilosAprendizaje) VALUES('A', 'lo que veo.', 5, 19);
INSERT INTO interpro.TipoEstilo_Pregunta (indice, opcion, idTipoEstilo, idPreguntaEstilosAprendizaje) VALUES('A', 'un mapa.', 5, 23);
INSERT INTO interpro.TipoEstilo_Pregunta (indice, opcion, idTipoEstilo, idPreguntaEstilosAprendizaje) VALUES('A', 'la imagen.', 5, 27);
INSERT INTO interpro.TipoEstilo_Pregunta (indice, opcion, idTipoEstilo, idPreguntaEstilosAprendizaje) VALUES('A', 'gráficas.', 5, 31);
INSERT INTO interpro.TipoEstilo_Pregunta (indice, opcion, idTipoEstilo, idPreguntaEstilosAprendizaje) VALUES('A', 'cómo es su apariencia.', 5, 35);
INSERT INTO interpro.TipoEstilo_Pregunta (indice, opcion, idTipoEstilo, idPreguntaEstilosAprendizaje) VALUES('A', 'ver televisión.', 5, 39);
INSERT INTO interpro.TipoEstilo_Pregunta (indice, opcion, idTipoEstilo, idPreguntaEstilosAprendizaje) VALUES('A', 'fácilmente y con bastante exactitud.', 5, 43);
INSERT INTO interpro.TipoEstilo_Pregunta (indice, opcion, idTipoEstilo, idPreguntaEstilosAprendizaje) VALUES('B', 'palabras.', 6, 3);
INSERT INTO interpro.TipoEstilo_Pregunta (indice, opcion, idTipoEstilo, idPreguntaEstilosAprendizaje) VALUES('B', 'instrucciones escritas o información verbal.', 6, 7);
INSERT INTO interpro.TipoEstilo_Pregunta (indice, opcion, idTipoEstilo, idPreguntaEstilosAprendizaje) VALUES('B', 'me concentre en el texto escrito.', 6, 11);
INSERT INTO interpro.TipoEstilo_Pregunta (indice, opcion, idTipoEstilo, idPreguntaEstilosAprendizaje) VALUES('B', 'que toman mucho tiempo para explicar.', 6, 15);
INSERT INTO interpro.TipoEstilo_Pregunta (indice, opcion, idTipoEstilo, idPreguntaEstilosAprendizaje) VALUES('B', 'lo que oigo.', 6, 19);
INSERT INTO interpro.TipoEstilo_Pregunta (indice, opcion, idTipoEstilo, idPreguntaEstilosAprendizaje) VALUES('B', 'instrucciones escritas.', 6, 23);
INSERT INTO interpro.TipoEstilo_Pregunta (indice, opcion, idTipoEstilo, idPreguntaEstilosAprendizaje) VALUES('B', 'lo que el profesor dijo acerca de ella.', 6, 27);
INSERT INTO interpro.TipoEstilo_Pregunta (indice, opcion, idTipoEstilo, idPreguntaEstilosAprendizaje) VALUES('B', 'resúmenes con texto.', 6, 31);
INSERT INTO interpro.TipoEstilo_Pregunta (indice, opcion, idTipoEstilo, idPreguntaEstilosAprendizaje) VALUES('B', 'lo que dicen de sí mismos.', 6, 35);
INSERT INTO interpro.TipoEstilo_Pregunta (indice, opcion, idTipoEstilo, idPreguntaEstilosAprendizaje) VALUES('B', 'leer un libro.', 6, 39);
INSERT INTO interpro.TipoEstilo_Pregunta (indice, opcion, idTipoEstilo, idPreguntaEstilosAprendizaje) VALUES('B', 'con dificultad y sin mucho detalle.', 6, 43);
INSERT INTO interpro.TipoEstilo_Pregunta (indice, opcion, idTipoEstilo, idPreguntaEstilosAprendizaje) VALUES('A', 'entender  los  detalles  de  un  tema  pero  no  ver  claramente  su  estructura completa.', 7, 4);
INSERT INTO interpro.TipoEstilo_Pregunta (indice, opcion, idTipoEstilo, idPreguntaEstilosAprendizaje) VALUES('A', 'todas las partes, entiendo el total.', 7, 8);
INSERT INTO interpro.TipoEstilo_Pregunta (indice, opcion, idTipoEstilo, idPreguntaEstilosAprendizaje) VALUES('A', 'generalmente trabajo sobre las soluciones con un paso a la vez.', 7, 12);
INSERT INTO interpro.TipoEstilo_Pregunta (indice, opcion, idTipoEstilo, idPreguntaEstilosAprendizaje) VALUES('A', 'pienso en los incidentes y trato de acomodarlos para configurar los temas.', 7, 16);
INSERT INTO interpro.TipoEstilo_Pregunta (indice, opcion, idTipoEstilo, idPreguntaEstilosAprendizaje) VALUES('A', 'exponga el material en pasos secuenciales claros.', 7, 20);
INSERT INTO interpro.TipoEstilo_Pregunta (indice, opcion, idTipoEstilo, idPreguntaEstilosAprendizaje) VALUES('A', 'a un paso constante. Si estudio con ahínco consigo lo que deseo.', 7, 24);
INSERT INTO interpro.TipoEstilo_Pregunta (indice, opcion, idTipoEstilo, idPreguntaEstilosAprendizaje) VALUES('A', 'me concentro en los detalles y pierdo de vista el total de la misma.', 7, 28);
INSERT INTO interpro.TipoEstilo_Pregunta (indice, opcion, idTipoEstilo, idPreguntaEstilosAprendizaje) VALUES('A', 'lo haga (piense o escribdesde el principio y avance.', 7, 32);
INSERT INTO interpro.TipoEstilo_Pregunta (indice, opcion, idTipoEstilo, idPreguntaEstilosAprendizaje) VALUES('A', 'mantenerme concentrado en ese tema, aprendiendo lo más que pueda de él.', 7, 36);
INSERT INTO interpro.TipoEstilo_Pregunta (indice, opcion, idTipoEstilo, idPreguntaEstilosAprendizaje) VALUES('A', 'algo útiles para mí.', 7, 40);
INSERT INTO interpro.TipoEstilo_Pregunta (indice, opcion, idTipoEstilo, idPreguntaEstilosAprendizaje) VALUES('A', 'piense en los pasos para la solución de los problemas.', 7, 44);
INSERT INTO interpro.TipoEstilo_Pregunta (indice, opcion, idTipoEstilo, idPreguntaEstilosAprendizaje) VALUES('B', 'entender la estructura completa pero no ver claramente los detalles.', 8, 4);
INSERT INTO interpro.TipoEstilo_Pregunta (indice, opcion, idTipoEstilo, idPreguntaEstilosAprendizaje) VALUES('B', 'el total de algo, entiendo como encajan sus partes.', 8, 8);
INSERT INTO interpro.TipoEstilo_Pregunta (indice, opcion, idTipoEstilo, idPreguntaEstilosAprendizaje) VALUES('B', 'frecuentemente  sé  cuales  son  las  soluciones,  pero  luego  tengo  dificultad para imaginarme los pasos para llegar a ellas.', 8, 12);
INSERT INTO interpro.TipoEstilo_Pregunta (indice, opcion, idTipoEstilo, idPreguntaEstilosAprendizaje) VALUES('B', 'me  doy  cuenta  de  cuales  son  los  temas  cuando  termino  de  leer  y  luego tengo que regresar y encontrar los incidentes que los demuestran.', 8, 16);
INSERT INTO interpro.TipoEstilo_Pregunta (indice, opcion, idTipoEstilo, idPreguntaEstilosAprendizaje) VALUES('B', 'me dé un panorama general y relacione el material con otros temas.', 8, 20);
INSERT INTO interpro.TipoEstilo_Pregunta (indice, opcion, idTipoEstilo, idPreguntaEstilosAprendizaje) VALUES('B', 'en inicios y pausas. Me llego a confundir y súbitamente lo entiendo.', 8, 24);
INSERT INTO interpro.TipoEstilo_Pregunta (indice, opcion, idTipoEstilo, idPreguntaEstilosAprendizaje) VALUES('B', 'trato de entender el todo antes de ir a los detalles.', 8, 28);
INSERT INTO interpro.TipoEstilo_Pregunta (indice, opcion, idTipoEstilo, idPreguntaEstilosAprendizaje) VALUES('B', 'lo haga (piense o escrib  en diferentes partes y luego las ordene.', 8, 32);
INSERT INTO interpro.TipoEstilo_Pregunta (indice, opcion, idTipoEstilo, idPreguntaEstilosAprendizaje) VALUES('B', 'hacer conexiones entre ese tema y temas relacionados.', 8, 36);
INSERT INTO interpro.TipoEstilo_Pregunta (indice, opcion, idTipoEstilo, idPreguntaEstilosAprendizaje) VALUES('B', 'muy útiles para mí.', 8, 40);
INSERT INTO interpro.TipoEstilo_Pregunta (indice, opcion, idTipoEstilo, idPreguntaEstilosAprendizaje) VALUES('B', 'piense en las posibles consecuencias o aplicaciones de la solución en un amplio rango de campos.', 8, 44);
