-- phpMyAdmin SQL Dump
-- version 4.6.6deb4
-- https://www.phpmyadmin.net/
--
-- Servidor: localhost:3306
-- Tiempo de generación: 28-11-2018 a las 08:53:15
-- Versión del servidor: 10.1.26-MariaDB-0+deb9u1
-- Versión de PHP: 7.0.30-0+deb9u1

SET SQL_MODE = "NO_AUTO_VALUE_ON_ZERO";
SET time_zone = "+00:00";


/*!40101 SET @OLD_CHARACTER_SET_CLIENT=@@CHARACTER_SET_CLIENT */;
/*!40101 SET @OLD_CHARACTER_SET_RESULTS=@@CHARACTER_SET_RESULTS */;
/*!40101 SET @OLD_COLLATION_CONNECTION=@@COLLATION_CONNECTION */;
/*!40101 SET NAMES utf8mb4 */;

--
-- Base de datos: `interpro2`
--

-- --------------------------------------------------------

--
-- Estructura de tabla para la tabla `Area`
--

CREATE TABLE `Area` (
  `idArea` int(11) NOT NULL,
  `nombre` varchar(100) DEFAULT NULL
) ENGINE=InnoDB DEFAULT CHARSET=utf8;

--
-- Volcado de datos para la tabla `Area`
--

INSERT INTO `Area` (`idArea`, `nombre`) VALUES
(1, 'Ciencias naturales y educación ambiental'),
(2, 'Ciencias sociales, historia, geografía, constitución política y democrática'),
(3, 'Educación artística'),
(4, 'Educación ética y en valores humano'),
(5, ' Educación física, recreación y deportes'),
(6, 'Educación religiosa'),
(7, 'Humanidades, lengua castellana e idiomas extranjeros'),
(8, 'Matemáticas'),
(9, 'Tecnología e informática');

-- --------------------------------------------------------

--
-- Estructura de tabla para la tabla `AreaEncuesta`
--

CREATE TABLE `AreaEncuesta` (
  `idArea` int(11) NOT NULL,
  `idEncuesta` int(11) NOT NULL,
  `posicion` varchar(45) DEFAULT NULL,
  `gusto` varchar(45) DEFAULT NULL,
  `idTipoEleccionMateria` int(11) NOT NULL
) ENGINE=InnoDB DEFAULT CHARSET=utf8;

-- --------------------------------------------------------

--
-- Estructura de tabla para la tabla `AreaProfesional`
--

CREATE TABLE `AreaProfesional` (
  `idAreaProfesional` int(11) NOT NULL,
  `areal` varchar(45) DEFAULT NULL
) ENGINE=InnoDB DEFAULT CHARSET=utf8;

-- --------------------------------------------------------

--
-- Estructura de tabla para la tabla `Ciudad`
--

CREATE TABLE `Ciudad` (
  `idCiudad` int(11) NOT NULL,
  `nombre` varchar(45) DEFAULT NULL,
  `idDepartamento` int(11) NOT NULL
) ENGINE=InnoDB DEFAULT CHARSET=utf8;

--
-- Volcado de datos para la tabla `Ciudad`
--

INSERT INTO `Ciudad` (`idCiudad`, `nombre`, `idDepartamento`) VALUES
(1, 'LETICIA', 1),
(2, 'EL ENCANTO', 1),
(3, 'LA CHORRERA', 1),
(4, 'LA PEDRERA', 1),
(5, 'LA VICTORIA', 1),
(6, 'MIRITI - PARANA', 1),
(7, 'PUERTO ALEGRIA', 1),
(8, 'PUERTO ARICA', 1),
(9, 'PUERTO NARIÑO', 1),
(10, 'PUERTO SANTANDER', 1),
(11, 'TARAPACA', 1),
(12, 'MEDELLIN', 2),
(13, 'ABEJORRAL', 2),
(14, 'ABRIAQUI', 2),
(15, 'ALEJANDRIA', 2),
(16, 'AMAGA', 2),
(17, 'AMALFI', 2),
(18, 'ANDES', 2),
(19, 'ANGELOPOLIS', 2),
(20, 'ANGOSTURA', 2),
(21, 'ANORI', 2),
(22, 'SANTAFE DE ANTIOQUIA', 2),
(23, 'ANZA', 2),
(24, 'APARTADO', 2),
(25, 'ARBOLETES', 2),
(26, 'ARGELIA', 2),
(27, 'ARMENIA', 2),
(28, 'BARBOSA', 2),
(29, 'BELMIRA', 2),
(30, 'BELLO', 2),
(31, 'BETANIA', 2),
(32, 'BETULIA', 2),
(33, 'CIUDAD BOLIVAR', 2),
(34, 'BRICEÑO', 2),
(35, 'BURITICA', 2),
(36, 'CACERES', 2),
(37, 'CAICEDO', 2),
(38, 'CALDAS', 2),
(39, 'CAMPAMENTO', 2),
(40, 'CAÑASGORDAS', 2),
(41, 'CARACOLI', 2),
(42, 'CARAMANTA', 2),
(43, 'CAREPA', 2),
(44, 'EL CARMEN DE VIBORAL', 2),
(45, 'CAROLINA', 2),
(46, 'CAUCASIA', 2),
(47, 'CHIGORODO', 2),
(48, 'CISNEROS', 2),
(49, 'COCORNA', 2),
(50, 'CONCEPCION', 2),
(51, 'CONCORDIA', 2),
(52, 'COPACABANA', 2),
(53, 'DABEIBA', 2),
(54, 'DON MATIAS', 2),
(55, 'EBEJICO', 2),
(56, 'EL BAGRE', 2),
(57, 'ENTRERRIOS', 2),
(58, 'ENVIGADO', 2),
(59, 'FREDONIA', 2),
(60, 'FRONTINO', 2),
(61, 'GIRALDO', 2),
(62, 'GIRARDOTA', 2),
(63, 'GOMEZ PLATA', 2),
(64, 'GRANADA', 2),
(65, 'GUADALUPE', 2),
(66, 'GUARNE', 2),
(67, 'GUATAPE', 2),
(68, 'HELICONIA', 2),
(69, 'HISPANIA', 2),
(70, 'ITAGUI', 2),
(71, 'ITUANGO', 2),
(72, 'JARDIN', 2),
(73, 'JERICO', 2),
(74, 'LA CEJA', 2),
(75, 'LA ESTRELLA', 2),
(76, 'LA PINTADA', 2),
(77, 'LA UNION', 2),
(78, 'LIBORINA', 2),
(79, 'MACEO', 2),
(80, 'MARINILLA', 2),
(81, 'MONTEBELLO', 2),
(82, 'MURINDO', 2),
(83, 'MUTATA', 2),
(84, 'NARIÑO', 2),
(85, 'NECOCLI', 2),
(86, 'NECHI', 2),
(87, 'OLAYA', 2),
(88, 'PEÐOL', 2),
(89, 'PEQUE', 2),
(90, 'PUEBLORRICO', 2),
(91, 'PUERTO BERRIO', 2),
(92, 'PUERTO NARE', 2),
(93, 'PUERTO TRIUNFO', 2),
(94, 'REMEDIOS', 2),
(95, 'RETIRO', 2),
(96, 'RIONEGRO', 2),
(97, 'SABANALARGA', 2),
(98, 'SABANETA', 2),
(99, 'SALGAR', 2),
(100, 'SAN ANDRES DE CUERQUIA', 2),
(101, 'SAN CARLOS', 2),
(102, 'SAN FRANCISCO', 2),
(103, 'SAN JERONIMO', 2),
(104, 'SAN JOSE DE LA MONTAÑA', 2),
(105, 'SAN JUAN DE URABA', 2),
(106, 'SAN LUIS', 2),
(107, 'SAN PEDRO', 2),
(108, 'SAN PEDRO DE URABA', 2),
(109, 'SAN RAFAEL', 2),
(110, 'SAN ROQUE', 2),
(111, 'SAN VICENTE', 2),
(112, 'SANTA BARBARA', 2),
(113, 'SANTA ROSA DE OSOS', 2),
(114, 'SANTO DOMINGO', 2),
(115, 'EL SANTUARIO', 2),
(116, 'SEGOVIA', 2),
(117, 'SONSON', 2),
(118, 'SOPETRAN', 2),
(119, 'TAMESIS', 2),
(120, 'TARAZA', 2),
(121, 'TARSO', 2),
(122, 'TITIRIBI', 2),
(123, 'TOLEDO', 2),
(124, 'TURBO', 2),
(125, 'URAMITA', 2),
(126, 'URRAO', 2),
(127, 'VALDIVIA', 2),
(128, 'VALPARAISO', 2),
(129, 'VEGACHI', 2),
(130, 'VENECIA', 2),
(131, 'VIGIA DEL FUERTE', 2),
(132, 'YALI', 2),
(133, 'YARUMAL', 2),
(134, 'YOLOMBO', 2),
(135, 'YONDO', 2),
(136, 'ZARAGOZA', 2),
(137, 'ARAUCA', 3),
(138, 'ARAUQUITA', 3),
(139, 'CRAVO NORTE', 3),
(140, 'FORTUL', 3),
(141, 'PUERTO RONDON', 3),
(142, 'SARAVENA', 3),
(143, 'TAME', 3),
(144, 'BARRANQUILLA', 4),
(145, 'BARANOA', 4),
(146, 'CAMPO DE LA CRUZ', 4),
(147, 'CANDELARIA', 4),
(148, 'GALAPA', 4),
(149, 'JUAN DE ACOSTA', 4),
(150, 'LURUACO', 4),
(151, 'MALAMBO', 4),
(152, 'MANATI', 4),
(153, 'PALMAR DE VARELA', 4),
(154, 'PIOJO', 4),
(155, 'POLONUEVO', 4),
(156, 'PONEDERA', 4),
(157, 'PUERTO COLOMBIA', 4),
(158, 'REPELON', 4),
(159, 'SABANAGRANDE', 4),
(160, 'SABANALARGA', 4),
(161, 'SANTA LUCIA', 4),
(162, 'SANTO TOMAS', 4),
(163, 'SOLEDAD', 4),
(164, 'SUAN', 4),
(165, 'TUBARA', 4),
(166, 'USIACURI', 4),
(167, 'CARTAGENA', 5),
(168, 'ACHI', 5),
(169, 'ALTOS DEL ROSARIO', 5),
(170, 'ARENAL', 5),
(171, 'ARJONA', 5),
(172, 'ARROYOHONDO', 5),
(173, 'BARRANCO DE LOBA', 5),
(174, 'CALAMAR', 5),
(175, 'CANTAGALLO', 5),
(176, 'CICUCO', 5),
(177, 'CORDOBA', 5),
(178, 'CLEMENCIA', 5),
(179, 'EL CARMEN DE BOLIVAR', 5),
(180, 'EL GUAMO', 5),
(181, 'EL PEÑON', 5),
(182, 'HATILLO DE LOBA', 5),
(183, 'MAGANGUE', 5),
(184, 'MAHATES', 5),
(185, 'MARGARITA', 5),
(186, 'MARIA LA BAJA', 5),
(187, 'MONTECRISTO', 5),
(188, 'MOMPOS', 5),
(189, 'NOROSI', 5),
(190, 'MORALES', 5),
(191, 'PINILLOS', 5),
(192, 'REGIDOR', 5),
(193, 'RIO VIEJO', 5),
(194, 'SAN CRISTOBAL', 5),
(195, 'SAN ESTANISLAO', 5),
(196, 'SAN FERNANDO', 5),
(197, 'SAN JACINTO', 5),
(198, 'SAN JACINTO DEL CAUCA', 5),
(199, 'SAN JUAN NEPOMUCENO', 5),
(200, 'SAN MARTIN DE LOBA', 5),
(201, 'SAN PABLO', 5),
(202, 'SANTA CATALINA', 5),
(203, 'SANTA ROSA', 5),
(204, 'SANTA ROSA DEL SUR', 5),
(205, 'SIMITI', 5),
(206, 'SOPLAVIENTO', 5),
(207, 'TALAIGUA NUEVO', 5),
(208, 'TIQUISIO', 5),
(209, 'TURBACO', 5),
(210, 'TURBANA', 5),
(211, 'VILLANUEVA', 5),
(212, 'ZAMBRANO', 5),
(213, 'TUNJA', 6),
(214, 'ALMEIDA', 6),
(215, 'AQUITANIA', 6),
(216, 'ARCABUCO', 6),
(217, 'BELEN', 6),
(218, 'BERBEO', 6),
(219, 'BETEITIVA', 6),
(220, 'BOAVITA', 6),
(221, 'BOYACA', 6),
(222, 'BRICEÑO', 6),
(223, 'BUENAVISTA', 6),
(224, 'BUSBANZA', 6),
(225, 'CALDAS', 6),
(226, 'CAMPOHERMOSO', 6),
(227, 'CERINZA', 6),
(228, 'CHINAVITA', 6),
(229, 'CHIQUINQUIRA', 6),
(230, 'CHISCAS', 6),
(231, 'CHITA', 6),
(232, 'CHITARAQUE', 6),
(233, 'CHIVATA', 6),
(234, 'CIENEGA', 6),
(235, 'COMBITA', 6),
(236, 'COPER', 6),
(237, 'CORRALES', 6),
(238, 'COVARACHIA', 6),
(239, 'CUBARA', 6),
(240, 'CUCAITA', 6),
(241, 'CUITIVA', 6),
(242, 'CHIQUIZA', 6),
(243, 'CHIVOR', 6),
(244, 'DUITAMA', 6),
(245, 'EL COCUY', 6),
(246, 'EL ESPINO', 6),
(247, 'FIRAVITOBA', 6),
(248, 'FLORESTA', 6),
(249, 'GACHANTIVA', 6),
(250, 'GAMEZA', 6),
(251, 'GARAGOA', 6),
(252, 'GUACAMAYAS', 6),
(253, 'GUATEQUE', 6),
(254, 'GUAYATA', 6),
(255, 'GsICAN', 6),
(256, 'IZA', 6),
(257, 'JENESANO', 6),
(258, 'JERICO', 6),
(259, 'LABRANZAGRANDE', 6),
(260, 'LA CAPILLA', 6),
(261, 'LA VICTORIA', 6),
(262, 'LA UVITA', 6),
(263, 'VILLA DE LEYVA', 6),
(264, 'MACANAL', 6),
(265, 'MARIPI', 6),
(266, 'MIRAFLORES', 6),
(267, 'MONGUA', 6),
(268, 'MONGUI', 6),
(269, 'MONIQUIRA', 6),
(270, 'MOTAVITA', 6),
(271, 'MUZO', 6),
(272, 'NOBSA', 6),
(273, 'NUEVO COLON', 6),
(274, 'OICATA', 6),
(275, 'OTANCHE', 6),
(276, 'PACHAVITA', 6),
(277, 'PAEZ', 6),
(278, 'PAIPA', 6),
(279, 'PAJARITO', 6),
(280, 'PANQUEBA', 6),
(281, 'PAUNA', 6),
(282, 'PAYA', 6),
(283, 'PAZ DE RIO', 6),
(284, 'PESCA', 6),
(285, 'PISBA', 6),
(286, 'PUERTO BOYACA', 6),
(287, 'QUIPAMA', 6),
(288, 'RAMIRIQUI', 6),
(289, 'RAQUIRA', 6),
(290, 'RONDON', 6),
(291, 'SABOYA', 6),
(292, 'SACHICA', 6),
(293, 'SAMACA', 6),
(294, 'SAN EDUARDO', 6),
(295, 'SAN JOSE DE PARE', 6),
(296, 'SAN LUIS DE GACENO', 6),
(297, 'SAN MATEO', 6),
(298, 'SAN MIGUEL DE SEMA', 6),
(299, 'SAN PABLO DE BORBUR', 6),
(300, 'SANTANA', 6),
(301, 'SANTA MARIA', 6),
(302, 'SANTA ROSA DE VITERBO', 6),
(303, 'SANTA SOFIA', 6),
(304, 'SATIVANORTE', 6),
(305, 'SATIVASUR', 6),
(306, 'SIACHOQUE', 6),
(307, 'SOATA', 6),
(308, 'SOCOTA', 6),
(309, 'SOCHA', 6),
(310, 'SOGAMOSO', 6),
(311, 'SOMONDOCO', 6),
(312, 'SORA', 6),
(313, 'SOTAQUIRA', 6),
(314, 'SORACA', 6),
(315, 'SUSACON', 6),
(316, 'SUTAMARCHAN', 6),
(317, 'SUTATENZA', 6),
(318, 'TASCO', 6),
(319, 'TENZA', 6),
(320, 'TIBANA', 6),
(321, 'TIBASOSA', 6),
(322, 'TINJACA', 6),
(323, 'TIPACOQUE', 6),
(324, 'TOCA', 6),
(325, 'TOGsI', 6),
(326, 'TOPAGA', 6),
(327, 'TOTA', 6),
(328, 'TUNUNGUA', 6),
(329, 'TURMEQUE', 6),
(330, 'TUTA', 6),
(331, 'TUTAZA', 6),
(332, 'UMBITA', 6),
(333, 'VENTAQUEMADA', 6),
(334, 'VIRACACHA', 6),
(335, 'ZETAQUIRA', 6),
(336, 'MANIZALES', 7),
(337, 'AGUADAS', 7),
(338, 'ANSERMA', 7),
(339, 'ARANZAZU', 7),
(340, 'BELALCAZAR', 7),
(341, 'CHINCHINA', 7),
(342, 'FILADELFIA', 7),
(343, 'LA DORADA', 7),
(344, 'LA MERCED', 7),
(345, 'MANZANARES', 7),
(346, 'MARMATO', 7),
(347, 'MARQUETALIA', 7),
(348, 'MARULANDA', 7),
(349, 'NEIRA', 7),
(350, 'NORCASIA', 7),
(351, 'PACORA', 7),
(352, 'PALESTINA', 7),
(353, 'PENSILVANIA', 7),
(354, 'RIOSUCIO', 7),
(355, 'RISARALDA', 7),
(356, 'SALAMINA', 7),
(357, 'SAMANA', 7),
(358, 'SAN JOSE', 7),
(359, 'SUPIA', 7),
(360, 'VICTORIA', 7),
(361, 'VILLAMARIA', 7),
(362, 'VITERBO', 7),
(363, 'FLORENCIA', 8),
(364, 'ALBANIA', 8),
(365, 'BELEN DE LOS ANDAQUIES', 8),
(366, 'CARTAGENA DEL CHAIRA', 8),
(367, 'CURILLO', 8),
(368, 'EL DONCELLO', 8),
(369, 'EL PAUJIL', 8),
(370, 'LA MONTAÑITA', 8),
(371, 'MILAN', 8),
(372, 'MORELIA', 8),
(373, 'PUERTO RICO', 8),
(374, 'SAN JOSE DEL FRAGUA', 8),
(375, 'SAN VICENTE DEL CAGUAN', 8),
(376, 'SOLANO', 8),
(377, 'SOLITA', 8),
(378, 'VALPARAISO', 8),
(379, 'YOPAL', 9),
(380, 'AGUAZUL', 9),
(381, 'CHAMEZA', 9),
(382, 'HATO COROZAL', 9),
(383, 'LA SALINA', 9),
(384, 'MANI', 9),
(385, 'MONTERREY', 9),
(386, 'NUNCHIA', 9),
(387, 'OROCUE', 9),
(388, 'PAZ DE ARIPORO', 9),
(389, 'PORE', 9),
(390, 'RECETOR', 9),
(391, 'SABANALARGA', 9),
(392, 'SACAMA', 9),
(393, 'SAN LUIS DE PALENQUE', 9),
(394, 'TAMARA', 9),
(395, 'TAURAMENA', 9),
(396, 'TRINIDAD', 9),
(397, 'VILLANUEVA', 9),
(398, 'POPAYAN', 10),
(399, 'ALMAGUER', 10),
(400, 'ARGELIA', 10),
(401, 'BALBOA', 10),
(402, 'BOLIVAR', 10),
(403, 'BUENOS AIRES', 10),
(404, 'CAJIBIO', 10),
(405, 'CALDONO', 10),
(406, 'CALOTO', 10),
(407, 'CORINTO', 10),
(408, 'EL TAMBO', 10),
(409, 'FLORENCIA', 10),
(410, 'GUACHENE', 10),
(411, 'GUAPI', 10),
(412, 'INZA', 10),
(413, 'JAMBALO', 10),
(414, 'LA SIERRA', 10),
(415, 'LA VEGA', 10),
(416, 'LOPEZ', 10),
(417, 'MERCADERES', 10),
(418, 'MIRANDA', 10),
(419, 'MORALES', 10),
(420, 'PADILLA', 10),
(421, 'PAEZ', 10),
(422, 'PATIA', 10),
(423, 'PIAMONTE', 10),
(424, 'PIENDAMO', 10),
(425, 'PUERTO TEJADA', 10),
(426, 'PURACE', 10),
(427, 'ROSAS', 10),
(428, 'SAN SEBASTIAN', 10),
(429, 'SANTANDER DE QUILICHAO', 10),
(430, 'SANTA ROSA', 10),
(431, 'SILVIA', 10),
(432, 'SOTARA', 10),
(433, 'SUAREZ', 10),
(434, 'SUCRE', 10),
(435, 'TIMBIO', 10),
(436, 'TIMBIQUI', 10),
(437, 'TORIBIO', 10),
(438, 'TOTORO', 10),
(439, 'VILLA RICA', 10),
(440, 'VALLEDUPAR', 11),
(441, 'AGUACHICA', 11),
(442, 'AGUSTIN CODAZZI', 11),
(443, 'ASTREA', 11),
(444, 'BECERRIL', 11),
(445, 'BOSCONIA', 11),
(446, 'CHIMICHAGUA', 11),
(447, 'CHIRIGUANA', 11),
(448, 'CURUMANI', 11),
(449, 'EL COPEY', 11),
(450, 'EL PASO', 11),
(451, 'GAMARRA', 11),
(452, 'GONZALEZ', 11),
(453, 'LA GLORIA', 11),
(454, 'LA JAGUA DE IBIRICO', 11),
(455, 'MANAURE', 11),
(456, 'PAILITAS', 11),
(457, 'PELAYA', 11),
(458, 'PUEBLO BELLO', 11),
(459, 'RIO DE ORO', 11),
(460, 'LA PAZ', 11),
(461, 'SAN ALBERTO', 11),
(462, 'SAN DIEGO', 11),
(463, 'SAN MARTIN', 11),
(464, 'TAMALAMEQUE', 11),
(465, 'QUIBDO', 12),
(466, 'ACANDI', 12),
(467, 'ALTO BAUDO', 12),
(468, 'ATRATO', 12),
(469, 'BAGADO', 12),
(470, 'BAHIA SOLANO', 12),
(471, 'BAJO BAUDO', 12),
(472, 'BOJAYA', 12),
(473, 'EL CANTON DEL SAN PABLO', 12),
(474, 'CARMEN DEL DARIEN', 12),
(475, 'CERTEGUI', 12),
(476, 'CONDOTO', 12),
(477, 'EL CARMEN DE ATRATO', 12),
(478, 'EL LITORAL DEL SAN JUAN', 12),
(479, 'ISTMINA', 12),
(480, 'JURADO', 12),
(481, 'LLORO', 12),
(482, 'MEDIO ATRATO', 12),
(483, 'MEDIO BAUDO', 12),
(484, 'MEDIO SAN JUAN', 12),
(485, 'NOVITA', 12),
(486, 'NUQUI', 12),
(487, 'RIO IRO', 12),
(488, 'RIO QUITO', 12),
(489, 'RIOSUCIO', 12),
(490, 'SAN JOSE DEL PALMAR', 12),
(491, 'SIPI', 12),
(492, 'TADO', 12),
(493, 'UNGUIA', 12),
(494, 'UNION PANAMERICANA', 12),
(495, 'MONTERIA', 13),
(496, 'AYAPEL', 13),
(497, 'BUENAVISTA', 13),
(498, 'CANALETE', 13),
(499, 'CERETE', 13),
(500, 'CHIMA', 13),
(501, 'CHINU', 13),
(502, 'CIENAGA DE ORO', 13),
(503, 'COTORRA', 13),
(504, 'LA APARTADA', 13),
(505, 'LORICA', 13),
(506, 'LOS CORDOBAS', 13),
(507, 'MOMIL', 13),
(508, 'MONTELIBANO', 13),
(509, 'MOÑITOS', 13),
(510, 'PLANETA RICA', 13),
(511, 'PUEBLO NUEVO', 13),
(512, 'PUERTO ESCONDIDO', 13),
(513, 'PUERTO LIBERTADOR', 13),
(514, 'PURISIMA', 13),
(515, 'SAHAGUN', 13),
(516, 'SAN ANDRES SOTAVENTO', 13),
(517, 'SAN ANTERO', 13),
(518, 'SAN BERNARDO DEL VIENTO', 13),
(519, 'SAN CARLOS', 13),
(520, 'SAN PELAYO', 13),
(521, 'TIERRALTA', 13),
(522, 'VALENCIA', 13),
(523, 'AGUA DE DIOS', 14),
(524, 'ALBAN', 14),
(525, 'BOGOTA', 14),
(526, 'ANAPOIMA', 14),
(527, 'ANOLAIMA', 14),
(528, 'ARBELAEZ', 14),
(529, 'BELTRAN', 14),
(530, 'BITUIMA', 14),
(531, 'BOJACA', 14),
(532, 'CABRERA', 14),
(533, 'CACHIPAY', 14),
(534, 'CAJICA', 14),
(535, 'CAPARRAPI', 14),
(536, 'CAQUEZA', 14),
(537, 'CARMEN DE CARUPA', 14),
(538, 'CHAGUANI', 14),
(539, 'CHIA', 14),
(540, 'CHIPAQUE', 14),
(541, 'CHOACHI', 14),
(542, 'CHOCONTA', 14),
(543, 'COGUA', 14),
(544, 'COTA', 14),
(545, 'CUCUNUBA', 14),
(546, 'EL COLEGIO', 14),
(547, 'EL PEÑON', 14),
(548, 'EL ROSAL', 14),
(549, 'FACATATIVA', 14),
(550, 'FOMEQUE', 14),
(551, 'FOSCA', 14),
(552, 'FUNZA', 14),
(553, 'FUQUENE', 14),
(554, 'FUSAGASUGA', 14),
(555, 'GACHALA', 14),
(556, 'GACHANCIPA', 14),
(557, 'GACHETA', 14),
(558, 'GAMA', 14),
(559, 'GIRARDOT', 14),
(560, 'GRANADA', 14),
(561, 'GUACHETA', 14),
(562, 'GUADUAS', 14),
(563, 'GUASCA', 14),
(564, 'GUATAQUI', 14),
(565, 'GUATAVITA', 14),
(566, 'GUAYABAL DE SIQUIMA', 14),
(567, 'GUAYABETAL', 14),
(568, 'GUTIERREZ', 14),
(569, 'JERUSALEN', 14),
(570, 'JUNIN', 14),
(571, 'LA CALERA', 14),
(572, 'LA MESA', 14),
(573, 'LA PALMA', 14),
(574, 'LA PEÑA', 14),
(575, 'LA VEGA', 14),
(576, 'LENGUAZAQUE', 14),
(577, 'MACHETA', 14),
(578, 'MADRID', 14),
(579, 'MANTA', 14),
(580, 'MEDINA', 14),
(581, 'MOSQUERA', 14),
(582, 'NARIÑO', 14),
(583, 'NEMOCON', 14),
(584, 'NILO', 14),
(585, 'NIMAIMA', 14),
(586, 'NOCAIMA', 14),
(587, 'VENECIA', 14),
(588, 'PACHO', 14),
(589, 'PAIME', 14),
(590, 'PANDI', 14),
(591, 'PARATEBUENO', 14),
(592, 'PASCA', 14),
(593, 'PUERTO SALGAR', 14),
(594, 'PULI', 14),
(595, 'QUEBRADANEGRA', 14),
(596, 'QUETAME', 14),
(597, 'QUIPILE', 14),
(598, 'APULO', 14),
(599, 'RICAURTE', 14),
(600, 'SAN ANTONIO DEL TEQUENDAMA', 14),
(601, 'SAN BERNARDO', 14),
(602, 'SAN CAYETANO', 14),
(603, 'SAN FRANCISCO', 14),
(604, 'SAN JUAN DE RIO SECO', 14),
(605, 'SASAIMA', 14),
(606, 'SESQUILE', 14),
(607, 'SIBATE', 14),
(608, 'SILVANIA', 14),
(609, 'SIMIJACA', 14),
(610, 'SOACHA', 14),
(611, 'SOPO', 14),
(612, 'SUBACHOQUE', 14),
(613, 'SUESCA', 14),
(614, 'SUPATA', 14),
(615, 'SUSA', 14),
(616, 'SUTATAUSA', 14),
(617, 'TABIO', 14),
(618, 'TAUSA', 14),
(619, 'TENA', 14),
(620, 'TENJO', 14),
(621, 'TIBACUY', 14),
(622, 'TIBIRITA', 14),
(623, 'TOCAIMA', 14),
(624, 'TOCANCIPA', 14),
(625, 'TOPAIPI', 14),
(626, 'UBALA', 14),
(627, 'UBAQUE', 14),
(628, 'VILLA DE SAN DIEGO DE UBATE', 14),
(629, 'UNE', 14),
(630, 'UTICA', 14),
(631, 'VERGARA', 14),
(632, 'VIANI', 14),
(633, 'VILLAGOMEZ', 14),
(634, 'VILLAPINZON', 14),
(635, 'VILLETA', 14),
(636, 'VIOTA', 14),
(637, 'YACOPI', 14),
(638, 'ZIPACON', 14),
(639, 'ZIPAQUIRA', 14),
(640, 'INIRIDA', 15),
(641, 'BARRANCO MINAS', 15),
(642, 'MAPIRIPANA', 15),
(643, 'SAN FELIPE', 15),
(644, 'PUERTO COLOMBIA', 15),
(645, 'LA GUADALUPE', 15),
(646, 'CACAHUAL', 15),
(647, 'PANA PANA', 15),
(648, 'MORICHAL', 15),
(649, 'SAN JOSE DEL GUAVIARE', 16),
(650, 'CALAMAR', 16),
(651, 'EL RETORNO', 16),
(652, 'MIRAFLORES', 16),
(653, 'NEIVA', 17),
(654, 'ACEVEDO', 17),
(655, 'AGRADO', 17),
(656, 'AIPE', 17),
(657, 'ALGECIRAS', 17),
(658, 'ALTAMIRA', 17),
(659, 'BARAYA', 17),
(660, 'CAMPOALEGRE', 17),
(661, 'COLOMBIA', 17),
(662, 'ELIAS', 17),
(663, 'GARZON', 17),
(664, 'GIGANTE', 17),
(665, 'GUADALUPE', 17),
(666, 'HOBO', 17),
(667, 'IQUIRA', 17),
(668, 'ISNOS', 17),
(669, 'LA ARGENTINA', 17),
(670, 'LA PLATA', 17),
(671, 'NATAGA', 17),
(672, 'OPORAPA', 17),
(673, 'PAICOL', 17),
(674, 'PALERMO', 17),
(675, 'PALESTINA', 17),
(676, 'PITAL', 17),
(677, 'PITALITO', 17),
(678, 'RIVERA', 17),
(679, 'SALADOBLANCO', 17),
(680, 'SAN AGUSTIN', 17),
(681, 'SANTA MARIA', 17),
(682, 'SUAZA', 17),
(683, 'TARQUI', 17),
(684, 'TESALIA', 17),
(685, 'TELLO', 17),
(686, 'TERUEL', 17),
(687, 'TIMANA', 17),
(688, 'VILLAVIEJA', 17),
(689, 'YAGUARA', 17),
(690, 'RIOHACHA', 18),
(691, 'ALBANIA', 18),
(692, 'BARRANCAS', 18),
(693, 'DIBULLA', 18),
(694, 'DISTRACCION', 18),
(695, 'EL MOLINO', 18),
(696, 'FONSECA', 18),
(697, 'HATONUEVO', 18),
(698, 'LA JAGUA DEL PILAR', 18),
(699, 'MAICAO', 18),
(700, 'MANAURE', 18),
(701, 'SAN JUAN DEL CESAR', 18),
(702, 'URIBIA', 18),
(703, 'URUMITA', 18),
(704, 'VILLANUEVA', 18),
(705, 'SANTA MARTA', 19),
(706, 'ALGARROBO', 19),
(707, 'ARACATACA', 19),
(708, 'ARIGUANI', 19),
(709, 'CERRO SAN ANTONIO', 19),
(710, 'CHIBOLO', 19),
(711, 'CIENAGA', 19),
(712, 'CONCORDIA', 19),
(713, 'EL BANCO', 19),
(714, 'EL PIÑON', 19),
(715, 'EL RETEN', 19),
(716, 'FUNDACION', 19),
(717, 'GUAMAL', 19),
(718, 'NUEVA GRANADA', 19),
(719, 'PEDRAZA', 19),
(720, 'PIJIÑO DEL CARMEN', 19),
(721, 'PIVIJAY', 19),
(722, 'PLATO', 19),
(723, 'PUEBLOVIEJO', 19),
(724, 'REMOLINO', 19),
(725, 'SABANAS DE SAN ANGEL', 19),
(726, 'SALAMINA', 19),
(727, 'SAN SEBASTIAN DE BUENAVISTA', 19),
(728, 'SAN ZENON', 19),
(729, 'SANTA ANA', 19),
(730, 'SANTA BARBARA DE PINTO', 19),
(731, 'SITIONUEVO', 19),
(732, 'TENERIFE', 19),
(733, 'ZAPAYAN', 19),
(734, 'ZONA BANANERA', 19),
(735, 'VILLAVICENCIO', 20),
(736, 'ACACIAS', 20),
(737, 'BARRANCA DE UPIA', 20),
(738, 'CABUYARO', 20),
(739, 'CASTILLA LA NUEVA', 20),
(740, 'CUBARRAL', 20),
(741, 'CUMARAL', 20),
(742, 'EL CALVARIO', 20),
(743, 'EL CASTILLO', 20),
(744, 'EL DORADO', 20),
(745, 'FUENTE DE ORO', 20),
(746, 'GRANADA', 20),
(747, 'GUAMAL', 20),
(748, 'MAPIRIPAN', 20),
(749, 'MESETAS', 20),
(750, 'LA MACARENA', 20),
(751, 'URIBE', 20),
(752, 'LEJANIAS', 20),
(753, 'PUERTO CONCORDIA', 20),
(754, 'PUERTO GAITAN', 20),
(755, 'PUERTO LOPEZ', 20),
(756, 'PUERTO LLERAS', 20),
(757, 'PUERTO RICO', 20),
(758, 'RESTREPO', 20),
(759, 'SAN CARLOS DE GUAROA', 20),
(760, 'SAN JUAN DE ARAMA', 20),
(761, 'SAN JUANITO', 20),
(762, 'SAN MARTIN', 20),
(763, 'VISTAHERMOSA', 20),
(764, 'CUCUTA', 21),
(765, 'ABREGO', 21),
(766, 'ARBOLEDAS', 21),
(767, 'BOCHALEMA', 21),
(768, 'BUCARASICA', 21),
(769, 'CACOTA', 21),
(770, 'CACHIRA', 21),
(771, 'CHINACOTA', 21),
(772, 'CHITAGA', 21),
(773, 'CONVENCION', 21),
(774, 'CUCUTILLA', 21),
(775, 'DURANIA', 21),
(776, 'EL CARMEN', 21),
(777, 'EL TARRA', 21),
(778, 'EL ZULIA', 21),
(779, 'GRAMALOTE', 21),
(780, 'HACARI', 21),
(781, 'HERRAN', 21),
(782, 'LABATECA', 21),
(783, 'LA ESPERANZA', 21),
(784, 'LA PLAYA', 21),
(785, 'LOS PATIOS', 21),
(786, 'LOURDES', 21),
(787, 'MUTISCUA', 21),
(788, 'OCAÑA', 21),
(789, 'PAMPLONA', 21),
(790, 'PAMPLONITA', 21),
(791, 'PUERTO SANTANDER', 21),
(792, 'RAGONVALIA', 21),
(793, 'SALAZAR', 21),
(794, 'SAN CALIXTO', 21),
(795, 'SAN CAYETANO', 21),
(796, 'SANTIAGO', 21),
(797, 'SARDINATA', 21),
(798, 'SILOS', 21),
(799, 'TEORAMA', 21),
(800, 'TIBU', 21),
(801, 'TOLEDO', 21),
(802, 'VILLA CARO', 21),
(803, 'VILLA DEL ROSARIO', 22),
(804, 'PASTO', 22),
(805, 'ALBAN', 22),
(806, 'ALDANA', 22),
(807, 'ANCUYA', 22),
(808, 'ARBOLEDA', 22),
(809, 'BARBACOAS', 22),
(810, 'BELEN', 22),
(811, 'BUESACO', 22),
(812, 'COLON', 22),
(813, 'CONSACA', 22),
(814, 'CONTADERO', 22),
(815, 'CORDOBA', 22),
(816, 'CUASPUD', 22),
(817, 'CUMBAL', 22),
(818, 'CUMBITARA', 22),
(819, 'CHACHAGsI', 22),
(820, 'EL CHARCO', 22),
(821, 'EL PEÑOL', 22),
(822, 'EL ROSARIO', 22),
(823, 'EL TABLON DE GOMEZ', 22),
(824, 'EL TAMBO', 22),
(825, 'FUNES', 22),
(826, 'GUACHUCAL', 22),
(827, 'GUAITARILLA', 22),
(828, 'GUALMATAN', 22),
(829, 'ILES', 22),
(830, 'IMUES', 22),
(831, 'IPIALES', 22),
(832, 'LA CRUZ', 22),
(833, 'LA FLORIDA', 22),
(834, 'LA LLANADA', 22),
(835, 'LA TOLA', 22),
(836, 'LA UNION', 22),
(837, 'LEIVA', 22),
(838, 'LINARES', 22),
(839, 'LOS ANDES', 22),
(840, 'MAGsI', 22),
(841, 'MALLAMA', 22),
(842, 'MOSQUERA', 22),
(843, 'NARIÑO', 22),
(844, 'OLAYA HERRERA', 22),
(845, 'OSPINA', 22),
(846, 'FRANCISCO PIZARRO', 22),
(847, 'POLICARPA', 22),
(848, 'POTOSI', 22),
(849, 'PROVIDENCIA', 22),
(850, 'PUERRES', 22),
(851, 'PUPIALES', 22),
(852, 'RICAURTE', 22),
(853, 'ROBERTO PAYAN', 22),
(854, 'SAMANIEGO', 22),
(855, 'SANDONA', 22),
(856, 'SAN BERNARDO', 22),
(857, 'SAN LORENZO', 22),
(858, 'SAN PABLO', 22),
(859, 'SAN PEDRO DE CARTAGO', 22),
(860, 'SANTA BARBARA', 22),
(861, 'SANTACRUZ', 22),
(862, 'SAPUYES', 22),
(863, 'TAMINANGO', 22),
(864, 'TANGUA', 22),
(865, 'SAN ANDRES DE TUMACO', 22),
(866, 'TUQUERRES', 22),
(867, 'YACUANQUER', 23),
(868, 'MOCOA', 23),
(869, 'COLON', 23),
(870, 'ORITO', 23),
(871, 'PUERTO ASIS', 23),
(872, 'PUERTO CAICEDO', 23),
(873, 'PUERTO GUZMAN', 23),
(874, 'LEGUIZAMO', 23),
(875, 'SIBUNDOY', 23),
(876, 'SAN FRANCISCO', 23),
(877, 'SAN MIGUEL', 23),
(878, 'SANTIAGO', 23),
(879, 'VALLE DEL GUAMUEZ', 23),
(880, 'VILLAGARZON', 24),
(881, 'ARMENIA', 24),
(882, 'BUENAVISTA', 24),
(883, 'CALARCA', 24),
(884, 'CIRCASIA', 24),
(885, 'CORDOBA', 24),
(886, 'FILANDIA', 24),
(887, 'GENOVA', 24),
(888, 'LA TEBAIDA', 24),
(889, 'MONTENEGRO', 24),
(890, 'PIJAO', 24),
(891, 'QUIMBAYA', 24),
(892, 'SALENTO', 25),
(893, 'PEREIRA', 25),
(894, 'APIA', 25),
(895, 'BALBOA', 25),
(896, 'BELEN DE UMBRIA', 25),
(897, 'DOSQUEBRADAS', 25),
(898, 'GUATICA', 25),
(899, 'LA CELIA', 25),
(900, 'LA VIRGINIA', 25),
(901, 'MARSELLA', 25),
(902, 'MISTRATO', 25),
(903, 'PUEBLO RICO', 25),
(904, 'QUINCHIA', 25),
(905, 'SANTA ROSA DE CABAL', 25),
(906, 'SANTUARIO', 25),
(907, 'SAN ANDRES', 26),
(908, 'PROVIDENCIA', 26),
(909, 'BUCARAMANGA', 27),
(910, 'AGUADA', 27),
(911, 'ALBANIA', 27),
(912, 'ARATOCA', 27),
(913, 'BARBOSA', 27),
(914, 'BARICHARA', 27),
(915, 'BARRANCABERMEJA', 27),
(916, 'BETULIA', 27),
(917, 'BOLIVAR', 27),
(918, 'CABRERA', 27),
(919, 'CALIFORNIA', 27),
(920, 'CAPITANEJO', 27),
(921, 'CARCASI', 27),
(922, 'CEPITA', 27),
(923, 'CERRITO', 27),
(924, 'CHARALA', 27),
(925, 'CHARTA', 27),
(926, 'CHIMA', 27),
(927, 'CHIPATA', 27),
(928, 'CIMITARRA', 27),
(929, 'CONCEPCION', 27),
(930, 'CONFINES', 27),
(931, 'CONTRATACION', 27),
(932, 'COROMORO', 27),
(933, 'CURITI', 27),
(934, 'EL CARMEN DE CHUCURI', 27),
(935, 'EL GUACAMAYO', 27),
(936, 'EL PEÑON', 27),
(937, 'EL PLAYON', 27),
(938, 'ENCINO', 27),
(939, 'ENCISO', 27),
(940, 'FLORIAN', 27),
(941, 'FLORIDABLANCA', 27),
(942, 'GALAN', 27),
(943, 'GAMBITA', 27),
(944, 'GIRON', 27),
(945, 'GUACA', 27),
(946, 'GUADALUPE', 27),
(947, 'GUAPOTA', 27),
(948, 'GUAVATA', 27),
(949, 'GsEPSA', 27),
(950, 'HATO', 27),
(951, 'JESUS MARIA', 27),
(952, 'JORDAN', 27),
(953, 'LA BELLEZA', 27),
(954, 'LANDAZURI', 27),
(955, 'LA PAZ', 27),
(956, 'LEBRIJA', 27),
(957, 'LOS SANTOS', 27),
(958, 'MACARAVITA', 27),
(959, 'MALAGA', 27),
(960, 'MATANZA', 27),
(961, 'MOGOTES', 27),
(962, 'MOLAGAVITA', 27),
(963, 'OCAMONTE', 27),
(964, 'OIBA', 27),
(965, 'ONZAGA', 27),
(966, 'PALMAR', 27),
(967, 'PALMAS DEL SOCORRO', 27),
(968, 'PARAMO', 27),
(969, 'PIEDECUESTA', 27),
(970, 'PINCHOTE', 27),
(971, 'PUENTE NACIONAL', 27),
(972, 'PUERTO PARRA', 27),
(973, 'PUERTO WILCHES', 27),
(974, 'RIONEGRO', 27),
(975, 'SABANA DE TORRES', 27),
(976, 'SAN ANDRES', 27),
(977, 'SAN BENITO', 27),
(978, 'SAN GIL', 27),
(979, 'SAN JOAQUIN', 27),
(980, 'SAN JOSE DE MIRANDA', 27),
(981, 'SAN MIGUEL', 27),
(982, 'SAN VICENTE DE CHUCURI', 27),
(983, 'SANTA BARBARA', 27),
(984, 'SANTA HELENA DEL OPON', 27),
(985, 'SIMACOTA', 27),
(986, 'SOCORRO', 27),
(987, 'SUAITA', 27),
(988, 'SUCRE', 27),
(989, 'SURATA', 27),
(990, 'TONA', 27),
(991, 'VALLE DE SAN JOSE', 27),
(992, 'VELEZ', 27),
(993, 'VETAS', 27),
(994, 'VILLANUEVA', 27),
(995, 'ZAPATOCA', 27),
(996, 'SINCELEJO', 28),
(997, 'BUENAVISTA', 28),
(1000, 'COROZAL', 28),
(1001, 'COVEÑAS', 28),
(1002, 'CHALAN', 28),
(1003, 'EL ROBLE', 28),
(1004, 'GALERAS', 28),
(1005, 'GUARANDA', 28),
(1006, 'LA UNION', 28),
(1007, 'LOS PALMITOS', 28),
(1008, 'MAJAGUAL', 28),
(1009, 'MORROA', 28),
(1010, 'OVEJAS', 28),
(1011, 'PALMITO', 28),
(1012, 'SAMPUES', 28),
(1013, 'SAN BENITO ABAD', 28),
(1014, 'SAN JUAN DE BETULIA', 28),
(1015, 'SAN MARCOS', 28),
(1016, 'SAN ONOFRE', 28),
(1017, 'SAN PEDRO', 28),
(1018, 'SAN LUIS DE SINCE', 28),
(1019, 'SUCRE', 28),
(1020, 'SANTIAGO DE TOLU', 28),
(1021, 'TOLU VIEJO', 28),
(1022, 'IBAGUE', 29),
(1023, 'ALPUJARRA', 29),
(1024, 'ALVARADO', 29),
(1025, 'AMBALEMA', 29),
(1026, 'ANZOATEGUI', 29),
(1027, 'ARMERO', 29),
(1028, 'ATACO', 29),
(1029, 'CAJAMARCA', 29),
(1030, 'CARMEN DE APICALA', 29),
(1031, 'CASABIANCA', 29),
(1032, 'CHAPARRAL', 29),
(1033, 'COELLO', 29),
(1034, 'COYAIMA', 29),
(1035, 'CUNDAY', 29),
(1036, 'DOLORES', 29),
(1037, 'ESPINAL', 29),
(1038, 'FALAN', 29),
(1039, 'FLANDES', 29),
(1040, 'FRESNO', 29),
(1041, 'GUAMO', 29),
(1042, 'HERVEO', 29),
(1043, 'HONDA', 29),
(1044, 'ICONONZO', 29),
(1045, 'LERIDA', 29),
(1046, 'LIBANO', 29),
(1047, 'MARIQUITA', 29),
(1048, 'MELGAR', 29),
(1049, 'MURILLO', 29),
(1050, 'NATAGAIMA', 29),
(1051, 'ORTEGA', 29),
(1052, 'PALOCABILDO', 29),
(1053, 'PIEDRAS', 29),
(1054, 'PLANADAS', 29),
(1055, 'PRADO', 29),
(1056, 'PURIFICACION', 29),
(1057, 'RIOBLANCO', 29),
(1058, 'RONCESVALLES', 29),
(1059, 'ROVIRA', 29),
(1060, 'SALDAÑA', 29),
(1061, 'SAN ANTONIO', 29),
(1062, 'SAN LUIS', 29),
(1063, 'SANTA ISABEL', 29),
(1064, 'SUAREZ', 29),
(1065, 'VALLE DE SAN JUAN', 29),
(1066, 'VENADILLO', 29),
(1067, 'VILLAHERMOSA', 29),
(1068, 'VILLARRICA', 29),
(1069, 'CALI', 30),
(1070, 'ALCALA', 30),
(1071, 'ANDALUCIA', 30),
(1072, 'ANSERMANUEVO', 30),
(1073, 'ARGELIA', 30),
(1074, 'BOLIVAR', 30),
(1075, 'BUENAVENTURA', 30),
(1076, 'GUADALAJARA DE BUGA', 30),
(1077, 'BUGALAGRANDE', 30),
(1078, 'CAICEDONIA', 30),
(1079, 'CALIMA', 30),
(1080, 'CANDELARIA', 30),
(1081, 'CARTAGO', 30),
(1082, 'DAGUA', 30),
(1083, 'EL AGUILA', 30),
(1084, 'EL CAIRO', 30),
(1085, 'EL CERRITO', 30),
(1086, 'EL DOVIO', 30),
(1087, 'FLORIDA', 30),
(1088, 'GINEBRA', 30),
(1089, 'GUACARI', 30),
(1090, 'JAMUNDI', 30),
(1091, 'LA CUMBRE', 30),
(1092, 'LA UNION', 30),
(1093, 'LA VICTORIA', 30),
(1094, 'OBANDO', 30),
(1095, 'PALMIRA', 30),
(1096, 'PRADERA', 30),
(1097, 'RESTREPO', 30),
(1098, 'RIOFRIO', 30),
(1099, 'ROLDANILLO', 30),
(1100, 'SAN PEDRO', 30),
(1101, 'SEVILLA', 30),
(1102, 'TORO', 30),
(1103, 'TRUJILLO', 30),
(1104, 'TULUA', 30),
(1105, 'ULLOA', 30),
(1106, 'VERSALLES', 30),
(1107, 'VIJES', 30),
(1108, 'YOTOCO', 30),
(1109, 'YUMBO', 30),
(1110, 'ZARZAL', 30),
(1111, 'MITU', 31),
(1112, 'CARURU', 31),
(1113, 'PACOA', 31),
(1114, 'TARAIRA', 31),
(1115, 'PAPUNAUA', 31),
(1116, 'YAVARATE', 31),
(1117, 'PUERTO CARREÑO', 32),
(1118, 'LA PRIMAVERA', 32),
(1119, 'SANTA ROSALIA', 32),
(1120, 'CUMARIBO', 32);

-- --------------------------------------------------------

--
-- Estructura de tabla para la tabla `CodigoInstitucion`
--

CREATE TABLE `CodigoInstitucion` (
  `codigoActivacion` varchar(45) DEFAULT NULL,
  `fechaCaducidad` datetime DEFAULT NULL,
  `estado` varchar(45) DEFAULT NULL,
  `idCodigoInstitucion` int(11) NOT NULL,
  `idInstitucion` int(11) NOT NULL
) ENGINE=InnoDB DEFAULT CHARSET=utf8;

--
-- Volcado de datos para la tabla `CodigoInstitucion`
--

INSERT INTO `CodigoInstitucion` (`codigoActivacion`, `fechaCaducidad`, `estado`, `idCodigoInstitucion`, `idInstitucion`) VALUES
('1024', '2018-11-09 00:00:00', 'activo', 1, 1);

-- --------------------------------------------------------

--
-- Estructura de tabla para la tabla `Departamento`
--

CREATE TABLE `Departamento` (
  `idDepartamento` int(11) NOT NULL,
  `nombre` varchar(45) DEFAULT NULL,
  `idPais` int(11) NOT NULL
) ENGINE=InnoDB DEFAULT CHARSET=utf8;

--
-- Volcado de datos para la tabla `Departamento`
--

INSERT INTO `Departamento` (`idDepartamento`, `nombre`, `idPais`) VALUES
(1, 'AMAZONAS', 1),
(2, 'ANTIOQUIA', 1),
(3, 'ARAUCA', 1),
(4, 'ATLANTICO', 1),
(5, 'BOLIVAR', 1),
(6, 'BOYACA', 1),
(7, 'CALDAS', 1),
(8, 'CAQUETA', 1),
(9, 'CASANARE', 1),
(10, 'CAUCA', 1),
(11, 'CESAR', 1),
(12, 'CHOCO', 1),
(13, 'CORDOBA', 1),
(14, 'CUNDINAMARCA', 1),
(15, 'GUAINIA', 1),
(16, 'GUAVIARE', 1),
(17, 'HUILA', 1),
(18, 'LA GUAJIRA', 1),
(19, 'MAGDALENA', 1),
(20, 'META', 1),
(21, 'N. DE SANTANDER', 1),
(22, 'NARIÑO', 1),
(23, 'PUTUMAYO', 1),
(24, 'QUINDIO', 1),
(25, 'RISARALDA', 1),
(26, 'SAN ANDRES', 1),
(27, 'SANTANDER', 1),
(28, 'SUCRE', 1),
(29, 'TOLIMA', 1),
(30, 'VALLE DEL CAUCA', 1),
(31, 'VAUPES', 1),
(32, 'VICHADA', 1);

-- --------------------------------------------------------

--
-- Estructura de tabla para la tabla `Encuesta`
--

CREATE TABLE `Encuesta` (
  `idEncuesta` int(11) NOT NULL,
  `fecha` datetime NOT NULL,
  `idEstudiante` int(11) NOT NULL,
  `personalidad` char(1) DEFAULT NULL,
  `idAreaProfesional` int(11) DEFAULT NULL,
  `idGrado` int(11) DEFAULT NULL
) ENGINE=InnoDB DEFAULT CHARSET=utf8;

--
-- Volcado de datos para la tabla `Encuesta`
--

INSERT INTO `Encuesta` (`idEncuesta`, `fecha`, `idEstudiante`, `personalidad`, `idAreaProfesional`, `idGrado`) VALUES
(1, '2018-11-17 02:24:13', 2, NULL, NULL, NULL),
(2, '2018-11-17 08:45:30', 2, NULL, NULL, NULL),
(3, '2018-11-17 13:51:23', 2, NULL, NULL, NULL),
(4, '2018-11-17 16:34:03', 2, NULL, NULL, NULL),
(5, '2018-11-17 16:37:47', 2, NULL, NULL, NULL),
(6, '2018-11-17 16:42:14', 2, NULL, NULL, NULL),
(7, '2018-11-17 19:20:39', 2, NULL, NULL, NULL),
(8, '2018-11-17 19:32:14', 2, NULL, NULL, NULL),
(9, '2018-11-17 20:10:43', 2, NULL, NULL, NULL),
(10, '2018-11-17 20:40:07', 2, NULL, NULL, NULL),
(11, '2018-11-17 21:01:04', 2, NULL, NULL, NULL),
(12, '2018-11-17 21:27:58', 2, NULL, NULL, NULL),
(13, '2018-11-17 22:09:36', 2, NULL, NULL, NULL),
(14, '2018-11-18 10:35:33', 2, NULL, NULL, NULL),
(15, '2018-11-18 11:55:09', 2, NULL, NULL, NULL),
(16, '2018-11-18 14:50:48', 2, NULL, NULL, NULL),
(17, '2018-11-18 14:53:46', 2, NULL, NULL, NULL),
(18, '2018-11-18 14:55:42', 2, NULL, NULL, NULL),
(19, '2018-11-18 20:25:16', 2, NULL, NULL, NULL),
(20, '2018-11-18 20:28:25', 2, NULL, NULL, NULL),
(21, '2018-11-18 21:37:53', 2, NULL, NULL, NULL),
(22, '2018-11-18 21:40:34', 2, NULL, NULL, NULL),
(23, '2018-11-18 22:11:06', 2, NULL, NULL, NULL),
(24, '2018-11-18 22:22:10', 2, NULL, NULL, NULL),
(25, '2018-11-21 20:59:17', 2, NULL, NULL, NULL),
(26, '2018-11-21 21:03:25', 2, NULL, NULL, NULL),
(27, '2018-11-21 21:08:03', 2, NULL, NULL, NULL),
(28, '2018-11-21 22:07:01', 2, NULL, NULL, NULL),
(29, '2018-11-22 21:25:20', 2, NULL, NULL, NULL),
(30, '2018-11-22 21:26:11', 2, NULL, NULL, NULL),
(31, '2018-11-22 22:13:49', 2, NULL, NULL, NULL),
(32, '2018-11-22 22:33:01', 2, NULL, NULL, NULL),
(33, '2018-11-22 22:42:36', 2, NULL, NULL, NULL),
(34, '2018-11-22 22:46:11', 2, NULL, NULL, NULL),
(35, '2018-11-24 21:33:49', 2, NULL, NULL, NULL),
(36, '2018-11-24 22:42:40', 2, NULL, NULL, NULL),
(37, '2018-11-24 22:52:39', 2, NULL, NULL, NULL),
(38, '2018-11-24 23:04:39', 2, NULL, NULL, NULL),
(39, '2018-11-25 16:38:46', 2, NULL, NULL, NULL),
(40, '2018-11-25 16:38:48', 2, NULL, NULL, NULL),
(41, '2018-11-25 16:45:48', 2, NULL, NULL, NULL),
(42, '2018-11-25 17:11:23', 2, NULL, NULL, NULL),
(43, '2018-11-25 17:17:41', 2, NULL, NULL, NULL),
(44, '2018-11-25 17:21:37', 2, NULL, NULL, NULL),
(45, '2018-11-25 17:21:40', 2, NULL, NULL, NULL),
(46, '2018-11-25 17:29:52', 2, NULL, NULL, NULL),
(47, '2018-11-25 17:44:15', 2, NULL, NULL, NULL),
(48, '2018-11-25 18:01:42', 2, NULL, NULL, NULL),
(49, '2018-11-25 18:08:40', 2, NULL, NULL, NULL),
(50, '2018-11-25 19:02:16', 2, NULL, NULL, NULL),
(51, '2018-11-25 21:39:34', 2, NULL, NULL, NULL),
(52, '2018-11-25 22:00:13', 2, NULL, NULL, NULL),
(53, '2018-11-25 22:23:01', 2, NULL, NULL, NULL),
(54, '2018-11-26 08:40:44', 2, NULL, NULL, NULL),
(55, '2018-11-26 09:02:16', 2, NULL, NULL, NULL),
(56, '2018-11-27 21:04:26', 2, NULL, NULL, NULL),
(57, '2018-11-27 21:13:11', 2, NULL, NULL, NULL),
(58, '2018-11-27 21:32:22', 2, NULL, NULL, NULL),
(59, '2018-11-27 22:15:00', 2, NULL, NULL, NULL),
(60, '2018-11-27 23:47:41', 2, NULL, NULL, NULL),
(61, '2018-11-27 23:49:10', 2, NULL, NULL, NULL),
(62, '2018-11-27 23:52:05', 2, NULL, NULL, NULL),
(63, '2018-11-27 23:56:51', 2, NULL, NULL, NULL),
(64, '2018-11-27 23:57:32', 2, NULL, NULL, NULL),
(65, '2018-11-28 07:47:26', 2, NULL, NULL, NULL),
(66, '2018-11-28 07:52:49', 2, NULL, NULL, NULL),
(67, '2018-11-28 07:53:54', 2, NULL, NULL, NULL),
(68, '2018-11-28 08:13:59', 2, NULL, NULL, NULL),
(69, '2018-11-28 08:20:51', 2, NULL, NULL, NULL);

-- --------------------------------------------------------

--
-- Estructura de tabla para la tabla `Estudiante`
--

CREATE TABLE `Estudiante` (
  `idPersona` int(11) NOT NULL,
  `idEstudiante` int(11) NOT NULL,
  `fechaIngreso` date DEFAULT NULL,
  `estrato` varchar(2) DEFAULT NULL,
  `cuantosViven` int(11) DEFAULT NULL,
  `cuantosTrabajan` int(11) DEFAULT NULL,
  `viveConPadres` tinyint(1) DEFAULT NULL,
  `desplazados` tinyint(1) DEFAULT NULL,
  `personalidad` varchar(45) DEFAULT NULL
) ENGINE=InnoDB DEFAULT CHARSET=utf8;

--
-- Volcado de datos para la tabla `Estudiante`
--

INSERT INTO `Estudiante` (`idPersona`, `idEstudiante`, `fechaIngreso`, `estrato`, `cuantosViven`, `cuantosTrabajan`, `viveConPadres`, `desplazados`, `personalidad`) VALUES
(1, 1, '2018-11-08', NULL, NULL, NULL, NULL, NULL, NULL),
(2, 2, '2018-11-22', '2', 3, 3, 0, 0, 'x|');

-- --------------------------------------------------------

--
-- Estructura de tabla para la tabla `Evaluacion`
--

CREATE TABLE `Evaluacion` (
  `idEvaluacion` int(11) NOT NULL,
  `idTipoAmbiente` int(11) NOT NULL,
  `enunciado` varchar(200) DEFAULT NULL
) ENGINE=InnoDB DEFAULT CHARSET=utf8;

-- --------------------------------------------------------

--
-- Estructura de tabla para la tabla `Grado`
--

CREATE TABLE `Grado` (
  `idGrado` int(11) NOT NULL,
  `idInstitucion` int(11) NOT NULL,
  `curso` varchar(45) NOT NULL,
  `grado` varchar(45) DEFAULT NULL
) ENGINE=InnoDB DEFAULT CHARSET=utf8;

-- --------------------------------------------------------

--
-- Estructura de tabla para la tabla `GrupoUsuario`
--

CREATE TABLE `GrupoUsuario` (
  `idGrupoUsuario` char(45) NOT NULL,
  `usuario` varchar(45) DEFAULT NULL,
  `idUsuario` int(11) NOT NULL
) ENGINE=InnoDB DEFAULT CHARSET=utf8;

--
-- Volcado de datos para la tabla `GrupoUsuario`
--

INSERT INTO `GrupoUsuario` (`idGrupoUsuario`, `usuario`, `idUsuario`) VALUES
('administrador', 'yes', 2),
('docente', 'andres', 3),
('estudiante', 'luis', 1);

-- --------------------------------------------------------

--
-- Estructura de tabla para la tabla `Institucion`
--

CREATE TABLE `Institucion` (
  `idInstitucion` int(11) NOT NULL,
  `Nombre` varchar(45) DEFAULT NULL,
  `nit` varchar(45) DEFAULT NULL,
  `dane` varchar(45) DEFAULT NULL
) ENGINE=InnoDB DEFAULT CHARSET=utf8;

--
-- Volcado de datos para la tabla `Institucion`
--

INSERT INTO `Institucion` (`idInstitucion`, `Nombre`, `nit`, `dane`) VALUES
(1, 'Rafael Pombo', '1234568', '13246412');

-- --------------------------------------------------------

--
-- Estructura de tabla para la tabla `Materia`
--

CREATE TABLE `Materia` (
  `idMateria` int(11) NOT NULL,
  `nombre` varchar(45) DEFAULT NULL,
  `Area_idArea` int(11) NOT NULL
) ENGINE=InnoDB DEFAULT CHARSET=utf8;

-- --------------------------------------------------------

--
-- Estructura de tabla para la tabla `Nota`
--

CREATE TABLE `Nota` (
  `idMateria` int(11) NOT NULL,
  `idEstudiante` int(11) NOT NULL,
  `idGrado` int(11) NOT NULL,
  `nota` varchar(45) DEFAULT NULL
) ENGINE=InnoDB DEFAULT CHARSET=utf8;

-- --------------------------------------------------------

--
-- Estructura de tabla para la tabla `Pais`
--

CREATE TABLE `Pais` (
  `idPais` int(11) NOT NULL,
  `nombre` varchar(45) DEFAULT NULL
) ENGINE=InnoDB DEFAULT CHARSET=utf8;

--
-- Volcado de datos para la tabla `Pais`
--

INSERT INTO `Pais` (`idPais`, `nombre`) VALUES
(1, 'Colombia'),
(2, 'Ecuador');

-- --------------------------------------------------------

--
-- Estructura de tabla para la tabla `Persona`
--

CREATE TABLE `Persona` (
  `idPersona` int(11) NOT NULL,
  `nombre` varchar(100) DEFAULT NULL,
  `apellido` varchar(100) DEFAULT NULL,
  `email` varchar(45) DEFAULT NULL,
  `direccion` varchar(45) DEFAULT NULL,
  `identificacion` varchar(45) DEFAULT NULL,
  `tipoIdentificacion` varchar(45) DEFAULT NULL,
  `fechaNacimiento` datetime DEFAULT NULL,
  `sexo` varchar(2) DEFAULT NULL,
  `celular` varchar(45) DEFAULT NULL,
  `idUsuario` int(11) NOT NULL,
  `tipo` varchar(45) DEFAULT NULL COMMENT 'admin\nestudiante\ndocente o representante',
  `idCiudad` int(11) DEFAULT NULL
) ENGINE=InnoDB DEFAULT CHARSET=utf8;

--
-- Volcado de datos para la tabla `Persona`
--

INSERT INTO `Persona` (`idPersona`, `nombre`, `apellido`, `email`, `direccion`, `identificacion`, `tipoIdentificacion`, `fechaNacimiento`, `sexo`, `celular`, `idUsuario`, `tipo`, `idCiudad`) VALUES
(1, 'luis', 'valdez', 'luis@gmail.es', 'carr', NULL, NULL, NULL, NULL, NULL, 1, 'estudiante', 1),
(2, 'yes', 'valdez', 'yes@gmail.es', 'carr', '1059', 'cedula', '2018-11-22 00:00:00', 'M', '310', 2, 'administrador', 1),
(3, 'andres', 'cruz', 'andres@gmail.es', 'carr', '196', 'cedula', '2018-11-01 00:00:00', 'M', '310', 3, 'docente', 1);

-- --------------------------------------------------------

--
-- Estructura de tabla para la tabla `Persona_CodigoInstitucion`
--

CREATE TABLE `Persona_CodigoInstitucion` (
  `fechaIngreso` datetime DEFAULT NULL,
  `idPersona` int(11) NOT NULL,
  `idCodigoInstitucion` int(11) NOT NULL
) ENGINE=InnoDB DEFAULT CHARSET=utf8;

--
-- Volcado de datos para la tabla `Persona_CodigoInstitucion`
--

INSERT INTO `Persona_CodigoInstitucion` (`fechaIngreso`, `idPersona`, `idCodigoInstitucion`) VALUES
('2018-11-09 00:00:00', 2, 1);

-- --------------------------------------------------------

--
-- Estructura de tabla para la tabla `PreguntaAmbiente`
--

CREATE TABLE `PreguntaAmbiente` (
  `idPreguntaAmbiente` int(11) NOT NULL,
  `enunciado` varchar(50) DEFAULT NULL,
  `idTipoAmbiente` int(11) NOT NULL,
  `urlImagen` varchar(100) DEFAULT NULL,
  `orden` int(11) DEFAULT NULL
) ENGINE=InnoDB DEFAULT CHARSET=utf8;

--
-- Volcado de datos para la tabla `PreguntaAmbiente`
--

INSERT INTO `PreguntaAmbiente` (`idPreguntaAmbiente`, `enunciado`, `idTipoAmbiente`, `urlImagen`, `orden`) VALUES
(1, 'Construir gabinetes de cocina', 1, '1-Construir-gabinetes-de-cosina.png', 1),
(2, 'Guardar dinero en un carro blindado', 1, '2-Guardar-dinero-en-un-carro-blindado.png', 2),
(3, 'Estudiar viajes al espacio', 2, '3-Estudiar-astronomia.png', 3),
(4, 'Hacer un mapa del fondo del oceano', 2, '4-Hacer-un-mapa-del-fondo-del-oceano.png', 4),
(5, 'Dirigir una orquesta sinfonica', 3, '5-Dirigir-una-orquesta-sinfonica.png', 5),
(6, 'Escribir historias o articulos para una revista o ', 3, '6-Escribir-historias-o-articulos-para-una-revista-o-periodico.png', 6),
(7, 'Enseñar un ejercicio o rutina individual', 4, '7-Ensenar-un-ejercicio-o-rutina-individual.png', 7),
(8, 'Hacer turnos de enfermeria en un hospital', 4, '8-Hacer-turnos-de-enfermeria-en-un-hospital.png', 8),
(9, 'Comprar titulos de deuda o mercancias', 5, '9-Comprar-titulos-de-deuda-o-mercancias.png', 9),
(10, 'Gerenciar un almacen de reventa', 5, '10-Gerenciar-un-almacen-de-reventa.png', 10),
(11, 'Desarrollar una hoja electronica en el computador', 6, '11-Desarrollar-una-hoja-electronica-en-el-computador.png', 11),
(12, 'Corregir formas y registros', 6, '12-Corregir-formas-y-registros.png', 12),
(13, 'Operar diariamente una finca', 1, '13-Operar-diariamente-una-finca.png', 13),
(14, 'Pegar ladrillos o azulejos', 1, '14-Pegar-ladrillos-o-azulejos.png', 14),
(15, 'Estudiar historias de civilizaciones pasadas', 2, '15-Estudiar-historias-de-civilizaciones-pasadas.png', 15),
(16, 'Estudiar comportamiento animal', 2, '16-Estudiar-comportamiento-animal.png', 16),
(17, 'Dirigir un juego', 3, '17-Dirigir-un-juego.png', 17),
(18, 'Crear danzas y rutinas para un show', 3, '18-Crear-danzas-y-rutinas-para-un-show.png', 18),
(19, 'Dar reanimacion cardiopulmonar a alguien quien lo ', 4, '19-Dar-reanimacion-cardiopulmonar-a-alguien-quien-lo-necesita.png', 19),
(20, 'Ayudar a la gente con sus problemas emocionales', 4, '20-Ayudar-a-la-gente-con-sus-problemas-emocionales.png', 20),
(21, 'Vender telefonos y equipos de telecomunicaciones', 5, '21-Vender-telefonos-y-equipos-de-telecomunicaciones.png', 21),
(22, 'Operar un salon de belleza o barbería', 5, '22-Operar-un-salon-de-belleza-o-barberia.png', 22),
(23, 'Usar un programa de computador para generar factur', 6, '23-Usar-un-programa-de-computador-para-generar-facturas.png', 23),
(24, 'Programar conferencias para una organización', 6, '24-Programar-conferencias-para-una-organizacion.png', 24),
(25, 'Trabajar en una linea de ensamble', 1, '25-Trabajar-en-una-linea-de-ensamble.png', 25),
(26, 'Reparar electrodomesticos', 1, '26-Reparar-electrodomesticos.png', 26),
(27, 'Desarrollar una nueva medicina', 2, '27-desarrollar-una-nueva-medicina.png', 27),
(28, 'Planear un estudio de investigacion', 2, '28-Planear-un-estudio-de-investigacion.png', 28),
(29, 'Escribir libros o juegos', 3, '29-Escribir-libros-o-juegos.png', 29),
(30, 'Tocar un instrumento musical', 3, '30-Tocar-un-instrumento-musical.png', 30),
(31, 'Enseñar a los niños a como leer', 4, '31-Ensenar-a-los-ninos-a-como-leer.png', 31),
(32, 'Trabajar con niños con discapacidad mental', 4, '32-Trabajar-con-ninos-con-discapacidad-mental.png', 32),
(33, 'Vender mercancias sobre el telefono', 5, '33-Vender-mercancias-sobre-el-telefono.png', 33),
(34, 'Guardar y comercializar revistas y periodicos', 5, '34-guardar-y-comercializar-revistas-periodicos.png', 34),
(35, 'Mantener cuentas de recibos y pagos', 6, '35-Mantener-cuentas-de-recibos-y-pagos.png', 35),
(36, 'Cargar software de computador en una gran red', 6, '36-Cargar-software-de-computador-en-una-gran-red.png', 36),
(37, 'Conducir un taxi', 1, '37-Conducir-un-taxi.png', 37),
(38, 'Instalar pisos en una casa', 1, '38-Instalar-pisos-en-una-casa.png', 38),
(39, 'Estudiar formas de reducir la contaminacion del ag', 2, '39-Estudiar-formas-de-reducir-la-contaminacion-del-agua.png', 39),
(40, 'Desarrollar un nuevo procedimiento para tratamient', 2, '40-Desarrollar-un-nuevo-procedimiento-para-tratamiento-medico.png', 40),
(41, 'Ejecutar rutinas de comedia en frente de una audie', 3, '41-Ejecutar-rutinas-de-comedia-en-frente-de-una-audiencia.png', 41),
(42, 'Actuar como un extra en una pelicula o show de tel', 3, '42-Actuar-como-un-extra-en-una-pelicula-o-show-de-television.png', 42),
(43, 'Enseñar en basica primaria', 4, '43-ensenar-en-basica-primaria.png', 43),
(44, 'Dar orientacion vocacional a las personas', 4, '44-Dar-orientacion-vocacional-a-las-personas.png', 44),
(45, 'Realizar una presentación de un producto que este ', 5, '45-Realizar-una-presentacion-de-un-producto-que-este-vendiendo.png', 45),
(46, 'Comprar y vender tierras', 5, '46-Comprar-y-vender-tierras.png', 46),
(47, 'Transferir fondos entre bancos usando un software ', 6, '47-TRANFERIR-TRABAJOS-USANDO-SOFWARE-DE-COMPUTADOR.png', 47),
(48, 'Programar reuniones de oficina', 6, '48-programar-reuniones-de-oficina.png', 48),
(49, 'Cargar pescado en una pesqueria', 1, '49-cargar-pescado-en-una-pescaderia.png', 49),
(50, 'Construir un muro de ladrillos', 1, '50-CONSTRUIR-UN-MURO-DE-LADRILLO.png', 50),
(51, 'Determinar el promedio de infeccion de una nueva e', 2, '51-Determinar-el-promedio-de-infeccion-de-una-nueva-enfermedad.png', 51),
(52, 'Estudiar rocas y minerales', 2, '52-Estudiar-rocas-y-minerales.png', 52),
(53, 'Escribir ensayos de libros o juegos', 3, '53-Escribir-ensayos-de-libros-o-juegos.png', 53),
(54, 'Componer o arreglar musica', 3, '54-Componer-o-arreglar-musica.png', 54),
(55, 'Supervisar actividades de niños en un campo', 4, '55-supervisar-actividades-de-ninos-en-un-campo.png', 55),
(56, 'Ayudar a gente con problemas familiares', 4, '56-AYUDAR-AGENTE-CON-PROBLEMAS-FAMILIARES.png', 56),
(57, 'Vender discos compactos en un almacen de musica', 5, '57-vender-discos-compactos-de-musica.png', 57),
(58, 'Administrar un almacen de juguetes', 5, '58-Administrar-un-almacen-de-juguetes.png', 58),
(59, 'Usar un procesador de texto para editar documentos', 6, '59-usar-un-procesador-de-texto-para-editar-un-documento.png', 59),
(60, 'Usar una calculadora', 6, '60-usar-una-calculadora.png', 60),
(61, 'Ensamblar partes electronicas', 1, '61-Ensamblar-partes-electronicas.png', 61),
(62, 'Conducir un camión para entregar paquetes en ofici', 1, '62-conducir-un-camion-para-entregar-paquetes-en-oficina-o-casas.png', 62),
(63, 'Diagnosticar o tratar enfermedades de animales', 2, '63-diagnosticar-o-tratar-enfermedades-de-animales..png', 63),
(64, 'Estudiar personalidades de lideres mundiales', 2, '64-Estudiar-personalidades-de-lideres-mundiales.png', 64),
(65, 'Actuar en una película', 3, '65-actuar-en-una-novela.png', 65),
(66, 'Bailar en un show de Broadway', 3, '66-BAILAR-EN-UN-SHOW-DE-BROADWAY.png', 66),
(67, 'Hacer terapia de rehabilitacion', 4, '67-hacer-terapia-de-reabilitacion.png', 67),
(68, 'Ser voluntario en una organización sin animo de lu', 4, '68-Ser-voluntario-en-una-organizacion-sin-animo-de-lucro.png', 68),
(69, 'Gerenciar la operación de un hotel', 5, '69-gerenciar-la-operacion-de-un-hotel.png', 69),
(70, 'Vender casas', 5, '70-veder-casas.png', 70),
(71, 'Transferir llamadas en una gran organización', 6, '71-Transferir-llamadas-en-una-gran-organizacion.png', 71),
(72, 'Ejecutar tareas de archivado en una oficina', 6, '72-Ejecutar-tareas-de-archivado-en-una-oficina.png', 72),
(73, 'Pintar casas', 1, '73-Pintar-casas.png', 73),
(74, 'Hacer cumplir las leyes de defensa a practicas de ', 1, '74-Hacer-cumplir-las-leyes-de-defensa-a-practicas-de-caza-deportiva.png', 74),
(75, 'Conducir experimentos quimicos', 2, '75-Conducir-experimentos-quimicos.png', 75),
(76, 'Conducir investigaciones biologicas', 2, '76-conducir-investigaciones-biologicas.png', 76),
(77, 'Pintar cuadros', 3, '77-pintando-cuadros.png', 77),
(78, 'Cantar profesionalmente', 3, '78-Cantar-profesionalmente.png', 78),
(79, 'Ayudar a gente anciana con los problemas de su vid', 4, '79-Ayudar-a-gente-anciana-con-los-problemas-de-su-vida-diaria.png', 79),
(80, 'Enseñar a los niños a como jugar un deporte', 4, '80-Ensenar-a-los-ninos-como-jugar-un-deporte.png', 80),
(81, 'Vender palomitas de maiz y dulces en un encuentro ', 5, '81-Vender-palomitas-de-maiz-y-dulces-en-un-encuentro-deportivo.png', 81),
(82, 'Gerenciar un supermercado', 5, '82-Gerenciar-un-supermercado.png', 82),
(83, 'Computar y registrar datos numericos y calculos es', 6, '83-computar-regustrar-datos-numericos-y-calculos-estadisticos.png', 83),
(84, 'Generar los pagos mensuales de cheques de una ofic', 6, '84-generar-los-pagos-mensuales-de-cheques-de-una-oficina.png', 84),
(85, 'Operar una maquina de ensamble', 1, '85-Operar-una-maquina-de-ensamble.png', 85),
(86, 'Trabajar en un pozo petrolero, extrayendo petroleo', 1, '86-Trabajar-en-un-pozo-petrolero-extrayendo-petroleo.png', 86),
(87, 'Estudiar el crecimiento de la poblacion de una ciu', 2, '87-Estudiar-el-crecimiento-de-la-poblacion-de-una-ciudad.png', 87),
(88, 'Estudiar ballenas y otros tipos de vida marina', 2, '88-Estudiar-ballenas-y-otros-tipos-de-vida-marina.png', 88),
(89, 'Realizar acrobacias en moto para una pelicula o pr', 3, '89-Realizar-acrobacias-en-moto-para-una-pelicula-o-programa-de-TV.png', 89),
(90, 'Crear efectos especiales para una pelicula', 3, '90-Crear-efectos-especiales-para-una-pelicula.png', 90),
(91, 'Ayudar a la gente para superar problemas diarios e', 4, '91-Ayudar-a-la-gente-para-superar-problemas-diarios-en-su-vida.png', 91),
(92, 'Enseñar a cantar a gente con problemas auditivos', 4, '92-Ensenar-a-cantar-gente-con-problemas-auditivos-codigo-8.png', 92),
(93, 'Gerenciar un departamento de una gran compañía', 5, '93-Gerenciar-un-departamento-de-una-gran-compania.png', 93),
(94, 'Vender bebidas suves o licores', 5, '94-Vender-bebidas-suves-o-licores1.png', 94),
(95, 'Tomar notas durante una reunion', 6, '95-Tomar-notas-durante-una-reunion.png', 95),
(96, 'Mantener almacenar y recibir registros', 6, '96-imagen-de-ALMACENAR-Y-RECIBIR-REGISTROS.png', 96),
(97, 'Ejecutar defensas como un abogado de alguien', 1, '97-ejecutar-defensas-como-un-abogado.png', 97),
(98, 'Ensamblar productos en una fabrica', 1, '98-Ensamblar-productos-en-una-fabrica.png', 98),
(99, 'Investigar Crimenes', 2, '99-Investigar-Crimenes.png', 99),
(100, 'Estudiar el movimiento de los planetas', 2, '100-Estudiar-el-movimiento-de-los-planetas.png', 100),
(101, 'Conducir un coro musical', 3, '101-Conducir-un-coro-musical.png', 101),
(102, 'Ser parte de un juego', 3, '102-Ser-parte-de-un-juego.png', 102),
(103, 'Ayudar a gente que tenga problemas con drogas o al', 4, '103-Ayudar-a-gente-que-tenga-problemas-con-drogas-o-alcohol.png', 103),
(104, 'Conducir un grupo de terapistas ', 4, '104-Conducir-un-grupo-de-terapistas-valeria-otoya.png', 104),
(105, 'Vender refrescos en un teatro durante una pelicula', 5, '105-Vender-refrescos-en-un-teatro-durante-una-pelicula.png', 105),
(106, 'Vender productos para cuidado del cabello en almac', 5, '106-Vender-productos-para-cuidar-el-cabello-en-almasenes-y-salones.png', 106),
(107, 'Calcular los salarios de los empleados (trabajar e', 6, '107-Calcular-los-salarios-de-los-empleados-(trabajar-en-nomina).png', 107),
(108, 'Trabajar en contabilidad', 6, '108-trabajar-en-contabilidad.png', 108),
(109, 'Ser miembro de un club de pesca', 1, '109-ser-miembro-de-un-club-de-pesca.png', 109),
(110, 'Arreglar o restaurar muebles', 1, '110-arreglar-o-restaurar-muebles.png', 110),
(111, 'Examinar muestras de sangre usando un microscopio', 2, '111-Examinar-muestras-de-sangre-usando-un-microscopio.png', 111),
(112, 'Investigar la causa de un fuego', 2, '112-causas-del-fuego.png', 112),
(113, 'Pintar conjuntos para juegos', 3, '113-Pintar-conjuntos-para-juegos.png', 113),
(114, 'Realizar audicion de cantantes para un coro musica', 3, '114-Realizar-audicion-de-cantantes-para-un-coro-musical.png', 114),
(115, 'Proveer masajes a las personas', 4, '115-hacer-masajes-a-personas.png', 115),
(116, 'Ayudar a personas con problemas familiares', 4, '116-Ayudar-a-personas-con-problemas-familiares.png', 116),
(117, 'Crear su propio negocio', 5, '117-Crear-su-propio-negocio.png', 117),
(118, 'Negociar contratos de negocio', 5, '118-Negociar-Contratos-de-Negocio-Yancarlo-Galindez-Hurtado-11-A.png', 118),
(119, 'Etiquetar sobres y paquetes', 6, '119-etiquetar-sobres-y-paquetes.png', 119),
(120, 'Realizar inventarios con un computador de mano', 6, '120-Realizar-inventarios-con-un-computador-de-mano.png', 120),
(121, 'Arreglar un plafon roto', 1, '121-Arreglar-un-plafon-roto.png', 121),
(122, 'Hacer servicio de mantenimiento o limpieza', 1, '122-hacer-servicio-de-mantenimiento-o-limpieza.png', 122),
(123, 'Estudiar la estructura del cuerpo humano', 2, '123-Estudiar-la-estructura-del-cuerpo-humano.png', 123),
(124, 'Desarrollar perfil psicologico de criminales', 2, '124-Desarrollar-perfil-psicologico-de-criminales.png', 124),
(125, 'Diseñar conjuntos para juegos', 3, '125-Disenar-conjuntos-para-juegos-Vanessa-J.png', 125),
(126, 'Anunciar un show de radio', 3, '126-Anunciar-un-show-de-radio.png', 126),
(127, 'Planear ejercicios para pacientes discapacitados', 4, '127-planear-ejercicios-para-pacientes-descapacitados.png', 127),
(128, 'Aconsejar a gente con problemas familiares', 4, '128-Aconsejar-a-gente-con-problemas-familiares.png', 128),
(129, 'Representar a un cliente en un juicio', 5, '129-REPRECENTAR-A-UN-CLIENTE-EN-UN-JUICIO.png', 129),
(130, 'Negociar contratos de profesionales atletas', 5, '130-Negociar-contratos-de-profesionales-atletas.png', 130),
(131, 'Desarrollar un sistema de archivo de una oficina', 6, '131-Desarrollar-un-sistema-de-archivo-de-una-oficina.png', 131),
(132, 'Manetener registros de transacciones financieras d', 6, '132-mantener-registros-de-transacciones-financieras-de-una-organizacion.png', 132),
(133, 'Mantener las zonas verdes de un parque', 1, '133-Mantener-las-zonas-verdes-de-un-parque.png', 133),
(134, 'Operar una maquina de produccion en linea', 1, '134-Operar-una-maquina-de-produccion-en-linea.png', 134),
(135, 'Desarrollar una forma de predecir el clima', 2, '135-Desarrollar-una-forma-de-predecir-el-clima.png', 135),
(136, 'Trabajar en un laboratorio biologico', 2, '136-Trabajar-en-un-laboratorio-biologico.png', 136),
(137, 'Escribir libretos para peliculas o programas de te', 3, '137-Escribir-libretos-para-peliculas-o-programas-de-television.png', 137),
(138, 'Escribir una cancion', 3, '138-Escribir-una-cancion.png', 138),
(139, 'Enseñar a trabajar y desarrollar habilidades para ', 4, '139-Ensenar-a-trabajar-y-desarrollar-habilidades-para-la-vida-a-gente-discapacitada.png', 139),
(140, 'Organizar actividades en un centro recreacional', 4, '140-Organizar-actividades-en-un-centro-recreacional.png', 140),
(141, 'Ser responsable por la operación de una gran compa', 5, '141-Ser-responsable-por-la-operacion-de-una-gran-compania.png', 141),
(142, 'Mercadear una nueva linea de ropa', 5, '142-Mercadear-una-nueva-linea-de-ropa.png', 142),
(143, 'Registrar cargos a la cuenta de un cliente', 6, '143-Registrar-cargos-a-la-cuenta-de-un-cliente.png', 143),
(144, 'Fotocopiar', 6, '144-Fotocopiar.png', 144),
(145, 'Fumigar arboles para prevenir insectos', 1, '145-Fumigar-arboles-para-prevenir-insectos.png', 145),
(146, 'Evaluar la calidad de un embarque antes de enviarl', 1, '146-Evaluar-la-calidad-de-un-embarque-antes-de-enviarlo.png', 146),
(147, 'Inventar un reemplazo para el azucar', 2, '147-Inventar-un-reemplazo-para-el-azucar.png', 147),
(148, 'Estudiar genetica', 2, '148-Estudiar-genetica.png', 148),
(149, 'Ejecutar una rutina de jazz', 3, '149-Ejecutar-una-rutina-de-jazz.png', 149),
(150, 'Dirigir una pelicula', 3, '150-Dirigir-una-pelicula.png', 150),
(151, 'Cuidar niños en una guarderia', 4, '151-Cuidar-ninos-en-una-guarderia.png', 151),
(152, 'Organizar viajes para gente discapacitada', 4, '152-Organizar-viajes-para-gente-discapacitada.png', 152),
(153, 'Vender avisos en periodico', 5, '153-Vender-avisos-en-periodico.png', 153),
(154, 'Vender mercancias en el departamento de un almacen', 5, '154-Vender-mercancias-en-el-departamento-de-un-almacen.png', 154),
(155, 'Registrar pagos de renta', 6, '155-Registrar-pagos-de-renta.png', 155),
(156, 'Entrar informacion en una base de datos', 6, '156-Entrar-informacion-en-una-base-de-datos.png', 156),
(157, 'Operar una lancha de motor', 1, '157-Operar-una-lancha-de-motor.png', 157),
(158, 'Reparar e instalar cerraduras', 1, '158-Reparar-e-instalar-cerraduras.png', 158),
(159, 'Estudiar gobiernos de diferentes paises', 2, '159-Estudiar-gobiernos-de-diferentes-paises.png', 159),
(160, 'Investigar plantas y animales', 2, '160-Investigar-plantas-y-animales.png', 160),
(161, 'Cantar en una banda', 3, '161-Cantar-en-una-banda.png', 161),
(162, 'Diseñar arte para una revista', 3, '162-Disenar-arte-para-una-revista.png', 162),
(163, 'Asistir a doctores en tratamiento de pacientes', 4, '163-Asistir-a-doctores-en-tratamiento-de-pacientes.png', 163),
(164, 'Trabajar con jovenes en libertad condicional', 4, '164-Trabajar-con-jovenes-en-libertad-condicional.png', 164),
(165, 'Vender automoviles', 5, '165-Vender-automoviles.png', 165),
(166, 'Gerenciar un almacen de ropa', 5, '166-Gerenciar-un-almacen-de-ropa.png', 166),
(167, 'Mantener registros de inventarios', 6, '167-Mantener-registros-de-inventarios.png', 167),
(168, 'Mantener registros de empleados', 6, '168-Mantener-registros-de-empleados.png', 168),
(169, 'Configurar y operar una maquina para hacer product', 1, '169-Configurar-y-operar-una-maquina-para-hacer-productos.png', 169),
(170, 'Apagar incendios', 1, '170-Apagar-incendios.png', 170),
(171, 'Hacer pruebas de laboratorio par identificar enfer', 2, '171-Hacer-pruebas-de-laboratorio-par-identificar-enfermedades.png', 171),
(172, 'Estudiar las condiciones del clima', 2, '172-Estudiar-las-condiciones-del-clima.png', 172),
(173, 'Editar peliculas', 3, '173-Editar-peliculas.png', 173),
(174, 'Posar para un fotografo', 3, '174-Posar-para-un-fotografo.png', 174),
(175, 'Proveer terapia fisica para recuperar a alguien de', 4, '175-Proveer-terapia-fisica-para-recuperar-a-alguien-de-una-lesion.png', 175),
(176, 'Enseñar en basica secundaria', 4, '176-Ensenar-en-basica-secundaria.png', 176),
(177, 'Vender franquicias a individuos', 5, '177-Vender-franquicias-a-individuos.png', 177),
(178, 'Vender partes de computador en un almacen', 5, '178-Vender-partes-de-computador-en-un-almacen.png', 178),
(179, 'Estampar organizar y distribuir correo en una orga', 6, '179-Estampar-organizar-y-distribuir-correo-en-una-organizacion.png', 179),
(180, 'Sostener transacciones bancarias con clientes.', 6, '180-Sostener-transacciones-bancarias-con-clientes.png', 180);

-- --------------------------------------------------------

--
-- Estructura de tabla para la tabla `PreguntaPersonalidad`
--

CREATE TABLE `PreguntaPersonalidad` (
  `idPreguntaPersonalidad` int(11) NOT NULL,
  `enunciado1` varchar(50) DEFAULT NULL,
  `idTipoPersonalidad` int(11) NOT NULL,
  `suma` tinyint(1) DEFAULT NULL,
  `orden` int(11) DEFAULT NULL,
  `enunciado2` varchar(50) DEFAULT NULL
) ENGINE=InnoDB DEFAULT CHARSET=utf8;

--
-- Volcado de datos para la tabla `PreguntaPersonalidad`
--

INSERT INTO `PreguntaPersonalidad` (`idPreguntaPersonalidad`, `enunciado1`, `idTipoPersonalidad`, `suma`, `orden`, `enunciado2`) VALUES
(1, '¿Haces listas?', 1, 1, 1, '¿Confías en la memoria?'),
(2, '¿Eres escéptico?', 2, 0, 2, '¿Deseas Creer?'),
(3, '¿Te aburres cuando estas solo?', 3, 0, 3, '¿Necesitas estar tiempo a solas?'),
(4, '¿Aceptas las cosas tal cual son?', 4, 1, 4, '¿Eres insatisfecho como son las cosas?'),
(5, '¿Mantienes la habitación limpia?', 1, 1, 5, '¿Pones las cosas donde quiera que sea?'),
(6, '¿Piensas que \"róbotico\" es un insulto?', 2, 1, 6, '¿Prefieres tener una mente mecánica?'),
(7, '¿Eres Enérgico?', 3, 0, 7, '¿Suave?'),
(8, '¿Prefieres tomar muchas alternativas o elecciones?', 4, 1, 8, '¿Prefieres usar una respuesta?'),
(9, '¿Caótico o desordenado?', 1, 0, 9, '¿Organizado?'),
(10, '¿Sonrojable?', 2, 1, 10, '¿Descarado?'),
(11, '¿Trabaja mejor en grupos?', 3, 0, 11, '¿Trabaja mejor solo?'),
(12, '¿Enfocado en el presente?', 4, 1, 12, '¿Enfocado en el futuro?'),
(13, '¿Planea a largo plazo?', 1, 1, 13, '¿Planea al ultimo minuto?'),
(14, '¿Desea el respeto de la gente?', 2, 0, 14, '¿Desea el amor de la gente?'),
(15, '¿Te desgastan las fiestas?', 3, 1, 15, '¿Te encienden las fiestas?'),
(16, '¿Te acoplas y adaptas?', 4, 1, 16, '¿Te impones?'),
(17, '¿Te muestras abierto a las opciones?', 1, 0, 17, '¿Decides y ejecutas?'),
(18, '¿Eres bueno arreglando cosas?', 2, 0, 18, '¿Eres bueno ayudando personas?'),
(19, '¿Hablas más?', 3, 0, 19, '¿Escuchas más?'),
(20, '¿Dices lo que pasó en un evento?', 4, 1, 20, '¿Dices lo que significa que haya ocurrido un event'),
(21, '¿Haces el trabajo al instante?', 1, 1, 21, '¿Esperas para hacer las cosas?'),
(22, '¿Sigues el corazón?', 2, 1, 22, '¿Sigues tu razón?'),
(23, '¿Permaneces en casa?', 3, 1, 23, '¿Te gusta salir al centro?'),
(24, '¿Deseas toda la pintura?', 4, 0, 24, '¿Deseas los detalles?'),
(25, '¿Improvisas?', 1, 0, 25, '¿Preparas?'),
(26, '¿Basas tu moralidad en justicia?', 2, 0, 26, '¿Basas tu moralidad en la compasión?'),
(27, '¿Se te hace escandaloso gritar así sea suavemente?', 3, 1, 27, '¿Gritas naturalmente, para llamar a otros que está'),
(28, '¿Teórico?', 4, 0, 28, '¿Empírico?'),
(29, '¿Trabajas duro?', 1, 1, 29, '¿Juegas duro?'),
(30, '¿Te incomodan las emociones?', 2, 0, 30, '¿Te sientes cómodo con las emociones?'),
(31, '¿Te sientes cómodo hablando frente a un publico?', 3, 0, 31, '¿Evitas hablar en público?'),
(32, '¿Buscas conocer, cómo, quien, cuando?', 4, 1, 32, '¿Buscas conocer, porqué?');

-- --------------------------------------------------------

--
-- Estructura de tabla para la tabla `RespuestaAmbiente`
--

CREATE TABLE `RespuestaAmbiente` (
  `idPreguntasAmbiente` int(11) NOT NULL,
  `idEncuesta` int(11) NOT NULL,
  `respuesta` float DEFAULT NULL
) ENGINE=InnoDB DEFAULT CHARSET=utf8;

--
-- Volcado de datos para la tabla `RespuestaAmbiente`
--

INSERT INTO `RespuestaAmbiente` (`idPreguntasAmbiente`, `idEncuesta`, `respuesta`) VALUES
(1, 6, NULL),
(1, 8, NULL),
(1, 9, NULL),
(1, 10, NULL),
(1, 11, NULL),
(1, 12, NULL),
(1, 13, NULL),
(1, 14, NULL),
(1, 16, NULL),
(1, 17, NULL),
(1, 18, NULL),
(1, 19, NULL),
(1, 24, NULL),
(1, 25, NULL),
(1, 27, NULL),
(1, 28, NULL),
(1, 29, NULL),
(1, 30, NULL),
(1, 31, NULL),
(1, 32, NULL),
(1, 33, NULL),
(1, 34, NULL),
(1, 36, NULL),
(1, 37, NULL),
(1, 38, NULL),
(1, 40, NULL),
(1, 41, NULL),
(1, 42, NULL),
(1, 43, NULL),
(1, 45, NULL),
(1, 46, NULL),
(1, 47, NULL),
(1, 48, NULL),
(1, 49, NULL),
(1, 50, NULL),
(1, 51, NULL),
(1, 52, NULL),
(1, 53, NULL),
(1, 54, NULL),
(1, 55, NULL),
(1, 56, NULL),
(1, 57, NULL),
(1, 58, NULL),
(1, 59, NULL),
(1, 60, NULL),
(1, 61, NULL),
(1, 62, NULL),
(1, 63, NULL),
(1, 64, NULL),
(1, 65, NULL),
(1, 66, NULL),
(1, 67, NULL),
(1, 68, NULL),
(1, 69, NULL),
(2, 6, NULL),
(2, 8, NULL),
(2, 9, NULL),
(2, 10, NULL),
(2, 11, NULL),
(2, 12, NULL),
(2, 13, NULL),
(2, 14, NULL),
(2, 16, NULL),
(2, 17, NULL),
(2, 18, NULL),
(2, 19, NULL),
(2, 24, NULL),
(2, 25, NULL),
(2, 27, NULL),
(2, 28, NULL),
(2, 29, NULL),
(2, 30, NULL),
(2, 31, NULL),
(2, 32, NULL),
(2, 33, NULL),
(2, 34, NULL),
(2, 36, NULL),
(2, 37, NULL),
(2, 38, NULL),
(2, 40, NULL),
(2, 41, NULL),
(2, 42, NULL),
(2, 43, NULL),
(2, 45, NULL),
(2, 46, NULL),
(2, 47, NULL),
(2, 48, NULL),
(2, 49, NULL),
(2, 50, NULL),
(2, 51, NULL),
(2, 52, NULL),
(2, 53, NULL),
(2, 54, NULL),
(2, 55, NULL),
(2, 56, NULL),
(2, 57, NULL),
(2, 58, NULL),
(2, 59, NULL),
(2, 60, NULL),
(2, 61, NULL),
(2, 62, NULL),
(2, 63, NULL),
(2, 64, NULL),
(2, 65, NULL),
(2, 66, NULL),
(2, 67, NULL),
(2, 68, NULL),
(2, 69, NULL),
(3, 6, NULL),
(3, 8, NULL),
(3, 9, NULL),
(3, 10, NULL),
(3, 11, NULL),
(3, 12, NULL),
(3, 13, NULL),
(3, 14, NULL),
(3, 16, NULL),
(3, 17, NULL),
(3, 18, NULL),
(3, 19, NULL),
(3, 24, NULL),
(3, 25, NULL),
(3, 27, NULL),
(3, 28, NULL),
(3, 29, NULL),
(3, 30, NULL),
(3, 31, NULL),
(3, 32, NULL),
(3, 33, NULL),
(3, 34, NULL),
(3, 36, NULL),
(3, 37, NULL),
(3, 38, NULL),
(3, 40, NULL),
(3, 41, NULL),
(3, 42, NULL),
(3, 43, NULL),
(3, 45, NULL),
(3, 46, NULL),
(3, 47, NULL),
(3, 48, NULL),
(3, 49, NULL),
(3, 50, NULL),
(3, 51, NULL),
(3, 52, NULL),
(3, 53, NULL),
(3, 54, NULL),
(3, 55, NULL),
(3, 56, NULL),
(3, 57, NULL),
(3, 58, NULL),
(3, 59, NULL),
(3, 60, NULL),
(3, 61, NULL),
(3, 62, NULL),
(3, 63, NULL),
(3, 64, NULL),
(3, 65, NULL),
(3, 66, NULL),
(3, 67, NULL),
(3, 68, NULL),
(3, 69, NULL),
(4, 6, NULL),
(4, 8, NULL),
(4, 9, NULL),
(4, 10, NULL),
(4, 11, NULL),
(4, 12, NULL),
(4, 13, NULL),
(4, 14, NULL),
(4, 16, NULL),
(4, 17, NULL),
(4, 18, NULL),
(4, 19, NULL),
(4, 24, NULL),
(4, 25, NULL),
(4, 27, NULL),
(4, 28, NULL),
(4, 29, NULL),
(4, 30, NULL),
(4, 31, NULL),
(4, 32, NULL),
(4, 33, NULL),
(4, 34, NULL),
(4, 36, NULL),
(4, 37, NULL),
(4, 38, NULL),
(4, 40, NULL),
(4, 41, NULL),
(4, 42, NULL),
(4, 43, NULL),
(4, 45, NULL),
(4, 46, NULL),
(4, 47, NULL),
(4, 48, NULL),
(4, 49, NULL),
(4, 50, NULL),
(4, 51, NULL),
(4, 52, NULL),
(4, 53, NULL),
(4, 54, NULL),
(4, 55, NULL),
(4, 56, NULL),
(4, 57, NULL),
(4, 58, NULL),
(4, 59, NULL),
(4, 60, NULL),
(4, 61, NULL),
(4, 62, NULL),
(4, 63, NULL),
(4, 64, NULL),
(4, 65, NULL),
(4, 66, NULL),
(4, 67, NULL),
(4, 68, NULL),
(4, 69, NULL),
(5, 6, NULL),
(5, 8, NULL),
(5, 9, NULL),
(5, 10, NULL),
(5, 11, NULL),
(5, 12, NULL),
(5, 13, NULL),
(5, 14, NULL),
(5, 16, NULL),
(5, 17, NULL),
(5, 18, NULL),
(5, 19, NULL),
(5, 24, NULL),
(5, 25, NULL),
(5, 27, NULL),
(5, 28, NULL),
(5, 29, NULL),
(5, 30, NULL),
(5, 31, NULL),
(5, 32, NULL),
(5, 33, NULL),
(5, 34, NULL),
(5, 36, NULL),
(5, 37, NULL),
(5, 38, NULL),
(5, 40, NULL),
(5, 41, NULL),
(5, 42, NULL),
(5, 43, NULL),
(5, 45, NULL),
(5, 46, NULL),
(5, 47, NULL),
(5, 48, NULL),
(5, 49, NULL),
(5, 50, NULL),
(5, 51, NULL),
(5, 52, NULL),
(5, 53, NULL),
(5, 54, NULL),
(5, 55, NULL),
(5, 56, NULL),
(5, 57, NULL),
(5, 58, NULL),
(5, 59, NULL),
(5, 60, NULL),
(5, 61, NULL),
(5, 62, NULL),
(5, 63, NULL),
(5, 64, NULL),
(5, 65, NULL),
(5, 66, NULL),
(5, 67, NULL),
(5, 68, NULL),
(5, 69, NULL),
(6, 6, NULL),
(6, 8, NULL),
(6, 9, NULL),
(6, 10, NULL),
(6, 11, NULL),
(6, 12, NULL),
(6, 13, NULL),
(6, 14, NULL),
(6, 16, NULL),
(6, 17, NULL),
(6, 18, NULL),
(6, 19, NULL),
(6, 24, NULL),
(6, 25, NULL),
(6, 27, NULL),
(6, 28, NULL),
(6, 29, NULL),
(6, 30, NULL),
(6, 31, NULL),
(6, 32, NULL),
(6, 33, NULL),
(6, 34, NULL),
(6, 36, NULL),
(6, 37, NULL),
(6, 38, NULL),
(6, 40, NULL),
(6, 41, NULL),
(6, 42, NULL),
(6, 43, NULL),
(6, 45, NULL),
(6, 46, NULL),
(6, 47, NULL),
(6, 48, NULL),
(6, 49, NULL),
(6, 50, NULL),
(6, 51, NULL),
(6, 52, NULL),
(6, 53, NULL),
(6, 54, NULL),
(6, 55, NULL),
(6, 56, NULL),
(6, 57, NULL),
(6, 58, NULL),
(6, 59, NULL),
(6, 60, NULL),
(6, 61, NULL),
(6, 62, NULL),
(6, 63, NULL),
(6, 64, NULL),
(6, 65, NULL),
(6, 66, NULL),
(6, 67, NULL),
(6, 68, NULL),
(6, 69, NULL),
(7, 6, NULL),
(7, 8, NULL),
(7, 9, NULL),
(7, 10, NULL),
(7, 11, NULL),
(7, 12, NULL),
(7, 13, NULL),
(7, 14, NULL),
(7, 16, NULL),
(7, 17, NULL),
(7, 18, NULL),
(7, 19, NULL),
(7, 24, NULL),
(7, 25, NULL),
(7, 27, NULL),
(7, 28, NULL),
(7, 29, NULL),
(7, 30, NULL),
(7, 31, NULL),
(7, 32, NULL),
(7, 33, NULL),
(7, 34, NULL),
(7, 36, NULL),
(7, 37, NULL),
(7, 38, NULL),
(7, 40, NULL),
(7, 41, NULL),
(7, 42, NULL),
(7, 43, NULL),
(7, 45, NULL),
(7, 46, NULL),
(7, 47, NULL),
(7, 48, NULL),
(7, 49, NULL),
(7, 50, NULL),
(7, 51, NULL),
(7, 52, NULL),
(7, 53, NULL),
(7, 54, NULL),
(7, 55, NULL),
(7, 56, NULL),
(7, 57, NULL),
(7, 58, NULL),
(7, 59, NULL),
(7, 60, NULL),
(7, 61, NULL),
(7, 62, NULL),
(7, 63, NULL),
(7, 64, NULL),
(7, 65, NULL),
(7, 66, NULL),
(7, 67, NULL),
(7, 68, NULL),
(7, 69, NULL),
(8, 6, NULL),
(8, 8, NULL),
(8, 9, NULL),
(8, 10, NULL),
(8, 11, NULL),
(8, 12, NULL),
(8, 13, NULL),
(8, 14, NULL),
(8, 16, NULL),
(8, 17, NULL),
(8, 18, NULL),
(8, 19, NULL),
(8, 24, NULL),
(8, 25, NULL),
(8, 27, NULL),
(8, 28, NULL),
(8, 29, NULL),
(8, 30, NULL),
(8, 31, NULL),
(8, 32, NULL),
(8, 33, NULL),
(8, 34, NULL),
(8, 36, NULL),
(8, 37, NULL),
(8, 38, NULL),
(8, 40, NULL),
(8, 41, NULL),
(8, 42, NULL),
(8, 43, NULL),
(8, 45, NULL),
(8, 46, NULL),
(8, 47, NULL),
(8, 48, NULL),
(8, 49, NULL),
(8, 50, NULL),
(8, 51, NULL),
(8, 52, NULL),
(8, 53, NULL),
(8, 54, NULL),
(8, 55, NULL),
(8, 56, NULL),
(8, 57, NULL),
(8, 58, NULL),
(8, 59, NULL),
(8, 60, NULL),
(8, 61, NULL),
(8, 62, NULL),
(8, 63, NULL),
(8, 64, NULL),
(8, 65, NULL),
(8, 66, NULL),
(8, 67, NULL),
(8, 68, NULL),
(8, 69, NULL),
(9, 6, NULL),
(9, 8, NULL),
(9, 9, NULL),
(9, 10, NULL),
(9, 11, NULL),
(9, 12, NULL),
(9, 13, NULL),
(9, 14, NULL),
(9, 16, NULL),
(9, 17, NULL),
(9, 18, NULL),
(9, 19, NULL),
(9, 24, NULL),
(9, 25, NULL),
(9, 27, NULL),
(9, 28, NULL),
(9, 29, NULL),
(9, 30, NULL),
(9, 31, NULL),
(9, 32, NULL),
(9, 33, NULL),
(9, 34, NULL),
(9, 36, NULL),
(9, 37, NULL),
(9, 38, NULL),
(9, 40, NULL),
(9, 41, NULL),
(9, 42, NULL),
(9, 43, NULL),
(9, 45, NULL),
(9, 46, NULL),
(9, 47, NULL),
(9, 48, NULL),
(9, 49, NULL),
(9, 50, NULL),
(9, 51, NULL),
(9, 52, NULL),
(9, 53, NULL),
(9, 54, NULL),
(9, 55, NULL),
(9, 56, NULL),
(9, 57, NULL),
(9, 58, NULL),
(9, 59, NULL),
(9, 60, NULL),
(9, 61, NULL),
(9, 62, NULL),
(9, 63, NULL),
(9, 64, NULL),
(9, 65, NULL),
(9, 66, NULL),
(9, 67, NULL),
(9, 68, NULL),
(9, 69, NULL),
(10, 6, NULL),
(10, 8, NULL),
(10, 9, NULL),
(10, 10, NULL),
(10, 11, NULL),
(10, 12, NULL),
(10, 13, NULL),
(10, 14, NULL),
(10, 16, NULL),
(10, 17, NULL),
(10, 18, NULL),
(10, 19, NULL),
(10, 24, NULL),
(10, 25, NULL),
(10, 27, NULL),
(10, 28, NULL),
(10, 29, NULL),
(10, 30, NULL),
(10, 31, NULL),
(10, 32, NULL),
(10, 33, NULL),
(10, 34, NULL),
(10, 36, NULL),
(10, 37, NULL),
(10, 38, NULL),
(10, 40, NULL),
(10, 41, NULL),
(10, 42, NULL),
(10, 43, NULL),
(10, 45, NULL),
(10, 46, NULL),
(10, 47, NULL),
(10, 48, NULL),
(10, 49, NULL),
(10, 50, NULL),
(10, 51, NULL),
(10, 52, NULL),
(10, 53, NULL),
(10, 54, NULL),
(10, 55, NULL),
(10, 56, NULL),
(10, 57, NULL),
(10, 58, NULL),
(10, 59, NULL),
(10, 60, NULL),
(10, 61, NULL),
(10, 62, NULL),
(10, 63, NULL),
(10, 64, NULL),
(10, 65, NULL),
(10, 66, NULL),
(10, 67, NULL),
(10, 68, NULL),
(10, 69, NULL),
(11, 6, NULL),
(11, 8, NULL),
(11, 9, NULL),
(11, 10, NULL),
(11, 11, NULL),
(11, 12, NULL),
(11, 13, NULL),
(11, 14, NULL),
(11, 16, NULL),
(11, 17, NULL),
(11, 18, NULL),
(11, 19, NULL),
(11, 24, NULL),
(11, 25, NULL),
(11, 27, NULL),
(11, 28, NULL),
(11, 29, NULL),
(11, 30, NULL),
(11, 31, NULL),
(11, 32, NULL),
(11, 33, NULL),
(11, 34, NULL),
(11, 36, NULL),
(11, 37, NULL),
(11, 38, NULL),
(11, 40, NULL),
(11, 41, NULL),
(11, 42, NULL),
(11, 43, NULL),
(11, 45, NULL),
(11, 46, NULL),
(11, 47, NULL),
(11, 48, NULL),
(11, 49, NULL),
(11, 50, NULL),
(11, 51, NULL),
(11, 52, NULL),
(11, 53, NULL),
(11, 54, NULL),
(11, 55, NULL),
(11, 56, NULL),
(11, 57, NULL),
(11, 58, NULL),
(11, 59, NULL),
(11, 60, NULL),
(11, 61, NULL),
(11, 62, NULL),
(11, 63, NULL),
(11, 64, NULL),
(11, 65, NULL),
(11, 66, NULL),
(11, 67, NULL),
(11, 68, NULL),
(11, 69, NULL),
(12, 6, NULL),
(12, 8, NULL),
(12, 9, NULL),
(12, 10, NULL),
(12, 11, NULL),
(12, 12, NULL),
(12, 13, NULL),
(12, 14, NULL),
(12, 16, NULL),
(12, 17, NULL),
(12, 18, NULL),
(12, 19, NULL),
(12, 24, NULL),
(12, 25, NULL),
(12, 27, NULL),
(12, 28, NULL),
(12, 29, NULL),
(12, 30, NULL),
(12, 31, NULL),
(12, 32, NULL),
(12, 33, NULL),
(12, 34, NULL),
(12, 36, NULL),
(12, 37, NULL),
(12, 38, NULL),
(12, 40, NULL),
(12, 41, NULL),
(12, 42, NULL),
(12, 43, NULL),
(12, 45, NULL),
(12, 46, NULL),
(12, 47, NULL),
(12, 48, NULL),
(12, 49, NULL),
(12, 50, NULL),
(12, 51, NULL),
(12, 52, NULL),
(12, 53, NULL),
(12, 54, NULL),
(12, 55, NULL),
(12, 56, NULL),
(12, 57, NULL),
(12, 58, NULL),
(12, 59, NULL),
(12, 60, NULL),
(12, 61, NULL),
(12, 62, NULL),
(12, 63, NULL),
(12, 64, NULL),
(12, 65, NULL),
(12, 66, NULL),
(12, 67, NULL),
(12, 68, NULL),
(12, 69, NULL),
(13, 6, NULL),
(13, 8, NULL),
(13, 9, NULL),
(13, 10, NULL),
(13, 11, NULL),
(13, 12, NULL),
(13, 13, NULL),
(13, 14, NULL),
(13, 16, NULL),
(13, 17, NULL),
(13, 18, NULL),
(13, 19, NULL),
(13, 24, NULL),
(13, 25, NULL),
(13, 27, NULL),
(13, 28, NULL),
(13, 29, NULL),
(13, 30, NULL),
(13, 31, NULL),
(13, 32, NULL),
(13, 33, NULL),
(13, 34, NULL),
(13, 36, NULL),
(13, 37, NULL),
(13, 38, NULL),
(13, 40, NULL),
(13, 41, NULL),
(13, 42, NULL),
(13, 43, NULL),
(13, 45, NULL),
(13, 46, NULL),
(13, 47, NULL),
(13, 48, NULL),
(13, 49, NULL),
(13, 50, NULL),
(13, 51, NULL),
(13, 52, NULL),
(13, 53, NULL),
(13, 54, NULL),
(13, 55, NULL),
(13, 56, NULL),
(13, 57, NULL),
(13, 58, NULL),
(13, 59, NULL),
(13, 60, NULL),
(13, 61, NULL),
(13, 62, NULL),
(13, 63, NULL),
(13, 64, NULL),
(13, 65, NULL),
(13, 66, NULL),
(13, 67, NULL),
(13, 68, NULL),
(13, 69, NULL),
(14, 6, NULL),
(14, 8, NULL),
(14, 9, NULL),
(14, 10, NULL),
(14, 11, NULL),
(14, 12, NULL),
(14, 13, NULL),
(14, 14, NULL),
(14, 16, NULL),
(14, 17, NULL),
(14, 18, NULL),
(14, 19, NULL),
(14, 24, NULL),
(14, 25, NULL),
(14, 27, NULL),
(14, 28, NULL),
(14, 29, NULL),
(14, 30, NULL),
(14, 31, NULL),
(14, 32, NULL),
(14, 33, NULL),
(14, 34, NULL),
(14, 36, NULL),
(14, 37, NULL),
(14, 38, NULL),
(14, 40, NULL),
(14, 41, NULL),
(14, 42, NULL),
(14, 43, NULL),
(14, 45, NULL),
(14, 46, NULL),
(14, 47, NULL),
(14, 48, NULL),
(14, 49, NULL),
(14, 50, NULL),
(14, 51, NULL),
(14, 52, NULL),
(14, 53, NULL),
(14, 54, NULL),
(14, 55, NULL),
(14, 56, NULL),
(14, 57, NULL),
(14, 58, NULL),
(14, 59, NULL),
(14, 60, NULL),
(14, 61, NULL),
(14, 62, NULL),
(14, 63, NULL),
(14, 64, NULL),
(14, 65, NULL),
(14, 66, NULL),
(14, 67, NULL),
(14, 68, NULL),
(14, 69, NULL),
(15, 6, NULL),
(15, 8, NULL),
(15, 9, NULL),
(15, 10, NULL),
(15, 11, NULL),
(15, 12, NULL),
(15, 13, NULL),
(15, 14, NULL),
(15, 16, NULL),
(15, 17, NULL),
(15, 18, NULL),
(15, 19, NULL),
(15, 24, NULL),
(15, 25, NULL),
(15, 27, NULL),
(15, 28, NULL),
(15, 29, NULL),
(15, 30, NULL),
(15, 31, NULL),
(15, 32, NULL),
(15, 33, NULL),
(15, 34, NULL),
(15, 36, NULL),
(15, 37, NULL),
(15, 38, NULL),
(15, 40, NULL),
(15, 41, NULL),
(15, 42, NULL),
(15, 43, NULL),
(15, 45, NULL),
(15, 46, NULL),
(15, 47, NULL),
(15, 48, NULL),
(15, 49, NULL),
(15, 50, NULL),
(15, 51, NULL),
(15, 52, NULL),
(15, 53, NULL),
(15, 54, NULL),
(15, 55, NULL),
(15, 56, NULL),
(15, 57, NULL),
(15, 58, NULL),
(15, 59, NULL),
(15, 60, NULL),
(15, 61, NULL),
(15, 62, NULL),
(15, 63, NULL),
(15, 64, NULL),
(15, 65, NULL),
(15, 66, NULL),
(15, 67, NULL),
(15, 68, NULL),
(15, 69, NULL),
(16, 6, NULL),
(16, 8, NULL),
(16, 9, NULL),
(16, 10, NULL),
(16, 11, NULL),
(16, 12, NULL),
(16, 13, NULL),
(16, 14, NULL),
(16, 16, NULL),
(16, 17, NULL),
(16, 18, NULL),
(16, 19, NULL),
(16, 24, NULL),
(16, 25, NULL),
(16, 27, NULL),
(16, 28, NULL),
(16, 29, NULL),
(16, 30, NULL),
(16, 31, NULL),
(16, 32, NULL),
(16, 33, NULL),
(16, 34, NULL),
(16, 36, NULL),
(16, 37, NULL),
(16, 38, NULL),
(16, 40, NULL),
(16, 41, NULL),
(16, 42, NULL),
(16, 43, NULL),
(16, 45, NULL),
(16, 46, NULL),
(16, 47, NULL),
(16, 48, NULL),
(16, 49, NULL),
(16, 50, NULL),
(16, 51, NULL),
(16, 52, NULL),
(16, 53, NULL),
(16, 54, NULL),
(16, 55, NULL),
(16, 56, NULL),
(16, 57, NULL),
(16, 58, NULL),
(16, 59, NULL),
(16, 60, NULL),
(16, 61, NULL),
(16, 62, NULL),
(16, 63, NULL),
(16, 64, NULL),
(16, 65, NULL),
(16, 66, NULL),
(16, 67, NULL),
(16, 68, NULL),
(16, 69, NULL),
(17, 6, NULL),
(17, 8, NULL),
(17, 9, NULL),
(17, 10, NULL),
(17, 11, NULL),
(17, 12, NULL),
(17, 13, NULL),
(17, 14, NULL),
(17, 16, NULL),
(17, 17, NULL),
(17, 18, NULL),
(17, 19, NULL),
(17, 24, NULL),
(17, 25, NULL),
(17, 27, NULL),
(17, 28, NULL),
(17, 29, NULL),
(17, 30, NULL),
(17, 31, NULL),
(17, 32, NULL),
(17, 33, NULL),
(17, 34, NULL),
(17, 36, NULL),
(17, 37, NULL),
(17, 38, NULL),
(17, 40, NULL),
(17, 41, NULL),
(17, 42, NULL),
(17, 43, NULL),
(17, 45, NULL),
(17, 46, NULL),
(17, 47, NULL),
(17, 48, NULL),
(17, 49, NULL),
(17, 50, NULL),
(17, 51, NULL),
(17, 52, NULL),
(17, 53, NULL),
(17, 54, NULL),
(17, 55, NULL),
(17, 56, NULL),
(17, 57, NULL),
(17, 58, NULL),
(17, 59, NULL),
(17, 60, NULL),
(17, 61, NULL),
(17, 62, NULL),
(17, 63, NULL),
(17, 64, NULL),
(17, 65, NULL),
(17, 66, NULL),
(17, 67, NULL),
(17, 68, NULL),
(17, 69, NULL),
(18, 6, NULL),
(18, 8, NULL),
(18, 9, NULL),
(18, 10, NULL),
(18, 11, NULL),
(18, 12, NULL),
(18, 13, NULL),
(18, 14, NULL),
(18, 16, NULL),
(18, 17, NULL),
(18, 18, NULL),
(18, 19, NULL),
(18, 24, NULL),
(18, 25, NULL),
(18, 27, NULL),
(18, 28, NULL),
(18, 29, NULL),
(18, 30, NULL),
(18, 31, NULL),
(18, 32, NULL),
(18, 33, NULL),
(18, 34, NULL),
(18, 36, NULL),
(18, 37, NULL),
(18, 38, NULL),
(18, 40, NULL),
(18, 41, NULL),
(18, 42, NULL),
(18, 43, NULL),
(18, 45, NULL),
(18, 46, NULL),
(18, 47, NULL),
(18, 48, NULL),
(18, 49, NULL),
(18, 50, NULL),
(18, 51, NULL),
(18, 52, NULL),
(18, 53, NULL),
(18, 54, NULL),
(18, 55, NULL),
(18, 56, NULL),
(18, 57, NULL),
(18, 58, NULL),
(18, 59, NULL),
(18, 60, NULL),
(18, 61, NULL),
(18, 62, NULL),
(18, 63, NULL),
(18, 64, NULL),
(18, 65, NULL),
(18, 66, NULL),
(18, 67, NULL),
(18, 68, NULL),
(18, 69, NULL),
(19, 6, NULL),
(19, 8, NULL),
(19, 9, NULL),
(19, 10, NULL),
(19, 11, NULL),
(19, 12, NULL),
(19, 13, NULL),
(19, 14, NULL),
(19, 16, NULL),
(19, 17, NULL),
(19, 18, NULL),
(19, 19, NULL),
(19, 24, NULL),
(19, 25, NULL),
(19, 27, NULL),
(19, 28, NULL),
(19, 29, NULL),
(19, 30, NULL),
(19, 31, NULL),
(19, 32, NULL),
(19, 33, NULL),
(19, 34, NULL),
(19, 36, NULL),
(19, 37, NULL),
(19, 38, NULL),
(19, 40, NULL),
(19, 41, NULL),
(19, 42, NULL),
(19, 43, NULL),
(19, 45, NULL),
(19, 46, NULL),
(19, 47, NULL),
(19, 48, NULL),
(19, 49, NULL),
(19, 50, NULL),
(19, 51, NULL),
(19, 52, NULL),
(19, 53, NULL),
(19, 54, NULL),
(19, 55, NULL),
(19, 56, NULL),
(19, 57, NULL),
(19, 58, NULL),
(19, 59, NULL),
(19, 60, NULL),
(19, 61, NULL),
(19, 62, NULL),
(19, 63, NULL),
(19, 64, NULL),
(19, 65, NULL),
(19, 66, NULL),
(19, 67, NULL),
(19, 68, NULL),
(19, 69, NULL),
(20, 6, NULL),
(20, 8, NULL),
(20, 9, NULL),
(20, 10, NULL),
(20, 11, NULL),
(20, 12, NULL),
(20, 13, NULL),
(20, 14, NULL),
(20, 16, NULL),
(20, 17, NULL),
(20, 18, NULL),
(20, 19, NULL),
(20, 24, NULL),
(20, 25, NULL),
(20, 27, NULL),
(20, 28, NULL),
(20, 29, NULL),
(20, 30, NULL),
(20, 31, NULL),
(20, 32, NULL),
(20, 33, NULL),
(20, 34, NULL),
(20, 36, NULL),
(20, 37, NULL),
(20, 38, NULL),
(20, 40, NULL),
(20, 41, NULL),
(20, 42, NULL),
(20, 43, NULL),
(20, 45, NULL),
(20, 46, NULL),
(20, 47, NULL),
(20, 48, NULL),
(20, 49, NULL),
(20, 50, NULL),
(20, 51, NULL),
(20, 52, NULL),
(20, 53, NULL),
(20, 54, NULL),
(20, 55, NULL),
(20, 56, NULL),
(20, 57, NULL),
(20, 58, NULL),
(20, 59, NULL),
(20, 60, NULL),
(20, 61, NULL),
(20, 62, NULL),
(20, 63, NULL),
(20, 64, NULL),
(20, 65, NULL),
(20, 66, NULL),
(20, 67, NULL),
(20, 68, NULL),
(20, 69, NULL),
(21, 6, NULL),
(21, 8, NULL),
(21, 9, NULL),
(21, 10, NULL),
(21, 11, NULL),
(21, 12, NULL),
(21, 13, NULL),
(21, 14, NULL),
(21, 16, NULL),
(21, 17, NULL),
(21, 18, NULL),
(21, 19, NULL),
(21, 24, NULL),
(21, 25, NULL),
(21, 27, NULL),
(21, 28, NULL),
(21, 29, NULL),
(21, 30, NULL),
(21, 31, NULL),
(21, 32, NULL),
(21, 33, NULL),
(21, 34, NULL),
(21, 36, NULL),
(21, 37, NULL),
(21, 38, NULL),
(21, 40, NULL),
(21, 41, NULL),
(21, 42, NULL),
(21, 43, NULL),
(21, 45, NULL),
(21, 46, NULL),
(21, 47, NULL),
(21, 48, NULL),
(21, 49, NULL),
(21, 50, NULL),
(21, 51, NULL),
(21, 52, NULL),
(21, 53, NULL),
(21, 54, NULL),
(21, 55, NULL),
(21, 56, NULL),
(21, 57, NULL),
(21, 58, NULL),
(21, 59, NULL),
(21, 60, NULL),
(21, 61, NULL),
(21, 62, NULL),
(21, 63, NULL),
(21, 64, NULL),
(21, 65, NULL),
(21, 66, NULL),
(21, 67, NULL),
(21, 68, NULL),
(21, 69, NULL),
(22, 6, NULL),
(22, 8, NULL),
(22, 9, NULL),
(22, 10, NULL),
(22, 11, NULL),
(22, 12, NULL),
(22, 13, NULL),
(22, 14, NULL),
(22, 16, NULL),
(22, 17, NULL),
(22, 18, NULL),
(22, 19, NULL),
(22, 24, NULL),
(22, 25, NULL),
(22, 27, NULL),
(22, 28, NULL),
(22, 29, NULL),
(22, 30, NULL),
(22, 31, NULL),
(22, 32, NULL),
(22, 33, NULL),
(22, 34, NULL),
(22, 36, NULL),
(22, 37, NULL),
(22, 38, NULL),
(22, 40, NULL),
(22, 41, NULL),
(22, 42, NULL),
(22, 43, NULL),
(22, 45, NULL),
(22, 46, NULL),
(22, 47, NULL),
(22, 48, NULL),
(22, 49, NULL),
(22, 50, NULL),
(22, 51, NULL),
(22, 52, NULL),
(22, 53, NULL),
(22, 54, NULL),
(22, 55, NULL),
(22, 56, NULL),
(22, 57, NULL),
(22, 58, NULL),
(22, 59, NULL),
(22, 60, NULL),
(22, 61, NULL),
(22, 62, NULL),
(22, 63, NULL),
(22, 64, NULL),
(22, 65, NULL),
(22, 66, NULL),
(22, 67, NULL),
(22, 68, NULL),
(22, 69, NULL),
(23, 6, NULL),
(23, 8, NULL),
(23, 9, NULL),
(23, 10, NULL),
(23, 11, NULL),
(23, 12, NULL),
(23, 13, NULL),
(23, 14, NULL),
(23, 16, NULL),
(23, 17, NULL),
(23, 18, NULL),
(23, 19, NULL),
(23, 24, NULL),
(23, 25, NULL),
(23, 27, NULL),
(23, 28, NULL),
(23, 29, NULL),
(23, 30, NULL),
(23, 31, NULL),
(23, 32, NULL),
(23, 33, NULL),
(23, 34, NULL),
(23, 36, NULL),
(23, 37, NULL),
(23, 38, NULL),
(23, 40, NULL),
(23, 41, NULL),
(23, 42, NULL),
(23, 43, NULL),
(23, 45, NULL),
(23, 46, NULL),
(23, 47, NULL),
(23, 48, NULL),
(23, 49, NULL),
(23, 50, NULL),
(23, 51, NULL),
(23, 52, NULL),
(23, 53, NULL),
(23, 54, NULL),
(23, 55, NULL),
(23, 56, NULL),
(23, 57, NULL),
(23, 58, NULL),
(23, 59, NULL),
(23, 60, NULL),
(23, 61, NULL),
(23, 62, NULL),
(23, 63, NULL),
(23, 64, NULL),
(23, 65, NULL),
(23, 66, NULL),
(23, 67, NULL),
(23, 68, NULL),
(23, 69, NULL),
(24, 6, NULL),
(24, 8, NULL),
(24, 9, NULL),
(24, 10, NULL),
(24, 11, NULL),
(24, 12, NULL),
(24, 13, NULL),
(24, 14, NULL),
(24, 16, NULL),
(24, 17, NULL),
(24, 18, NULL),
(24, 19, NULL),
(24, 24, NULL),
(24, 25, NULL),
(24, 27, NULL),
(24, 28, NULL),
(24, 29, NULL),
(24, 30, NULL),
(24, 31, NULL),
(24, 32, NULL),
(24, 33, NULL),
(24, 34, NULL),
(24, 36, NULL),
(24, 37, NULL),
(24, 38, NULL),
(24, 40, NULL),
(24, 41, NULL),
(24, 42, NULL),
(24, 43, NULL),
(24, 45, NULL),
(24, 46, NULL),
(24, 47, NULL),
(24, 48, NULL),
(24, 49, NULL),
(24, 50, NULL),
(24, 51, NULL),
(24, 52, NULL),
(24, 53, NULL),
(24, 54, NULL),
(24, 55, NULL),
(24, 56, NULL),
(24, 57, NULL),
(24, 58, NULL),
(24, 59, NULL),
(24, 60, NULL),
(24, 61, NULL),
(24, 62, NULL),
(24, 63, NULL),
(24, 64, NULL),
(24, 65, NULL),
(24, 66, NULL),
(24, 67, NULL),
(24, 68, NULL),
(24, 69, NULL),
(25, 6, NULL),
(25, 8, NULL),
(25, 9, NULL),
(25, 10, NULL),
(25, 11, NULL),
(25, 12, NULL),
(25, 13, NULL),
(25, 14, NULL),
(25, 16, NULL),
(25, 17, NULL),
(25, 18, NULL),
(25, 19, NULL),
(25, 24, NULL),
(25, 25, NULL),
(25, 27, NULL),
(25, 28, NULL),
(25, 29, NULL),
(25, 30, NULL),
(25, 31, NULL),
(25, 32, NULL),
(25, 33, NULL),
(25, 34, NULL),
(25, 36, NULL),
(25, 37, NULL),
(25, 38, NULL),
(25, 40, NULL),
(25, 41, NULL),
(25, 42, NULL),
(25, 43, NULL),
(25, 45, NULL),
(25, 46, NULL),
(25, 47, NULL),
(25, 48, NULL),
(25, 49, NULL),
(25, 50, NULL),
(25, 51, NULL),
(25, 52, NULL),
(25, 53, NULL),
(25, 54, NULL),
(25, 55, NULL),
(25, 56, NULL),
(25, 57, NULL),
(25, 58, NULL),
(25, 59, NULL),
(25, 60, NULL),
(25, 61, NULL),
(25, 62, NULL),
(25, 63, NULL),
(25, 64, NULL),
(25, 65, NULL),
(25, 66, NULL),
(25, 67, NULL),
(25, 68, NULL),
(25, 69, NULL),
(26, 6, NULL),
(26, 8, NULL),
(26, 9, NULL),
(26, 10, NULL),
(26, 11, NULL),
(26, 12, NULL),
(26, 13, NULL),
(26, 14, NULL),
(26, 16, NULL),
(26, 17, NULL),
(26, 18, NULL),
(26, 19, NULL),
(26, 24, NULL),
(26, 25, NULL),
(26, 27, NULL),
(26, 28, NULL),
(26, 29, NULL),
(26, 30, NULL),
(26, 31, NULL),
(26, 32, NULL),
(26, 33, NULL),
(26, 34, NULL),
(26, 36, NULL),
(26, 37, NULL),
(26, 38, NULL),
(26, 40, NULL),
(26, 41, NULL),
(26, 42, NULL),
(26, 43, NULL),
(26, 45, NULL),
(26, 46, NULL),
(26, 47, NULL),
(26, 48, NULL),
(26, 49, NULL),
(26, 50, NULL),
(26, 51, NULL),
(26, 52, NULL),
(26, 53, NULL),
(26, 54, NULL),
(26, 55, NULL),
(26, 56, NULL),
(26, 57, NULL),
(26, 58, NULL),
(26, 59, NULL),
(26, 60, NULL),
(26, 61, NULL),
(26, 62, NULL),
(26, 63, NULL),
(26, 64, NULL),
(26, 65, NULL),
(26, 66, NULL),
(26, 67, NULL),
(26, 68, NULL),
(26, 69, NULL),
(27, 6, NULL),
(27, 8, NULL),
(27, 9, NULL),
(27, 10, NULL),
(27, 11, NULL),
(27, 12, NULL),
(27, 13, NULL),
(27, 14, NULL),
(27, 16, NULL),
(27, 17, NULL),
(27, 18, NULL),
(27, 19, NULL),
(27, 24, NULL),
(27, 25, NULL),
(27, 27, NULL),
(27, 28, NULL),
(27, 29, NULL),
(27, 30, NULL),
(27, 31, NULL),
(27, 32, NULL),
(27, 33, NULL),
(27, 34, NULL),
(27, 36, NULL),
(27, 37, NULL),
(27, 38, NULL),
(27, 40, NULL),
(27, 41, NULL),
(27, 42, NULL),
(27, 43, NULL),
(27, 45, NULL),
(27, 46, NULL),
(27, 47, NULL),
(27, 48, NULL),
(27, 49, NULL),
(27, 50, NULL),
(27, 51, NULL),
(27, 52, NULL),
(27, 53, NULL),
(27, 54, NULL),
(27, 55, NULL),
(27, 56, NULL),
(27, 57, NULL),
(27, 58, NULL),
(27, 59, NULL),
(27, 60, NULL),
(27, 61, NULL),
(27, 62, NULL),
(27, 63, NULL),
(27, 64, NULL),
(27, 65, NULL),
(27, 66, NULL),
(27, 67, NULL),
(27, 68, NULL),
(27, 69, NULL),
(28, 6, NULL),
(28, 8, NULL),
(28, 9, NULL),
(28, 10, NULL),
(28, 11, NULL),
(28, 12, NULL),
(28, 13, NULL),
(28, 14, NULL),
(28, 16, NULL),
(28, 17, NULL),
(28, 18, NULL),
(28, 19, NULL),
(28, 24, NULL),
(28, 25, NULL),
(28, 27, NULL),
(28, 28, NULL),
(28, 29, NULL),
(28, 30, NULL),
(28, 31, NULL),
(28, 32, NULL),
(28, 33, NULL),
(28, 34, NULL),
(28, 36, NULL),
(28, 37, NULL),
(28, 38, NULL),
(28, 40, NULL),
(28, 41, NULL),
(28, 42, NULL),
(28, 43, NULL),
(28, 45, NULL),
(28, 46, NULL),
(28, 47, NULL),
(28, 48, NULL),
(28, 49, NULL),
(28, 50, NULL),
(28, 51, NULL),
(28, 52, NULL),
(28, 53, NULL),
(28, 54, NULL),
(28, 55, NULL),
(28, 56, NULL),
(28, 57, NULL),
(28, 58, NULL),
(28, 59, NULL),
(28, 60, NULL),
(28, 61, NULL),
(28, 62, NULL),
(28, 63, NULL),
(28, 64, NULL),
(28, 65, NULL),
(28, 66, NULL),
(28, 67, NULL),
(28, 68, NULL),
(28, 69, NULL),
(29, 6, NULL),
(29, 8, NULL),
(29, 9, NULL),
(29, 10, NULL),
(29, 11, NULL),
(29, 12, NULL),
(29, 13, NULL),
(29, 14, NULL),
(29, 16, NULL),
(29, 17, NULL),
(29, 18, NULL),
(29, 19, NULL),
(29, 24, NULL),
(29, 25, NULL),
(29, 27, NULL),
(29, 28, NULL),
(29, 29, NULL),
(29, 30, NULL),
(29, 31, NULL),
(29, 32, NULL),
(29, 33, NULL),
(29, 34, NULL),
(29, 36, NULL),
(29, 37, NULL),
(29, 38, NULL),
(29, 40, NULL),
(29, 41, NULL),
(29, 42, NULL),
(29, 43, NULL),
(29, 45, NULL),
(29, 46, NULL),
(29, 47, NULL),
(29, 48, NULL),
(29, 49, NULL),
(29, 50, NULL),
(29, 51, NULL),
(29, 52, NULL),
(29, 53, NULL),
(29, 54, NULL),
(29, 55, NULL),
(29, 56, NULL),
(29, 57, NULL),
(29, 58, NULL),
(29, 59, NULL),
(29, 60, NULL),
(29, 61, NULL),
(29, 62, NULL),
(29, 63, NULL),
(29, 64, NULL),
(29, 65, NULL),
(29, 66, NULL),
(29, 67, NULL),
(29, 68, NULL),
(29, 69, NULL),
(30, 6, NULL),
(30, 8, NULL),
(30, 9, NULL),
(30, 10, NULL),
(30, 11, NULL),
(30, 12, NULL),
(30, 13, NULL),
(30, 14, NULL),
(30, 16, NULL),
(30, 17, NULL),
(30, 18, NULL),
(30, 19, NULL),
(30, 24, NULL),
(30, 25, NULL),
(30, 27, NULL),
(30, 28, NULL),
(30, 29, NULL),
(30, 30, NULL),
(30, 31, NULL),
(30, 32, NULL),
(30, 33, NULL),
(30, 34, NULL),
(30, 36, NULL),
(30, 37, NULL),
(30, 38, NULL),
(30, 40, NULL),
(30, 41, NULL),
(30, 42, NULL),
(30, 43, NULL),
(30, 45, NULL),
(30, 46, NULL),
(30, 47, NULL),
(30, 48, NULL),
(30, 49, NULL),
(30, 50, NULL),
(30, 51, NULL),
(30, 52, NULL),
(30, 53, NULL),
(30, 54, NULL),
(30, 55, NULL),
(30, 56, NULL),
(30, 57, NULL),
(30, 58, NULL),
(30, 59, NULL),
(30, 60, NULL),
(30, 61, NULL),
(30, 62, NULL),
(30, 63, NULL),
(30, 64, NULL),
(30, 65, NULL),
(30, 66, NULL),
(30, 67, NULL),
(30, 68, NULL),
(30, 69, NULL),
(31, 6, NULL),
(31, 8, NULL),
(31, 9, NULL),
(31, 10, NULL),
(31, 11, NULL),
(31, 12, NULL),
(31, 13, NULL),
(31, 14, NULL),
(31, 16, NULL),
(31, 17, NULL),
(31, 18, NULL),
(31, 19, NULL),
(31, 24, NULL),
(31, 25, NULL),
(31, 27, NULL),
(31, 28, NULL),
(31, 29, NULL),
(31, 30, NULL),
(31, 31, NULL),
(31, 32, NULL),
(31, 33, NULL),
(31, 34, NULL),
(31, 36, NULL),
(31, 37, NULL),
(31, 38, NULL),
(31, 40, NULL),
(31, 41, NULL),
(31, 42, NULL),
(31, 43, NULL),
(31, 45, NULL),
(31, 46, NULL),
(31, 47, NULL),
(31, 48, NULL),
(31, 49, NULL),
(31, 50, NULL),
(31, 51, NULL),
(31, 52, NULL),
(31, 53, NULL),
(31, 54, NULL),
(31, 55, NULL),
(31, 56, NULL),
(31, 57, NULL),
(31, 58, NULL),
(31, 59, NULL),
(31, 60, NULL),
(31, 61, NULL),
(31, 62, NULL),
(31, 63, NULL),
(31, 64, NULL),
(31, 65, NULL),
(31, 66, NULL),
(31, 67, NULL),
(31, 68, NULL),
(31, 69, NULL),
(32, 6, NULL),
(32, 8, NULL),
(32, 9, NULL),
(32, 10, NULL),
(32, 11, NULL),
(32, 12, NULL),
(32, 13, NULL),
(32, 14, NULL),
(32, 16, NULL),
(32, 17, NULL),
(32, 18, NULL),
(32, 19, NULL),
(32, 24, NULL),
(32, 25, NULL),
(32, 27, NULL),
(32, 28, NULL),
(32, 29, NULL),
(32, 30, NULL),
(32, 31, NULL),
(32, 32, NULL),
(32, 33, NULL),
(32, 34, NULL),
(32, 36, NULL),
(32, 37, NULL),
(32, 38, NULL),
(32, 40, NULL),
(32, 41, NULL),
(32, 42, NULL),
(32, 43, NULL),
(32, 45, NULL),
(32, 46, NULL),
(32, 47, NULL),
(32, 48, NULL),
(32, 49, NULL),
(32, 50, NULL),
(32, 51, NULL),
(32, 52, NULL),
(32, 53, NULL),
(32, 54, NULL),
(32, 55, NULL),
(32, 56, NULL),
(32, 57, NULL),
(32, 58, NULL),
(32, 59, NULL),
(32, 60, NULL),
(32, 61, NULL),
(32, 62, NULL),
(32, 63, NULL),
(32, 64, NULL),
(32, 65, NULL),
(32, 66, NULL),
(32, 67, NULL),
(32, 68, NULL),
(32, 69, NULL),
(33, 6, NULL),
(33, 8, NULL),
(33, 9, NULL),
(33, 10, NULL),
(33, 11, NULL),
(33, 12, NULL),
(33, 13, NULL),
(33, 14, NULL),
(33, 16, NULL),
(33, 17, NULL),
(33, 18, NULL),
(33, 19, NULL),
(33, 24, NULL),
(33, 25, NULL),
(33, 27, NULL),
(33, 28, NULL),
(33, 29, NULL),
(33, 30, NULL),
(33, 31, NULL),
(33, 32, NULL),
(33, 33, NULL),
(33, 34, NULL),
(33, 36, NULL),
(33, 37, NULL),
(33, 38, NULL),
(33, 40, NULL),
(33, 41, NULL),
(33, 42, NULL),
(33, 43, NULL),
(33, 45, NULL),
(33, 46, NULL),
(33, 47, NULL),
(33, 48, NULL),
(33, 49, NULL),
(33, 50, NULL),
(33, 51, NULL),
(33, 52, NULL),
(33, 53, NULL),
(33, 54, NULL),
(33, 55, NULL),
(33, 56, NULL),
(33, 57, NULL),
(33, 58, NULL),
(33, 59, NULL),
(33, 60, NULL),
(33, 61, NULL),
(33, 62, NULL),
(33, 63, NULL),
(33, 64, NULL),
(33, 65, NULL),
(33, 66, NULL),
(33, 67, NULL),
(33, 68, NULL),
(33, 69, NULL),
(34, 6, NULL),
(34, 8, NULL),
(34, 9, NULL),
(34, 10, NULL),
(34, 11, NULL),
(34, 12, NULL),
(34, 13, NULL),
(34, 14, NULL),
(34, 16, NULL),
(34, 17, NULL),
(34, 18, NULL),
(34, 19, NULL),
(34, 24, NULL),
(34, 25, NULL),
(34, 27, NULL),
(34, 28, NULL),
(34, 29, NULL),
(34, 30, NULL),
(34, 31, NULL),
(34, 32, NULL),
(34, 33, NULL),
(34, 34, NULL),
(34, 36, NULL),
(34, 37, NULL),
(34, 38, NULL),
(34, 40, NULL),
(34, 41, NULL),
(34, 42, NULL),
(34, 43, NULL),
(34, 45, NULL),
(34, 46, NULL),
(34, 47, NULL),
(34, 48, NULL),
(34, 49, NULL),
(34, 50, NULL),
(34, 51, NULL),
(34, 52, NULL),
(34, 53, NULL),
(34, 54, NULL),
(34, 55, NULL),
(34, 56, NULL),
(34, 57, NULL),
(34, 58, NULL),
(34, 59, NULL),
(34, 60, NULL),
(34, 61, NULL),
(34, 62, NULL),
(34, 63, NULL),
(34, 64, NULL),
(34, 65, NULL),
(34, 66, NULL),
(34, 67, NULL),
(34, 68, NULL),
(34, 69, NULL),
(35, 6, NULL),
(35, 8, NULL),
(35, 9, NULL),
(35, 10, NULL),
(35, 11, NULL),
(35, 12, NULL),
(35, 13, NULL),
(35, 14, NULL),
(35, 16, NULL),
(35, 17, NULL),
(35, 18, NULL),
(35, 19, NULL),
(35, 24, NULL),
(35, 25, NULL),
(35, 27, NULL),
(35, 28, NULL),
(35, 29, NULL),
(35, 30, NULL),
(35, 31, NULL),
(35, 32, NULL),
(35, 33, NULL),
(35, 34, NULL),
(35, 36, NULL),
(35, 37, NULL),
(35, 38, NULL),
(35, 40, NULL),
(35, 41, NULL),
(35, 42, NULL),
(35, 43, NULL),
(35, 45, NULL),
(35, 46, NULL),
(35, 47, NULL),
(35, 48, NULL),
(35, 49, NULL),
(35, 50, NULL),
(35, 51, NULL),
(35, 52, NULL),
(35, 53, NULL),
(35, 54, NULL),
(35, 55, NULL),
(35, 56, NULL),
(35, 57, NULL),
(35, 58, NULL),
(35, 59, NULL),
(35, 60, NULL),
(35, 61, NULL),
(35, 62, NULL),
(35, 63, NULL),
(35, 64, NULL),
(35, 65, NULL),
(35, 66, NULL),
(35, 67, NULL),
(35, 68, NULL),
(35, 69, NULL),
(36, 6, NULL),
(36, 8, NULL),
(36, 9, NULL),
(36, 10, NULL),
(36, 11, NULL),
(36, 12, NULL),
(36, 13, NULL),
(36, 14, NULL),
(36, 16, NULL),
(36, 17, NULL),
(36, 18, NULL),
(36, 19, NULL),
(36, 24, NULL),
(36, 25, NULL),
(36, 27, NULL),
(36, 28, NULL),
(36, 29, NULL),
(36, 30, NULL),
(36, 31, NULL),
(36, 32, NULL),
(36, 33, NULL),
(36, 34, NULL),
(36, 36, NULL),
(36, 37, NULL),
(36, 38, NULL),
(36, 40, NULL),
(36, 41, NULL),
(36, 42, NULL),
(36, 43, NULL),
(36, 45, NULL),
(36, 46, NULL),
(36, 47, NULL),
(36, 48, NULL),
(36, 49, NULL),
(36, 50, NULL),
(36, 51, NULL),
(36, 52, NULL),
(36, 53, NULL),
(36, 54, NULL),
(36, 55, NULL),
(36, 56, NULL),
(36, 57, NULL),
(36, 58, NULL),
(36, 59, NULL),
(36, 60, NULL),
(36, 61, NULL),
(36, 62, NULL),
(36, 63, NULL),
(36, 64, NULL),
(36, 65, NULL),
(36, 66, NULL),
(36, 67, NULL),
(36, 68, NULL),
(36, 69, NULL),
(37, 6, NULL),
(37, 8, NULL),
(37, 9, NULL),
(37, 10, NULL),
(37, 11, NULL),
(37, 12, NULL),
(37, 13, NULL),
(37, 14, NULL),
(37, 16, NULL),
(37, 17, NULL),
(37, 18, NULL),
(37, 19, NULL),
(37, 24, NULL),
(37, 25, NULL),
(37, 27, NULL),
(37, 28, NULL),
(37, 29, NULL),
(37, 30, NULL),
(37, 31, NULL),
(37, 32, NULL),
(37, 33, NULL),
(37, 34, NULL),
(37, 36, NULL),
(37, 37, NULL),
(37, 38, NULL),
(37, 40, NULL),
(37, 41, NULL),
(37, 42, NULL),
(37, 43, NULL),
(37, 45, NULL),
(37, 46, NULL),
(37, 47, NULL),
(37, 48, NULL),
(37, 49, NULL),
(37, 50, NULL),
(37, 51, NULL),
(37, 52, NULL),
(37, 53, NULL),
(37, 54, NULL),
(37, 55, NULL),
(37, 56, NULL),
(37, 57, NULL),
(37, 58, NULL),
(37, 59, NULL),
(37, 60, NULL),
(37, 61, NULL),
(37, 62, NULL),
(37, 63, NULL),
(37, 64, NULL),
(37, 65, NULL),
(37, 66, NULL),
(37, 67, NULL),
(37, 68, NULL),
(37, 69, NULL),
(38, 6, NULL),
(38, 8, NULL),
(38, 9, NULL),
(38, 10, NULL),
(38, 11, NULL),
(38, 12, NULL),
(38, 13, NULL),
(38, 14, NULL),
(38, 16, NULL),
(38, 17, NULL),
(38, 18, NULL),
(38, 19, NULL),
(38, 24, NULL),
(38, 25, NULL),
(38, 27, NULL),
(38, 28, NULL),
(38, 29, NULL),
(38, 30, NULL),
(38, 31, NULL),
(38, 32, NULL),
(38, 33, NULL),
(38, 34, NULL),
(38, 36, NULL),
(38, 37, NULL),
(38, 38, NULL),
(38, 40, NULL),
(38, 41, NULL),
(38, 42, NULL),
(38, 43, NULL),
(38, 45, NULL),
(38, 46, NULL),
(38, 47, NULL),
(38, 48, NULL),
(38, 49, NULL),
(38, 50, NULL),
(38, 51, NULL),
(38, 52, NULL),
(38, 53, NULL),
(38, 54, NULL),
(38, 55, NULL),
(38, 56, NULL),
(38, 57, NULL),
(38, 58, NULL),
(38, 59, NULL),
(38, 60, NULL),
(38, 61, NULL),
(38, 62, NULL),
(38, 63, NULL),
(38, 64, NULL),
(38, 65, NULL),
(38, 66, NULL),
(38, 67, NULL),
(38, 68, NULL),
(38, 69, NULL),
(39, 6, NULL),
(39, 8, NULL),
(39, 9, NULL),
(39, 10, NULL),
(39, 11, NULL),
(39, 12, NULL),
(39, 13, NULL),
(39, 14, NULL),
(39, 16, NULL),
(39, 17, NULL),
(39, 18, NULL),
(39, 19, NULL),
(39, 24, NULL),
(39, 25, NULL),
(39, 27, NULL),
(39, 28, NULL),
(39, 29, NULL),
(39, 30, NULL),
(39, 31, NULL),
(39, 32, NULL),
(39, 33, NULL),
(39, 34, NULL),
(39, 36, NULL),
(39, 37, NULL),
(39, 38, NULL),
(39, 40, NULL),
(39, 41, NULL),
(39, 42, NULL),
(39, 43, NULL),
(39, 45, NULL),
(39, 46, NULL),
(39, 47, NULL),
(39, 48, NULL),
(39, 49, NULL),
(39, 50, NULL),
(39, 51, NULL),
(39, 52, NULL),
(39, 53, NULL),
(39, 54, NULL),
(39, 55, NULL),
(39, 56, NULL),
(39, 57, NULL),
(39, 58, NULL),
(39, 59, NULL),
(39, 60, NULL),
(39, 61, NULL),
(39, 62, NULL),
(39, 63, NULL),
(39, 64, NULL),
(39, 65, NULL),
(39, 66, NULL),
(39, 67, NULL),
(39, 68, NULL),
(39, 69, NULL),
(40, 6, NULL),
(40, 8, NULL),
(40, 9, NULL),
(40, 10, NULL),
(40, 11, NULL),
(40, 12, NULL),
(40, 13, NULL),
(40, 14, NULL),
(40, 16, NULL),
(40, 17, NULL),
(40, 18, NULL),
(40, 19, NULL),
(40, 24, NULL),
(40, 25, NULL),
(40, 27, NULL),
(40, 28, NULL),
(40, 29, NULL),
(40, 30, NULL),
(40, 31, NULL),
(40, 32, NULL),
(40, 33, NULL),
(40, 34, NULL),
(40, 36, NULL),
(40, 37, NULL),
(40, 38, NULL),
(40, 40, NULL),
(40, 41, NULL),
(40, 42, NULL),
(40, 43, NULL),
(40, 45, NULL),
(40, 46, NULL),
(40, 47, NULL),
(40, 48, NULL),
(40, 49, NULL),
(40, 50, NULL),
(40, 51, NULL),
(40, 52, NULL),
(40, 53, NULL),
(40, 54, NULL),
(40, 55, NULL),
(40, 56, NULL),
(40, 57, NULL),
(40, 58, NULL),
(40, 59, NULL),
(40, 60, NULL),
(40, 61, NULL),
(40, 62, NULL),
(40, 63, NULL),
(40, 64, NULL),
(40, 65, NULL),
(40, 66, NULL),
(40, 67, NULL),
(40, 68, NULL),
(40, 69, NULL),
(41, 6, NULL),
(41, 8, NULL),
(41, 9, NULL),
(41, 10, NULL),
(41, 11, NULL),
(41, 12, NULL),
(41, 13, NULL),
(41, 14, NULL),
(41, 16, NULL),
(41, 17, NULL),
(41, 18, NULL),
(41, 19, NULL),
(41, 24, NULL),
(41, 25, NULL),
(41, 27, NULL),
(41, 28, NULL),
(41, 29, NULL),
(41, 30, NULL),
(41, 31, NULL),
(41, 32, NULL),
(41, 33, NULL),
(41, 34, NULL),
(41, 36, NULL),
(41, 37, NULL),
(41, 38, NULL),
(41, 40, NULL),
(41, 41, NULL),
(41, 42, NULL),
(41, 43, NULL),
(41, 45, NULL),
(41, 46, NULL),
(41, 47, NULL),
(41, 48, NULL),
(41, 49, NULL),
(41, 50, NULL),
(41, 51, NULL),
(41, 52, NULL),
(41, 53, NULL),
(41, 54, NULL),
(41, 55, NULL),
(41, 56, NULL),
(41, 57, NULL),
(41, 58, NULL),
(41, 59, NULL),
(41, 60, NULL),
(41, 61, NULL),
(41, 62, NULL),
(41, 63, NULL),
(41, 64, NULL),
(41, 65, NULL),
(41, 66, NULL),
(41, 67, NULL),
(41, 68, NULL),
(41, 69, NULL),
(42, 6, NULL),
(42, 8, NULL),
(42, 9, NULL),
(42, 10, NULL),
(42, 11, NULL),
(42, 12, NULL),
(42, 13, NULL),
(42, 14, NULL),
(42, 16, NULL),
(42, 17, NULL),
(42, 18, NULL),
(42, 19, NULL),
(42, 24, NULL),
(42, 25, NULL),
(42, 27, NULL),
(42, 28, NULL),
(42, 29, NULL),
(42, 30, NULL),
(42, 31, NULL),
(42, 32, NULL),
(42, 33, NULL),
(42, 34, NULL),
(42, 36, NULL),
(42, 37, NULL),
(42, 38, NULL),
(42, 40, NULL),
(42, 41, NULL),
(42, 42, NULL),
(42, 43, NULL),
(42, 45, NULL),
(42, 46, NULL),
(42, 47, NULL),
(42, 48, NULL),
(42, 49, NULL),
(42, 50, NULL),
(42, 51, NULL),
(42, 52, NULL),
(42, 53, NULL),
(42, 54, NULL),
(42, 55, NULL),
(42, 56, NULL),
(42, 57, NULL),
(42, 58, NULL),
(42, 59, NULL),
(42, 60, NULL),
(42, 61, NULL),
(42, 62, NULL),
(42, 63, NULL),
(42, 64, NULL),
(42, 65, NULL),
(42, 66, NULL),
(42, 67, NULL),
(42, 68, NULL),
(42, 69, NULL),
(43, 6, NULL),
(43, 8, NULL),
(43, 9, NULL),
(43, 10, NULL),
(43, 11, NULL),
(43, 12, NULL),
(43, 13, NULL),
(43, 14, NULL),
(43, 16, NULL),
(43, 17, NULL),
(43, 18, NULL),
(43, 19, NULL),
(43, 24, NULL),
(43, 25, NULL),
(43, 27, NULL),
(43, 28, NULL),
(43, 29, NULL),
(43, 30, NULL),
(43, 31, NULL),
(43, 32, NULL),
(43, 33, NULL),
(43, 34, NULL),
(43, 36, NULL),
(43, 37, NULL),
(43, 38, NULL),
(43, 40, NULL),
(43, 41, NULL),
(43, 42, NULL),
(43, 43, NULL),
(43, 45, NULL),
(43, 46, NULL),
(43, 47, NULL),
(43, 48, NULL),
(43, 49, NULL),
(43, 50, NULL),
(43, 51, NULL),
(43, 52, NULL),
(43, 53, NULL),
(43, 54, NULL),
(43, 55, NULL),
(43, 56, NULL),
(43, 57, NULL),
(43, 58, NULL),
(43, 59, NULL),
(43, 60, NULL),
(43, 61, NULL),
(43, 62, NULL),
(43, 63, NULL),
(43, 64, NULL),
(43, 65, NULL),
(43, 66, NULL),
(43, 67, NULL),
(43, 68, NULL),
(43, 69, NULL),
(44, 6, NULL),
(44, 8, NULL),
(44, 9, NULL),
(44, 10, NULL),
(44, 11, NULL),
(44, 12, NULL),
(44, 13, NULL),
(44, 14, NULL),
(44, 16, NULL),
(44, 17, NULL),
(44, 18, NULL),
(44, 19, NULL),
(44, 24, NULL),
(44, 25, NULL),
(44, 27, NULL),
(44, 28, NULL),
(44, 29, NULL),
(44, 30, NULL),
(44, 31, NULL),
(44, 32, NULL),
(44, 33, NULL),
(44, 34, NULL),
(44, 36, NULL),
(44, 37, NULL),
(44, 38, NULL),
(44, 40, NULL),
(44, 41, NULL),
(44, 42, NULL),
(44, 43, NULL),
(44, 45, NULL),
(44, 46, NULL),
(44, 47, NULL),
(44, 48, NULL),
(44, 49, NULL),
(44, 50, NULL),
(44, 51, NULL),
(44, 52, NULL),
(44, 53, NULL),
(44, 54, NULL),
(44, 55, NULL),
(44, 56, NULL),
(44, 57, NULL),
(44, 58, NULL),
(44, 59, NULL),
(44, 60, NULL),
(44, 61, NULL),
(44, 62, NULL),
(44, 63, NULL),
(44, 64, NULL),
(44, 65, NULL),
(44, 66, NULL),
(44, 67, NULL),
(44, 68, NULL),
(44, 69, NULL),
(45, 6, NULL),
(45, 8, NULL),
(45, 9, NULL),
(45, 10, NULL),
(45, 11, NULL),
(45, 12, NULL),
(45, 13, NULL),
(45, 14, NULL),
(45, 16, NULL),
(45, 17, NULL),
(45, 18, NULL),
(45, 19, NULL),
(45, 24, NULL),
(45, 25, NULL),
(45, 27, NULL),
(45, 28, NULL),
(45, 29, NULL),
(45, 30, NULL),
(45, 31, NULL),
(45, 32, NULL),
(45, 33, NULL),
(45, 34, NULL),
(45, 36, NULL),
(45, 37, NULL),
(45, 38, NULL),
(45, 40, NULL),
(45, 41, NULL),
(45, 42, NULL),
(45, 43, NULL),
(45, 45, NULL),
(45, 46, NULL),
(45, 47, NULL),
(45, 48, NULL),
(45, 49, NULL),
(45, 50, NULL),
(45, 51, NULL),
(45, 52, NULL),
(45, 53, NULL),
(45, 54, NULL),
(45, 55, NULL),
(45, 56, NULL),
(45, 57, NULL),
(45, 58, NULL),
(45, 59, NULL),
(45, 60, NULL),
(45, 61, NULL),
(45, 62, NULL),
(45, 63, NULL),
(45, 64, NULL),
(45, 65, NULL),
(45, 66, NULL),
(45, 67, NULL),
(45, 68, NULL),
(45, 69, NULL),
(46, 6, NULL),
(46, 8, NULL),
(46, 9, NULL),
(46, 10, NULL),
(46, 11, NULL),
(46, 12, NULL),
(46, 13, NULL),
(46, 14, NULL),
(46, 16, NULL),
(46, 17, NULL),
(46, 18, NULL),
(46, 19, NULL),
(46, 24, NULL),
(46, 25, NULL),
(46, 27, NULL),
(46, 28, NULL),
(46, 29, NULL),
(46, 30, NULL),
(46, 31, NULL),
(46, 32, NULL),
(46, 33, NULL),
(46, 34, NULL),
(46, 36, NULL),
(46, 37, NULL),
(46, 38, NULL),
(46, 40, NULL),
(46, 41, NULL),
(46, 42, NULL),
(46, 43, NULL),
(46, 45, NULL),
(46, 46, NULL),
(46, 47, NULL),
(46, 48, NULL),
(46, 49, NULL),
(46, 50, NULL),
(46, 51, NULL),
(46, 52, NULL),
(46, 53, NULL),
(46, 54, NULL),
(46, 55, NULL),
(46, 56, NULL),
(46, 57, NULL),
(46, 58, NULL),
(46, 59, NULL),
(46, 60, NULL),
(46, 61, NULL),
(46, 62, NULL),
(46, 63, NULL),
(46, 64, NULL),
(46, 65, NULL),
(46, 66, NULL),
(46, 67, NULL),
(46, 68, NULL),
(46, 69, NULL),
(47, 6, NULL),
(47, 8, NULL),
(47, 9, NULL),
(47, 10, NULL),
(47, 11, NULL),
(47, 12, NULL),
(47, 13, NULL),
(47, 14, NULL),
(47, 16, NULL),
(47, 17, NULL),
(47, 18, NULL),
(47, 19, NULL),
(47, 24, NULL),
(47, 25, NULL),
(47, 27, NULL),
(47, 28, NULL),
(47, 29, NULL),
(47, 30, NULL),
(47, 31, NULL),
(47, 32, NULL),
(47, 33, NULL),
(47, 34, NULL),
(47, 36, NULL),
(47, 37, NULL),
(47, 38, NULL),
(47, 40, NULL),
(47, 41, NULL),
(47, 42, NULL),
(47, 43, NULL),
(47, 45, NULL),
(47, 46, NULL),
(47, 47, NULL),
(47, 48, NULL),
(47, 49, NULL),
(47, 50, NULL),
(47, 51, NULL),
(47, 52, NULL),
(47, 53, NULL),
(47, 54, NULL),
(47, 55, NULL),
(47, 56, NULL),
(47, 57, NULL),
(47, 58, NULL),
(47, 59, NULL),
(47, 60, NULL),
(47, 61, NULL),
(47, 62, NULL),
(47, 63, NULL),
(47, 64, NULL),
(47, 65, NULL),
(47, 66, NULL),
(47, 67, NULL),
(47, 68, NULL),
(47, 69, NULL),
(48, 6, NULL),
(48, 8, NULL),
(48, 9, NULL),
(48, 10, NULL),
(48, 11, NULL),
(48, 12, NULL),
(48, 13, NULL),
(48, 14, NULL),
(48, 16, NULL),
(48, 17, NULL),
(48, 18, NULL),
(48, 19, NULL),
(48, 24, NULL),
(48, 25, NULL),
(48, 27, NULL),
(48, 28, NULL),
(48, 29, NULL),
(48, 30, NULL),
(48, 31, NULL),
(48, 32, NULL),
(48, 33, NULL),
(48, 34, NULL),
(48, 36, NULL),
(48, 37, NULL),
(48, 38, NULL),
(48, 40, NULL),
(48, 41, NULL),
(48, 42, NULL),
(48, 43, NULL),
(48, 45, NULL),
(48, 46, NULL),
(48, 47, NULL),
(48, 48, NULL),
(48, 49, NULL),
(48, 50, NULL),
(48, 51, NULL),
(48, 52, NULL),
(48, 53, NULL),
(48, 54, NULL),
(48, 55, NULL),
(48, 56, NULL),
(48, 57, NULL),
(48, 58, NULL),
(48, 59, NULL),
(48, 60, NULL),
(48, 61, NULL),
(48, 62, NULL),
(48, 63, NULL),
(48, 64, NULL),
(48, 65, NULL),
(48, 66, NULL),
(48, 67, NULL),
(48, 68, NULL),
(48, 69, NULL),
(49, 6, NULL),
(49, 8, NULL),
(49, 9, NULL),
(49, 10, NULL),
(49, 11, NULL),
(49, 12, NULL),
(49, 13, NULL),
(49, 14, NULL),
(49, 16, NULL),
(49, 17, NULL),
(49, 18, NULL),
(49, 19, NULL),
(49, 24, NULL),
(49, 25, NULL),
(49, 27, NULL),
(49, 28, NULL),
(49, 29, NULL),
(49, 30, NULL),
(49, 31, NULL),
(49, 32, NULL),
(49, 33, NULL),
(49, 34, NULL),
(49, 36, NULL),
(49, 37, NULL),
(49, 38, NULL),
(49, 40, NULL),
(49, 41, NULL),
(49, 42, NULL),
(49, 43, NULL),
(49, 45, NULL),
(49, 46, NULL),
(49, 47, NULL),
(49, 48, NULL),
(49, 49, NULL),
(49, 50, NULL),
(49, 51, NULL),
(49, 52, NULL),
(49, 53, NULL),
(49, 54, NULL),
(49, 55, NULL),
(49, 56, NULL),
(49, 57, NULL),
(49, 58, NULL),
(49, 59, NULL),
(49, 60, NULL),
(49, 61, NULL),
(49, 62, NULL),
(49, 63, NULL),
(49, 64, NULL),
(49, 65, NULL),
(49, 66, NULL),
(49, 67, NULL),
(49, 68, NULL),
(49, 69, NULL),
(50, 6, NULL),
(50, 8, NULL),
(50, 9, NULL),
(50, 10, NULL),
(50, 11, NULL),
(50, 12, NULL),
(50, 13, NULL),
(50, 14, NULL),
(50, 16, NULL),
(50, 17, NULL),
(50, 18, NULL),
(50, 19, NULL),
(50, 24, NULL),
(50, 25, NULL),
(50, 27, NULL),
(50, 28, NULL),
(50, 29, NULL),
(50, 30, NULL),
(50, 31, NULL),
(50, 32, NULL),
(50, 33, NULL),
(50, 34, NULL),
(50, 36, NULL),
(50, 37, NULL),
(50, 38, NULL),
(50, 40, NULL),
(50, 41, NULL),
(50, 42, NULL),
(50, 43, NULL),
(50, 45, NULL),
(50, 46, NULL),
(50, 47, NULL),
(50, 48, NULL),
(50, 49, NULL),
(50, 50, NULL),
(50, 51, NULL),
(50, 52, NULL),
(50, 53, NULL),
(50, 54, NULL),
(50, 55, NULL),
(50, 56, NULL),
(50, 57, NULL),
(50, 58, NULL),
(50, 59, NULL),
(50, 60, NULL),
(50, 61, NULL),
(50, 62, NULL),
(50, 63, NULL),
(50, 64, NULL),
(50, 65, NULL),
(50, 66, NULL),
(50, 67, NULL),
(50, 68, NULL),
(50, 69, NULL),
(51, 6, NULL),
(51, 8, NULL),
(51, 9, NULL),
(51, 10, NULL),
(51, 11, NULL),
(51, 12, NULL),
(51, 13, NULL),
(51, 14, NULL),
(51, 16, NULL),
(51, 17, NULL),
(51, 18, NULL),
(51, 19, NULL),
(51, 24, NULL),
(51, 25, NULL),
(51, 27, NULL),
(51, 28, NULL),
(51, 29, NULL),
(51, 30, NULL),
(51, 31, NULL),
(51, 32, NULL),
(51, 33, NULL),
(51, 34, NULL),
(51, 36, NULL),
(51, 37, NULL),
(51, 38, NULL),
(51, 40, NULL),
(51, 41, NULL),
(51, 42, NULL),
(51, 43, NULL),
(51, 46, NULL),
(51, 47, NULL),
(51, 48, NULL),
(51, 49, NULL),
(51, 51, NULL),
(51, 52, NULL),
(51, 53, NULL),
(51, 54, NULL),
(51, 55, NULL),
(51, 56, NULL),
(51, 57, NULL),
(51, 58, NULL),
(51, 59, NULL),
(51, 60, NULL),
(51, 61, NULL),
(51, 62, NULL),
(51, 63, NULL),
(51, 64, NULL),
(51, 65, NULL),
(51, 66, NULL),
(51, 67, NULL),
(51, 68, NULL),
(51, 69, NULL),
(52, 6, NULL),
(52, 8, NULL),
(52, 9, NULL),
(52, 10, NULL),
(52, 11, NULL),
(52, 12, NULL),
(52, 13, NULL),
(52, 14, NULL),
(52, 16, NULL),
(52, 17, NULL),
(52, 18, NULL),
(52, 19, NULL),
(52, 24, NULL),
(52, 25, NULL),
(52, 27, NULL),
(52, 28, NULL),
(52, 29, NULL),
(52, 30, NULL),
(52, 31, NULL),
(52, 32, NULL),
(52, 33, NULL),
(52, 34, NULL),
(52, 36, NULL),
(52, 37, NULL),
(52, 38, NULL),
(52, 40, NULL),
(52, 41, NULL),
(52, 42, NULL),
(52, 43, NULL),
(52, 46, NULL),
(52, 47, NULL),
(52, 48, NULL),
(52, 49, NULL),
(52, 51, NULL),
(52, 52, NULL),
(52, 53, NULL),
(52, 54, NULL),
(52, 55, NULL),
(52, 56, NULL),
(52, 57, NULL),
(52, 58, NULL),
(52, 59, NULL),
(52, 60, NULL),
(52, 61, NULL),
(52, 62, NULL),
(52, 63, NULL),
(52, 64, NULL),
(52, 65, NULL),
(52, 66, NULL),
(52, 67, NULL),
(52, 68, NULL),
(52, 69, NULL),
(53, 6, NULL),
(53, 8, NULL),
(53, 9, NULL),
(53, 10, NULL),
(53, 11, NULL),
(53, 12, NULL),
(53, 13, NULL),
(53, 14, NULL),
(53, 16, NULL),
(53, 17, NULL),
(53, 18, NULL),
(53, 19, NULL),
(53, 24, NULL),
(53, 25, NULL),
(53, 27, NULL),
(53, 28, NULL),
(53, 29, NULL),
(53, 30, NULL),
(53, 31, NULL),
(53, 32, NULL),
(53, 33, NULL),
(53, 34, NULL),
(53, 36, NULL),
(53, 37, NULL),
(53, 38, NULL),
(53, 40, NULL),
(53, 41, NULL),
(53, 42, NULL),
(53, 43, NULL),
(53, 46, NULL),
(53, 47, NULL),
(53, 48, NULL),
(53, 49, NULL),
(53, 51, NULL),
(53, 52, NULL),
(53, 53, NULL),
(53, 54, NULL),
(53, 55, NULL),
(53, 56, NULL),
(53, 57, NULL),
(53, 58, NULL),
(53, 59, NULL),
(53, 60, NULL),
(53, 61, NULL),
(53, 62, NULL),
(53, 63, NULL),
(53, 64, NULL),
(53, 65, NULL),
(53, 66, NULL),
(53, 67, NULL),
(53, 68, NULL),
(53, 69, NULL),
(54, 6, NULL),
(54, 8, NULL),
(54, 9, NULL),
(54, 10, NULL),
(54, 11, NULL),
(54, 12, NULL),
(54, 13, NULL),
(54, 14, NULL),
(54, 16, NULL),
(54, 17, NULL),
(54, 18, NULL),
(54, 19, NULL),
(54, 24, NULL),
(54, 25, NULL),
(54, 27, NULL),
(54, 28, NULL),
(54, 29, NULL),
(54, 30, NULL),
(54, 31, NULL),
(54, 32, NULL),
(54, 33, NULL),
(54, 34, NULL),
(54, 36, NULL),
(54, 37, NULL),
(54, 38, NULL),
(54, 40, NULL),
(54, 41, NULL),
(54, 42, NULL),
(54, 43, NULL),
(54, 46, NULL),
(54, 47, NULL),
(54, 48, NULL),
(54, 49, NULL),
(54, 51, NULL),
(54, 52, NULL),
(54, 53, NULL),
(54, 54, NULL),
(54, 55, NULL),
(54, 56, NULL),
(54, 57, NULL),
(54, 58, NULL),
(54, 59, NULL),
(54, 60, NULL),
(54, 61, NULL),
(54, 62, NULL),
(54, 63, NULL),
(54, 64, NULL),
(54, 65, NULL),
(54, 66, NULL),
(54, 67, NULL),
(54, 68, NULL),
(54, 69, NULL),
(55, 6, NULL),
(55, 8, NULL),
(55, 9, NULL),
(55, 10, NULL),
(55, 11, NULL),
(55, 12, NULL),
(55, 13, NULL),
(55, 14, NULL),
(55, 16, NULL),
(55, 17, NULL),
(55, 18, NULL),
(55, 19, NULL),
(55, 24, NULL),
(55, 25, NULL),
(55, 27, NULL),
(55, 28, NULL),
(55, 29, NULL),
(55, 30, NULL),
(55, 31, NULL),
(55, 32, NULL),
(55, 33, NULL),
(55, 34, NULL),
(55, 36, NULL),
(55, 37, NULL),
(55, 38, NULL),
(55, 40, NULL),
(55, 41, NULL),
(55, 42, NULL),
(55, 43, NULL),
(55, 46, NULL),
(55, 47, NULL),
(55, 48, NULL),
(55, 49, NULL),
(55, 51, NULL),
(55, 52, NULL),
(55, 53, NULL),
(55, 54, NULL),
(55, 55, NULL),
(55, 56, NULL),
(55, 57, NULL),
(55, 58, NULL),
(55, 59, NULL),
(55, 60, NULL),
(55, 61, NULL),
(55, 62, NULL),
(55, 63, NULL),
(55, 64, NULL),
(55, 65, NULL),
(55, 66, NULL),
(55, 67, NULL),
(55, 68, NULL),
(55, 69, NULL),
(56, 6, NULL),
(56, 8, NULL),
(56, 9, NULL),
(56, 10, NULL),
(56, 11, NULL),
(56, 12, NULL),
(56, 13, NULL),
(56, 14, NULL),
(56, 16, NULL),
(56, 17, NULL),
(56, 18, NULL),
(56, 19, NULL),
(56, 24, NULL),
(56, 25, NULL),
(56, 27, NULL),
(56, 28, NULL),
(56, 29, NULL),
(56, 30, NULL),
(56, 31, NULL),
(56, 32, NULL),
(56, 33, NULL),
(56, 34, NULL),
(56, 36, NULL),
(56, 37, NULL),
(56, 38, NULL),
(56, 40, NULL),
(56, 41, NULL),
(56, 42, NULL),
(56, 43, NULL),
(56, 46, NULL),
(56, 47, NULL),
(56, 48, NULL),
(56, 49, NULL),
(56, 51, NULL),
(56, 52, NULL),
(56, 53, NULL),
(56, 54, NULL),
(56, 55, NULL),
(56, 56, NULL),
(56, 57, NULL),
(56, 58, NULL),
(56, 59, NULL),
(56, 60, NULL),
(56, 61, NULL),
(56, 62, NULL),
(56, 63, NULL),
(56, 64, NULL),
(56, 65, NULL),
(56, 66, NULL),
(56, 67, NULL),
(56, 68, NULL),
(56, 69, NULL),
(57, 6, NULL),
(57, 8, NULL),
(57, 9, NULL),
(57, 10, NULL),
(57, 11, NULL),
(57, 12, NULL),
(57, 13, NULL),
(57, 14, NULL),
(57, 16, NULL),
(57, 17, NULL),
(57, 18, NULL),
(57, 19, NULL),
(57, 24, NULL),
(57, 25, NULL),
(57, 27, NULL),
(57, 28, NULL),
(57, 29, NULL),
(57, 30, NULL),
(57, 31, NULL),
(57, 32, NULL),
(57, 33, NULL),
(57, 34, NULL),
(57, 36, NULL),
(57, 37, NULL),
(57, 38, NULL),
(57, 40, NULL),
(57, 41, NULL),
(57, 42, NULL),
(57, 43, NULL),
(57, 46, NULL),
(57, 47, NULL),
(57, 48, NULL),
(57, 49, NULL),
(57, 51, NULL),
(57, 52, NULL),
(57, 53, NULL),
(57, 54, NULL),
(57, 55, NULL),
(57, 56, NULL),
(57, 57, NULL),
(57, 58, NULL),
(57, 59, NULL),
(57, 60, NULL),
(57, 61, NULL),
(57, 62, NULL),
(57, 63, NULL),
(57, 64, NULL),
(57, 65, NULL),
(57, 66, NULL),
(57, 67, NULL),
(57, 68, NULL),
(57, 69, NULL),
(58, 6, NULL),
(58, 8, NULL),
(58, 9, NULL),
(58, 10, NULL),
(58, 11, NULL),
(58, 12, NULL),
(58, 13, NULL),
(58, 14, NULL),
(58, 16, NULL),
(58, 17, NULL),
(58, 18, NULL),
(58, 19, NULL),
(58, 24, NULL),
(58, 25, NULL),
(58, 27, NULL),
(58, 28, NULL),
(58, 29, NULL),
(58, 30, NULL),
(58, 31, NULL),
(58, 32, NULL),
(58, 33, NULL),
(58, 34, NULL),
(58, 36, NULL),
(58, 37, NULL),
(58, 38, NULL),
(58, 40, NULL),
(58, 41, NULL),
(58, 42, NULL),
(58, 43, NULL),
(58, 46, NULL),
(58, 47, NULL),
(58, 48, NULL),
(58, 49, NULL),
(58, 51, NULL),
(58, 52, NULL),
(58, 53, NULL),
(58, 54, NULL),
(58, 55, NULL),
(58, 56, NULL),
(58, 57, NULL),
(58, 58, NULL),
(58, 59, NULL),
(58, 60, NULL),
(58, 61, NULL),
(58, 62, NULL),
(58, 63, NULL),
(58, 64, NULL),
(58, 65, NULL),
(58, 66, NULL),
(58, 67, NULL),
(58, 68, NULL),
(58, 69, NULL),
(59, 6, NULL),
(59, 8, NULL),
(59, 9, NULL),
(59, 10, NULL),
(59, 11, NULL),
(59, 12, NULL),
(59, 13, NULL),
(59, 14, NULL),
(59, 16, NULL),
(59, 17, NULL),
(59, 18, NULL),
(59, 19, NULL),
(59, 24, NULL),
(59, 25, NULL),
(59, 27, NULL),
(59, 28, NULL),
(59, 29, NULL),
(59, 30, NULL),
(59, 31, NULL),
(59, 32, NULL),
(59, 33, NULL),
(59, 34, NULL),
(59, 36, NULL),
(59, 37, NULL),
(59, 38, NULL),
(59, 40, NULL),
(59, 41, NULL),
(59, 42, NULL),
(59, 43, NULL),
(59, 46, NULL),
(59, 47, NULL),
(59, 48, NULL),
(59, 49, NULL),
(59, 51, NULL),
(59, 52, NULL),
(59, 53, NULL),
(59, 54, NULL),
(59, 55, NULL),
(59, 56, NULL),
(59, 57, NULL),
(59, 58, NULL),
(59, 59, NULL),
(59, 60, NULL),
(59, 61, NULL),
(59, 62, NULL),
(59, 63, NULL),
(59, 64, NULL),
(59, 65, NULL),
(59, 66, NULL),
(59, 67, NULL),
(59, 68, NULL),
(59, 69, NULL),
(60, 6, NULL),
(60, 8, NULL),
(60, 9, NULL),
(60, 10, NULL),
(60, 11, NULL),
(60, 12, NULL),
(60, 13, NULL),
(60, 14, NULL),
(60, 16, NULL),
(60, 17, NULL),
(60, 18, NULL),
(60, 19, NULL),
(60, 24, NULL),
(60, 25, NULL),
(60, 27, NULL),
(60, 28, NULL),
(60, 29, NULL),
(60, 30, NULL),
(60, 31, NULL),
(60, 32, NULL),
(60, 33, NULL),
(60, 34, NULL),
(60, 36, NULL),
(60, 37, NULL),
(60, 38, NULL),
(60, 40, NULL),
(60, 41, NULL),
(60, 42, NULL),
(60, 43, NULL),
(60, 46, NULL),
(60, 47, NULL),
(60, 48, NULL),
(60, 49, NULL),
(60, 51, NULL),
(60, 52, NULL),
(60, 53, NULL),
(60, 54, NULL),
(60, 55, NULL),
(60, 56, NULL),
(60, 57, NULL),
(60, 58, NULL),
(60, 59, NULL),
(60, 60, NULL),
(60, 61, NULL),
(60, 62, NULL),
(60, 63, NULL),
(60, 64, NULL),
(60, 65, NULL),
(60, 66, NULL),
(60, 67, NULL),
(60, 68, NULL),
(60, 69, NULL),
(61, 6, NULL),
(61, 8, NULL),
(61, 9, NULL),
(61, 10, NULL),
(61, 11, NULL),
(61, 12, NULL),
(61, 13, NULL),
(61, 14, NULL),
(61, 16, NULL),
(61, 17, NULL),
(61, 18, NULL),
(61, 19, NULL),
(61, 24, NULL),
(61, 25, NULL),
(61, 27, NULL),
(61, 28, NULL),
(61, 29, NULL),
(61, 30, NULL),
(61, 31, NULL),
(61, 32, NULL),
(61, 33, NULL),
(61, 34, NULL),
(61, 36, NULL),
(61, 37, NULL),
(61, 38, NULL),
(61, 40, NULL),
(61, 41, NULL),
(61, 42, NULL),
(61, 43, NULL),
(61, 46, NULL),
(61, 47, NULL),
(61, 48, NULL),
(61, 49, NULL),
(61, 51, NULL),
(61, 52, NULL),
(61, 53, NULL),
(61, 54, NULL),
(61, 55, NULL),
(61, 56, NULL),
(61, 57, NULL),
(61, 58, NULL),
(61, 59, NULL),
(61, 60, NULL),
(61, 61, NULL),
(61, 62, NULL),
(61, 63, NULL),
(61, 64, NULL),
(61, 65, NULL),
(61, 66, NULL),
(61, 67, NULL),
(61, 68, NULL),
(61, 69, NULL),
(62, 6, NULL),
(62, 8, NULL),
(62, 9, NULL),
(62, 10, NULL),
(62, 11, NULL),
(62, 12, NULL),
(62, 13, NULL),
(62, 14, NULL),
(62, 16, NULL),
(62, 17, NULL),
(62, 18, NULL),
(62, 19, NULL),
(62, 24, NULL),
(62, 25, NULL),
(62, 27, NULL),
(62, 28, NULL),
(62, 29, NULL),
(62, 30, NULL),
(62, 31, NULL),
(62, 32, NULL),
(62, 33, NULL),
(62, 34, NULL),
(62, 36, NULL),
(62, 37, NULL),
(62, 38, NULL),
(62, 40, NULL),
(62, 41, NULL),
(62, 42, NULL),
(62, 43, NULL),
(62, 46, NULL),
(62, 47, NULL),
(62, 48, NULL),
(62, 49, NULL),
(62, 51, NULL),
(62, 52, NULL),
(62, 53, NULL),
(62, 54, NULL),
(62, 55, NULL),
(62, 56, NULL),
(62, 57, NULL),
(62, 58, NULL),
(62, 59, NULL),
(62, 60, NULL),
(62, 61, NULL),
(62, 62, NULL),
(62, 63, NULL),
(62, 64, NULL),
(62, 65, NULL),
(62, 66, NULL),
(62, 67, NULL),
(62, 68, NULL),
(62, 69, NULL),
(63, 6, NULL),
(63, 8, NULL),
(63, 9, NULL),
(63, 10, NULL),
(63, 11, NULL),
(63, 12, NULL),
(63, 13, NULL),
(63, 14, NULL),
(63, 16, NULL),
(63, 17, NULL),
(63, 18, NULL),
(63, 19, NULL),
(63, 24, NULL),
(63, 25, NULL),
(63, 27, NULL),
(63, 28, NULL),
(63, 29, NULL),
(63, 30, NULL),
(63, 31, NULL),
(63, 32, NULL),
(63, 33, NULL),
(63, 34, NULL),
(63, 36, NULL),
(63, 37, NULL),
(63, 38, NULL),
(63, 40, NULL),
(63, 41, NULL),
(63, 42, NULL),
(63, 43, NULL),
(63, 46, NULL),
(63, 47, NULL),
(63, 48, NULL),
(63, 49, NULL),
(63, 51, NULL),
(63, 52, NULL),
(63, 53, NULL),
(63, 54, NULL),
(63, 55, NULL),
(63, 56, NULL),
(63, 57, NULL),
(63, 58, NULL),
(63, 59, NULL),
(63, 60, NULL),
(63, 61, NULL),
(63, 62, NULL),
(63, 63, NULL),
(63, 64, NULL),
(63, 65, NULL),
(63, 66, NULL),
(63, 67, NULL),
(63, 68, NULL),
(63, 69, NULL),
(64, 6, NULL),
(64, 8, NULL),
(64, 9, NULL),
(64, 10, NULL),
(64, 11, NULL),
(64, 12, NULL),
(64, 13, NULL),
(64, 14, NULL),
(64, 16, NULL),
(64, 17, NULL),
(64, 18, NULL),
(64, 19, NULL),
(64, 24, NULL),
(64, 25, NULL),
(64, 27, NULL),
(64, 28, NULL),
(64, 29, NULL),
(64, 30, NULL),
(64, 31, NULL),
(64, 32, NULL),
(64, 33, NULL),
(64, 34, NULL),
(64, 36, NULL),
(64, 37, NULL),
(64, 38, NULL),
(64, 40, NULL),
(64, 41, NULL),
(64, 42, NULL),
(64, 43, NULL),
(64, 46, NULL),
(64, 47, NULL),
(64, 48, NULL),
(64, 49, NULL),
(64, 51, NULL),
(64, 52, NULL),
(64, 53, NULL),
(64, 54, NULL),
(64, 55, NULL),
(64, 56, NULL),
(64, 57, NULL),
(64, 58, NULL),
(64, 59, NULL),
(64, 60, NULL),
(64, 61, NULL),
(64, 62, NULL),
(64, 63, NULL),
(64, 64, NULL),
(64, 65, NULL),
(64, 66, NULL),
(64, 67, NULL),
(64, 68, NULL),
(64, 69, NULL),
(65, 6, NULL),
(65, 8, NULL),
(65, 9, NULL),
(65, 10, NULL),
(65, 11, NULL),
(65, 12, NULL),
(65, 13, NULL),
(65, 14, NULL),
(65, 16, NULL),
(65, 17, NULL),
(65, 18, NULL),
(65, 19, NULL),
(65, 24, NULL),
(65, 25, NULL),
(65, 27, NULL),
(65, 28, NULL),
(65, 29, NULL),
(65, 30, NULL),
(65, 31, NULL),
(65, 32, NULL),
(65, 33, NULL),
(65, 34, NULL),
(65, 36, NULL),
(65, 37, NULL),
(65, 38, NULL),
(65, 40, NULL),
(65, 41, NULL),
(65, 42, NULL),
(65, 43, NULL),
(65, 46, NULL),
(65, 47, NULL),
(65, 48, NULL),
(65, 49, NULL),
(65, 51, NULL),
(65, 52, NULL),
(65, 53, NULL),
(65, 54, NULL),
(65, 55, NULL),
(65, 56, NULL),
(65, 57, NULL),
(65, 58, NULL),
(65, 59, NULL),
(65, 60, NULL),
(65, 61, NULL),
(65, 62, NULL),
(65, 63, NULL),
(65, 64, NULL),
(65, 65, NULL),
(65, 66, NULL),
(65, 67, NULL),
(65, 68, NULL),
(65, 69, NULL),
(66, 6, NULL),
(66, 8, NULL),
(66, 9, NULL),
(66, 10, NULL),
(66, 11, NULL),
(66, 12, NULL),
(66, 13, NULL),
(66, 14, NULL),
(66, 16, NULL),
(66, 17, NULL),
(66, 18, NULL),
(66, 19, NULL),
(66, 24, NULL),
(66, 25, NULL),
(66, 27, NULL),
(66, 28, NULL),
(66, 29, NULL),
(66, 30, NULL),
(66, 31, NULL),
(66, 32, NULL),
(66, 33, NULL),
(66, 34, NULL),
(66, 36, NULL),
(66, 37, NULL),
(66, 38, NULL),
(66, 40, NULL),
(66, 41, NULL),
(66, 42, NULL),
(66, 43, NULL),
(66, 46, NULL),
(66, 47, NULL),
(66, 48, NULL),
(66, 49, NULL),
(66, 51, NULL),
(66, 52, NULL),
(66, 53, NULL),
(66, 54, NULL),
(66, 55, NULL),
(66, 56, NULL),
(66, 57, NULL),
(66, 58, NULL),
(66, 59, NULL),
(66, 60, NULL),
(66, 61, NULL),
(66, 62, NULL),
(66, 63, NULL),
(66, 64, NULL),
(66, 65, NULL),
(66, 66, NULL),
(66, 67, NULL),
(66, 68, NULL),
(66, 69, NULL),
(67, 6, NULL),
(67, 8, NULL),
(67, 9, NULL),
(67, 10, NULL),
(67, 11, NULL),
(67, 12, NULL),
(67, 13, NULL),
(67, 14, NULL),
(67, 16, NULL),
(67, 17, NULL),
(67, 18, NULL),
(67, 19, NULL),
(67, 24, NULL),
(67, 25, NULL),
(67, 27, NULL),
(67, 28, NULL),
(67, 29, NULL),
(67, 30, NULL),
(67, 31, NULL),
(67, 32, NULL),
(67, 33, NULL),
(67, 34, NULL),
(67, 36, NULL),
(67, 37, NULL),
(67, 38, NULL),
(67, 40, NULL),
(67, 41, NULL),
(67, 42, NULL),
(67, 43, NULL),
(67, 46, NULL),
(67, 47, NULL),
(67, 48, NULL),
(67, 49, NULL),
(67, 51, NULL),
(67, 52, NULL),
(67, 53, NULL),
(67, 54, NULL),
(67, 55, NULL),
(67, 56, NULL),
(67, 57, NULL),
(67, 58, NULL),
(67, 59, NULL),
(67, 60, NULL),
(67, 61, NULL),
(67, 62, NULL),
(67, 63, NULL),
(67, 64, NULL),
(67, 65, NULL),
(67, 66, NULL),
(67, 67, NULL),
(67, 68, NULL),
(67, 69, NULL),
(68, 6, NULL),
(68, 8, NULL),
(68, 9, NULL),
(68, 10, NULL),
(68, 11, NULL),
(68, 12, NULL),
(68, 13, NULL),
(68, 14, NULL),
(68, 16, NULL),
(68, 17, NULL),
(68, 18, NULL),
(68, 19, NULL),
(68, 24, NULL),
(68, 25, NULL),
(68, 27, NULL),
(68, 28, NULL),
(68, 29, NULL),
(68, 30, NULL),
(68, 31, NULL),
(68, 32, NULL),
(68, 33, NULL),
(68, 34, NULL),
(68, 36, NULL),
(68, 37, NULL),
(68, 38, NULL),
(68, 40, NULL),
(68, 41, NULL),
(68, 42, NULL),
(68, 43, NULL),
(68, 46, NULL);
INSERT INTO `RespuestaAmbiente` (`idPreguntasAmbiente`, `idEncuesta`, `respuesta`) VALUES
(68, 47, NULL),
(68, 48, NULL),
(68, 49, NULL),
(68, 51, NULL),
(68, 52, NULL),
(68, 53, NULL),
(68, 54, NULL),
(68, 55, NULL),
(68, 56, NULL),
(68, 57, NULL),
(68, 58, NULL),
(68, 59, NULL),
(68, 60, NULL),
(68, 61, NULL),
(68, 62, NULL),
(68, 63, NULL),
(68, 64, NULL),
(68, 65, NULL),
(68, 66, NULL),
(68, 67, NULL),
(68, 68, NULL),
(68, 69, NULL),
(69, 6, NULL),
(69, 8, NULL),
(69, 9, NULL),
(69, 10, NULL),
(69, 11, NULL),
(69, 12, NULL),
(69, 13, NULL),
(69, 14, NULL),
(69, 16, NULL),
(69, 17, NULL),
(69, 18, NULL),
(69, 19, NULL),
(69, 24, NULL),
(69, 25, NULL),
(69, 27, NULL),
(69, 28, NULL),
(69, 29, NULL),
(69, 30, NULL),
(69, 31, NULL),
(69, 32, NULL),
(69, 33, NULL),
(69, 34, NULL),
(69, 36, NULL),
(69, 37, NULL),
(69, 38, NULL),
(69, 40, NULL),
(69, 41, NULL),
(69, 42, NULL),
(69, 43, NULL),
(69, 46, NULL),
(69, 47, NULL),
(69, 48, NULL),
(69, 49, NULL),
(69, 51, NULL),
(69, 52, NULL),
(69, 53, NULL),
(69, 54, NULL),
(69, 55, NULL),
(69, 56, NULL),
(69, 57, NULL),
(69, 58, NULL),
(69, 59, NULL),
(69, 60, NULL),
(69, 61, NULL),
(69, 62, NULL),
(69, 63, NULL),
(69, 64, NULL),
(69, 65, NULL),
(69, 66, NULL),
(69, 67, NULL),
(69, 68, NULL),
(69, 69, NULL),
(70, 6, NULL),
(70, 8, NULL),
(70, 9, NULL),
(70, 10, NULL),
(70, 11, NULL),
(70, 12, NULL),
(70, 13, NULL),
(70, 14, NULL),
(70, 16, NULL),
(70, 17, NULL),
(70, 18, NULL),
(70, 19, NULL),
(70, 24, NULL),
(70, 25, NULL),
(70, 27, NULL),
(70, 28, NULL),
(70, 29, NULL),
(70, 30, NULL),
(70, 31, NULL),
(70, 32, NULL),
(70, 33, NULL),
(70, 34, NULL),
(70, 36, NULL),
(70, 37, NULL),
(70, 38, NULL),
(70, 40, NULL),
(70, 41, NULL),
(70, 42, NULL),
(70, 43, NULL),
(70, 46, NULL),
(70, 47, NULL),
(70, 48, NULL),
(70, 49, NULL),
(70, 51, NULL),
(70, 52, NULL),
(70, 53, NULL),
(70, 54, NULL),
(70, 55, NULL),
(70, 56, NULL),
(70, 57, NULL),
(70, 58, NULL),
(70, 59, NULL),
(70, 60, NULL),
(70, 61, NULL),
(70, 62, NULL),
(70, 63, NULL),
(70, 64, NULL),
(70, 65, NULL),
(70, 66, NULL),
(70, 67, NULL),
(70, 68, NULL),
(70, 69, NULL),
(71, 6, NULL),
(71, 8, NULL),
(71, 9, NULL),
(71, 10, NULL),
(71, 11, NULL),
(71, 12, NULL),
(71, 13, NULL),
(71, 14, NULL),
(71, 16, NULL),
(71, 17, NULL),
(71, 18, NULL),
(71, 19, NULL),
(71, 24, NULL),
(71, 25, NULL),
(71, 27, NULL),
(71, 28, NULL),
(71, 29, NULL),
(71, 30, NULL),
(71, 31, NULL),
(71, 32, NULL),
(71, 33, NULL),
(71, 34, NULL),
(71, 36, NULL),
(71, 37, NULL),
(71, 38, NULL),
(71, 40, NULL),
(71, 41, NULL),
(71, 42, NULL),
(71, 43, NULL),
(71, 46, NULL),
(71, 47, NULL),
(71, 48, NULL),
(71, 49, NULL),
(71, 51, NULL),
(71, 52, NULL),
(71, 53, NULL),
(71, 54, NULL),
(71, 55, NULL),
(71, 56, NULL),
(71, 57, NULL),
(71, 58, NULL),
(71, 59, NULL),
(71, 60, NULL),
(71, 61, NULL),
(71, 62, NULL),
(71, 63, NULL),
(71, 64, NULL),
(71, 65, NULL),
(71, 66, NULL),
(71, 67, NULL),
(71, 68, NULL),
(71, 69, NULL),
(72, 6, NULL),
(72, 8, NULL),
(72, 9, NULL),
(72, 10, NULL),
(72, 11, NULL),
(72, 12, NULL),
(72, 13, NULL),
(72, 14, NULL),
(72, 16, NULL),
(72, 17, NULL),
(72, 18, NULL),
(72, 19, NULL),
(72, 24, NULL),
(72, 25, NULL),
(72, 27, NULL),
(72, 28, NULL),
(72, 29, NULL),
(72, 30, NULL),
(72, 31, NULL),
(72, 32, NULL),
(72, 33, NULL),
(72, 34, NULL),
(72, 36, NULL),
(72, 37, NULL),
(72, 38, NULL),
(72, 40, NULL),
(72, 41, NULL),
(72, 42, NULL),
(72, 43, NULL),
(72, 46, NULL),
(72, 47, NULL),
(72, 48, NULL),
(72, 49, NULL),
(72, 51, NULL),
(72, 52, NULL),
(72, 53, NULL),
(72, 54, NULL),
(72, 55, NULL),
(72, 56, NULL),
(72, 57, NULL),
(72, 58, NULL),
(72, 59, NULL),
(72, 60, NULL),
(72, 61, NULL),
(72, 62, NULL),
(72, 63, NULL),
(72, 64, NULL),
(72, 65, NULL),
(72, 66, NULL),
(72, 67, NULL),
(72, 68, NULL),
(72, 69, NULL),
(73, 6, NULL),
(73, 8, NULL),
(73, 9, NULL),
(73, 10, NULL),
(73, 11, NULL),
(73, 12, NULL),
(73, 13, NULL),
(73, 14, NULL),
(73, 16, NULL),
(73, 17, NULL),
(73, 18, NULL),
(73, 19, NULL),
(73, 24, NULL),
(73, 25, NULL),
(73, 27, NULL),
(73, 28, NULL),
(73, 29, NULL),
(73, 30, NULL),
(73, 31, NULL),
(73, 32, NULL),
(73, 33, NULL),
(73, 34, NULL),
(73, 36, NULL),
(73, 37, NULL),
(73, 38, NULL),
(73, 40, NULL),
(73, 41, NULL),
(73, 42, NULL),
(73, 43, NULL),
(73, 46, NULL),
(73, 47, NULL),
(73, 48, NULL),
(73, 49, NULL),
(73, 51, NULL),
(73, 52, NULL),
(73, 53, NULL),
(73, 54, NULL),
(73, 55, NULL),
(73, 56, NULL),
(73, 57, NULL),
(73, 58, NULL),
(73, 59, NULL),
(73, 60, NULL),
(73, 61, NULL),
(73, 62, NULL),
(73, 63, NULL),
(73, 64, NULL),
(73, 65, NULL),
(73, 66, NULL),
(73, 67, NULL),
(73, 68, NULL),
(73, 69, NULL),
(74, 6, NULL),
(74, 8, NULL),
(74, 9, NULL),
(74, 10, NULL),
(74, 11, NULL),
(74, 12, NULL),
(74, 13, NULL),
(74, 14, NULL),
(74, 16, NULL),
(74, 17, NULL),
(74, 18, NULL),
(74, 19, NULL),
(74, 24, NULL),
(74, 25, NULL),
(74, 27, NULL),
(74, 28, NULL),
(74, 29, NULL),
(74, 30, NULL),
(74, 31, NULL),
(74, 32, NULL),
(74, 33, NULL),
(74, 34, NULL),
(74, 36, NULL),
(74, 37, NULL),
(74, 38, NULL),
(74, 40, NULL),
(74, 41, NULL),
(74, 42, NULL),
(74, 43, NULL),
(74, 46, NULL),
(74, 47, NULL),
(74, 48, NULL),
(74, 49, NULL),
(74, 51, NULL),
(74, 52, NULL),
(74, 53, NULL),
(74, 54, NULL),
(74, 55, NULL),
(74, 56, NULL),
(74, 57, NULL),
(74, 58, NULL),
(74, 59, NULL),
(74, 60, NULL),
(74, 61, NULL),
(74, 62, NULL),
(74, 63, NULL),
(74, 64, NULL),
(74, 65, NULL),
(74, 66, NULL),
(74, 67, NULL),
(74, 68, NULL),
(74, 69, NULL),
(75, 6, NULL),
(75, 8, NULL),
(75, 9, NULL),
(75, 10, NULL),
(75, 11, NULL),
(75, 12, NULL),
(75, 13, NULL),
(75, 14, NULL),
(75, 16, NULL),
(75, 17, NULL),
(75, 18, NULL),
(75, 19, NULL),
(75, 24, NULL),
(75, 25, NULL),
(75, 27, NULL),
(75, 28, NULL),
(75, 29, NULL),
(75, 30, NULL),
(75, 31, NULL),
(75, 32, NULL),
(75, 33, NULL),
(75, 34, NULL),
(75, 36, NULL),
(75, 37, NULL),
(75, 38, NULL),
(75, 40, NULL),
(75, 41, NULL),
(75, 42, NULL),
(75, 43, NULL),
(75, 46, NULL),
(75, 47, NULL),
(75, 48, NULL),
(75, 49, NULL),
(75, 51, NULL),
(75, 52, NULL),
(75, 53, NULL),
(75, 54, NULL),
(75, 55, NULL),
(75, 56, NULL),
(75, 57, NULL),
(75, 58, NULL),
(75, 59, NULL),
(75, 60, NULL),
(75, 61, NULL),
(75, 62, NULL),
(75, 63, NULL),
(75, 64, NULL),
(75, 65, NULL),
(75, 66, NULL),
(75, 67, NULL),
(75, 68, NULL),
(75, 69, NULL),
(76, 6, NULL),
(76, 8, NULL),
(76, 9, NULL),
(76, 10, NULL),
(76, 11, NULL),
(76, 12, NULL),
(76, 13, NULL),
(76, 14, NULL),
(76, 16, NULL),
(76, 17, NULL),
(76, 18, NULL),
(76, 19, NULL),
(76, 24, NULL),
(76, 25, NULL),
(76, 27, NULL),
(76, 28, NULL),
(76, 29, NULL),
(76, 30, NULL),
(76, 31, NULL),
(76, 32, NULL),
(76, 33, NULL),
(76, 34, NULL),
(76, 36, NULL),
(76, 37, NULL),
(76, 38, NULL),
(76, 40, NULL),
(76, 41, NULL),
(76, 42, NULL),
(76, 43, NULL),
(76, 46, NULL),
(76, 47, NULL),
(76, 48, NULL),
(76, 49, NULL),
(76, 51, NULL),
(76, 52, NULL),
(76, 53, NULL),
(76, 54, NULL),
(76, 55, NULL),
(76, 56, NULL),
(76, 57, NULL),
(76, 58, NULL),
(76, 59, NULL),
(76, 60, NULL),
(76, 61, NULL),
(76, 62, NULL),
(76, 63, NULL),
(76, 64, NULL),
(76, 65, NULL),
(76, 66, NULL),
(76, 67, NULL),
(76, 68, NULL),
(76, 69, NULL),
(77, 6, NULL),
(77, 8, NULL),
(77, 9, NULL),
(77, 10, NULL),
(77, 11, NULL),
(77, 12, NULL),
(77, 13, NULL),
(77, 14, NULL),
(77, 16, NULL),
(77, 17, NULL),
(77, 18, NULL),
(77, 19, NULL),
(77, 24, NULL),
(77, 25, NULL),
(77, 27, NULL),
(77, 28, NULL),
(77, 29, NULL),
(77, 30, NULL),
(77, 31, NULL),
(77, 32, NULL),
(77, 33, NULL),
(77, 34, NULL),
(77, 36, NULL),
(77, 37, NULL),
(77, 38, NULL),
(77, 40, NULL),
(77, 41, NULL),
(77, 42, NULL),
(77, 43, NULL),
(77, 46, NULL),
(77, 47, NULL),
(77, 48, NULL),
(77, 49, NULL),
(77, 51, NULL),
(77, 52, NULL),
(77, 53, NULL),
(77, 54, NULL),
(77, 55, NULL),
(77, 56, NULL),
(77, 57, NULL),
(77, 58, NULL),
(77, 59, NULL),
(77, 60, NULL),
(77, 61, NULL),
(77, 62, NULL),
(77, 63, NULL),
(77, 64, NULL),
(77, 65, NULL),
(77, 66, NULL),
(77, 67, NULL),
(77, 68, NULL),
(77, 69, NULL),
(78, 6, NULL),
(78, 8, NULL),
(78, 9, NULL),
(78, 10, NULL),
(78, 11, NULL),
(78, 12, NULL),
(78, 13, NULL),
(78, 14, NULL),
(78, 16, NULL),
(78, 17, NULL),
(78, 18, NULL),
(78, 19, NULL),
(78, 24, NULL),
(78, 25, NULL),
(78, 27, NULL),
(78, 28, NULL),
(78, 29, NULL),
(78, 30, NULL),
(78, 31, NULL),
(78, 32, NULL),
(78, 33, NULL),
(78, 34, NULL),
(78, 36, NULL),
(78, 37, NULL),
(78, 38, NULL),
(78, 40, NULL),
(78, 41, NULL),
(78, 42, NULL),
(78, 43, NULL),
(78, 46, NULL),
(78, 47, NULL),
(78, 48, NULL),
(78, 49, NULL),
(78, 51, NULL),
(78, 52, NULL),
(78, 53, NULL),
(78, 54, NULL),
(78, 55, NULL),
(78, 56, NULL),
(78, 57, NULL),
(78, 58, NULL),
(78, 59, NULL),
(78, 60, NULL),
(78, 61, NULL),
(78, 62, NULL),
(78, 63, NULL),
(78, 64, NULL),
(78, 65, NULL),
(78, 66, NULL),
(78, 67, NULL),
(78, 68, NULL),
(78, 69, NULL),
(79, 6, NULL),
(79, 8, NULL),
(79, 9, NULL),
(79, 10, NULL),
(79, 11, NULL),
(79, 12, NULL),
(79, 13, NULL),
(79, 14, NULL),
(79, 16, NULL),
(79, 17, NULL),
(79, 18, NULL),
(79, 19, NULL),
(79, 24, NULL),
(79, 25, NULL),
(79, 27, NULL),
(79, 28, NULL),
(79, 29, NULL),
(79, 30, NULL),
(79, 31, NULL),
(79, 32, NULL),
(79, 33, NULL),
(79, 34, NULL),
(79, 36, NULL),
(79, 37, NULL),
(79, 38, NULL),
(79, 40, NULL),
(79, 41, NULL),
(79, 42, NULL),
(79, 43, NULL),
(79, 46, NULL),
(79, 47, NULL),
(79, 48, NULL),
(79, 49, NULL),
(79, 51, NULL),
(79, 52, NULL),
(79, 53, NULL),
(79, 54, NULL),
(79, 55, NULL),
(79, 56, NULL),
(79, 57, NULL),
(79, 58, NULL),
(79, 59, NULL),
(79, 60, NULL),
(79, 61, NULL),
(79, 62, NULL),
(79, 63, NULL),
(79, 64, NULL),
(79, 65, NULL),
(79, 66, NULL),
(79, 67, NULL),
(79, 68, NULL),
(79, 69, NULL),
(80, 6, NULL),
(80, 8, NULL),
(80, 9, NULL),
(80, 10, NULL),
(80, 11, NULL),
(80, 12, NULL),
(80, 13, NULL),
(80, 14, NULL),
(80, 16, NULL),
(80, 17, NULL),
(80, 18, NULL),
(80, 19, NULL),
(80, 24, NULL),
(80, 25, NULL),
(80, 27, NULL),
(80, 28, NULL),
(80, 29, NULL),
(80, 30, NULL),
(80, 31, NULL),
(80, 32, NULL),
(80, 33, NULL),
(80, 34, NULL),
(80, 36, NULL),
(80, 37, NULL),
(80, 38, NULL),
(80, 40, NULL),
(80, 41, NULL),
(80, 42, NULL),
(80, 43, NULL),
(80, 46, NULL),
(80, 47, NULL),
(80, 48, NULL),
(80, 49, NULL),
(80, 51, NULL),
(80, 52, NULL),
(80, 53, NULL),
(80, 54, NULL),
(80, 55, NULL),
(80, 56, NULL),
(80, 57, NULL),
(80, 58, NULL),
(80, 59, NULL),
(80, 60, NULL),
(80, 61, NULL),
(80, 62, NULL),
(80, 63, NULL),
(80, 64, NULL),
(80, 65, NULL),
(80, 66, NULL),
(80, 67, NULL),
(80, 68, NULL),
(80, 69, NULL),
(81, 6, NULL),
(81, 8, NULL),
(81, 9, NULL),
(81, 10, NULL),
(81, 11, NULL),
(81, 12, NULL),
(81, 13, NULL),
(81, 14, NULL),
(81, 16, NULL),
(81, 17, NULL),
(81, 18, NULL),
(81, 19, NULL),
(81, 24, NULL),
(81, 25, NULL),
(81, 27, NULL),
(81, 28, NULL),
(81, 29, NULL),
(81, 30, NULL),
(81, 31, NULL),
(81, 32, NULL),
(81, 33, NULL),
(81, 34, NULL),
(81, 36, NULL),
(81, 37, NULL),
(81, 38, NULL),
(81, 40, NULL),
(81, 41, NULL),
(81, 42, NULL),
(81, 43, NULL),
(81, 46, NULL),
(81, 47, NULL),
(81, 48, NULL),
(81, 49, NULL),
(81, 51, NULL),
(81, 52, NULL),
(81, 53, NULL),
(81, 54, NULL),
(81, 55, NULL),
(81, 56, NULL),
(81, 57, NULL),
(81, 58, NULL),
(81, 59, NULL),
(81, 60, NULL),
(81, 61, NULL),
(81, 62, NULL),
(81, 63, NULL),
(81, 64, NULL),
(81, 65, NULL),
(81, 66, NULL),
(81, 67, NULL),
(81, 68, NULL),
(81, 69, NULL),
(82, 6, NULL),
(82, 8, NULL),
(82, 9, NULL),
(82, 10, NULL),
(82, 11, NULL),
(82, 12, NULL),
(82, 13, NULL),
(82, 14, NULL),
(82, 16, NULL),
(82, 17, NULL),
(82, 18, NULL),
(82, 19, NULL),
(82, 24, NULL),
(82, 25, NULL),
(82, 27, NULL),
(82, 28, NULL),
(82, 29, NULL),
(82, 30, NULL),
(82, 31, NULL),
(82, 32, NULL),
(82, 33, NULL),
(82, 34, NULL),
(82, 36, NULL),
(82, 37, NULL),
(82, 38, NULL),
(82, 40, NULL),
(82, 41, NULL),
(82, 42, NULL),
(82, 43, NULL),
(82, 46, NULL),
(82, 47, NULL),
(82, 48, NULL),
(82, 49, NULL),
(82, 51, NULL),
(82, 52, NULL),
(82, 53, NULL),
(82, 54, NULL),
(82, 55, NULL),
(82, 56, NULL),
(82, 57, NULL),
(82, 58, NULL),
(82, 59, NULL),
(82, 60, NULL),
(82, 61, NULL),
(82, 62, NULL),
(82, 63, NULL),
(82, 64, NULL),
(82, 65, NULL),
(82, 66, NULL),
(82, 67, NULL),
(82, 68, NULL),
(82, 69, NULL),
(83, 6, NULL),
(83, 8, NULL),
(83, 9, NULL),
(83, 10, NULL),
(83, 11, NULL),
(83, 12, NULL),
(83, 13, NULL),
(83, 14, NULL),
(83, 16, NULL),
(83, 17, NULL),
(83, 18, NULL),
(83, 19, NULL),
(83, 24, NULL),
(83, 25, NULL),
(83, 27, NULL),
(83, 28, NULL),
(83, 29, NULL),
(83, 30, NULL),
(83, 31, NULL),
(83, 32, NULL),
(83, 33, NULL),
(83, 34, NULL),
(83, 36, NULL),
(83, 37, NULL),
(83, 38, NULL),
(83, 40, NULL),
(83, 41, NULL),
(83, 42, NULL),
(83, 43, NULL),
(83, 46, NULL),
(83, 47, NULL),
(83, 48, NULL),
(83, 49, NULL),
(83, 51, NULL),
(83, 52, NULL),
(83, 53, NULL),
(83, 54, NULL),
(83, 55, NULL),
(83, 56, NULL),
(83, 57, NULL),
(83, 58, NULL),
(83, 59, NULL),
(83, 60, NULL),
(83, 61, NULL),
(83, 62, NULL),
(83, 63, NULL),
(83, 64, NULL),
(83, 65, NULL),
(83, 66, NULL),
(83, 67, NULL),
(83, 68, NULL),
(83, 69, NULL),
(84, 6, NULL),
(84, 8, NULL),
(84, 9, NULL),
(84, 10, NULL),
(84, 11, NULL),
(84, 12, NULL),
(84, 13, NULL),
(84, 14, NULL),
(84, 16, NULL),
(84, 17, NULL),
(84, 18, NULL),
(84, 19, NULL),
(84, 24, NULL),
(84, 25, NULL),
(84, 27, NULL),
(84, 28, NULL),
(84, 29, NULL),
(84, 30, NULL),
(84, 31, NULL),
(84, 32, NULL),
(84, 33, NULL),
(84, 34, NULL),
(84, 36, NULL),
(84, 37, NULL),
(84, 38, NULL),
(84, 40, NULL),
(84, 41, NULL),
(84, 42, NULL),
(84, 43, NULL),
(84, 46, NULL),
(84, 47, NULL),
(84, 48, NULL),
(84, 49, NULL),
(84, 51, NULL),
(84, 52, NULL),
(84, 53, NULL),
(84, 54, NULL),
(84, 55, NULL),
(84, 56, NULL),
(84, 57, NULL),
(84, 58, NULL),
(84, 59, NULL),
(84, 60, NULL),
(84, 61, NULL),
(84, 62, NULL),
(84, 63, NULL),
(84, 64, NULL),
(84, 65, NULL),
(84, 66, NULL),
(84, 67, NULL),
(84, 68, NULL),
(84, 69, NULL),
(85, 6, NULL),
(85, 8, NULL),
(85, 9, NULL),
(85, 10, NULL),
(85, 11, NULL),
(85, 12, NULL),
(85, 13, NULL),
(85, 14, NULL),
(85, 16, NULL),
(85, 17, NULL),
(85, 18, NULL),
(85, 19, NULL),
(85, 24, NULL),
(85, 25, NULL),
(85, 27, NULL),
(85, 28, NULL),
(85, 29, NULL),
(85, 30, NULL),
(85, 31, NULL),
(85, 32, NULL),
(85, 33, NULL),
(85, 34, NULL),
(85, 36, NULL),
(85, 37, NULL),
(85, 38, NULL),
(85, 40, NULL),
(85, 41, NULL),
(85, 42, NULL),
(85, 43, NULL),
(85, 46, NULL),
(85, 47, NULL),
(85, 48, NULL),
(85, 49, NULL),
(85, 51, NULL),
(85, 52, NULL),
(85, 53, NULL),
(85, 54, NULL),
(85, 55, NULL),
(85, 56, NULL),
(85, 57, NULL),
(85, 58, NULL),
(85, 59, NULL),
(85, 60, NULL),
(85, 61, NULL),
(85, 62, NULL),
(85, 63, NULL),
(85, 64, NULL),
(85, 65, NULL),
(85, 66, NULL),
(85, 67, NULL),
(85, 68, NULL),
(85, 69, NULL),
(86, 6, NULL),
(86, 8, NULL),
(86, 9, NULL),
(86, 10, NULL),
(86, 11, NULL),
(86, 12, NULL),
(86, 13, NULL),
(86, 14, NULL),
(86, 16, NULL),
(86, 17, NULL),
(86, 18, NULL),
(86, 19, NULL),
(86, 24, NULL),
(86, 25, NULL),
(86, 27, NULL),
(86, 28, NULL),
(86, 29, NULL),
(86, 30, NULL),
(86, 31, NULL),
(86, 32, NULL),
(86, 33, NULL),
(86, 34, NULL),
(86, 36, NULL),
(86, 37, NULL),
(86, 38, NULL),
(86, 40, NULL),
(86, 41, NULL),
(86, 42, NULL),
(86, 43, NULL),
(86, 46, NULL),
(86, 47, NULL),
(86, 48, NULL),
(86, 49, NULL),
(86, 51, NULL),
(86, 52, NULL),
(86, 53, NULL),
(86, 54, NULL),
(86, 55, NULL),
(86, 56, NULL),
(86, 57, NULL),
(86, 58, NULL),
(86, 59, NULL),
(86, 60, NULL),
(86, 61, NULL),
(86, 62, NULL),
(86, 63, NULL),
(86, 64, NULL),
(86, 65, NULL),
(86, 66, NULL),
(86, 67, NULL),
(86, 68, NULL),
(86, 69, NULL),
(87, 6, NULL),
(87, 8, NULL),
(87, 9, NULL),
(87, 10, NULL),
(87, 11, NULL),
(87, 12, NULL),
(87, 13, NULL),
(87, 14, NULL),
(87, 16, NULL),
(87, 17, NULL),
(87, 18, NULL),
(87, 19, NULL),
(87, 24, NULL),
(87, 25, NULL),
(87, 27, NULL),
(87, 28, NULL),
(87, 29, NULL),
(87, 30, NULL),
(87, 31, NULL),
(87, 32, NULL),
(87, 33, NULL),
(87, 34, NULL),
(87, 36, NULL),
(87, 37, NULL),
(87, 38, NULL),
(87, 40, NULL),
(87, 41, NULL),
(87, 42, NULL),
(87, 43, NULL),
(87, 46, NULL),
(87, 47, NULL),
(87, 48, NULL),
(87, 49, NULL),
(87, 51, NULL),
(87, 52, NULL),
(87, 53, NULL),
(87, 54, NULL),
(87, 55, NULL),
(87, 56, NULL),
(87, 57, NULL),
(87, 58, NULL),
(87, 59, NULL),
(87, 60, NULL),
(87, 61, NULL),
(87, 62, NULL),
(87, 63, NULL),
(87, 64, NULL),
(87, 65, NULL),
(87, 66, NULL),
(87, 67, NULL),
(87, 68, NULL),
(87, 69, NULL),
(88, 6, NULL),
(88, 8, NULL),
(88, 9, NULL),
(88, 10, NULL),
(88, 11, NULL),
(88, 12, NULL),
(88, 13, NULL),
(88, 14, NULL),
(88, 16, NULL),
(88, 17, NULL),
(88, 18, NULL),
(88, 19, NULL),
(88, 24, NULL),
(88, 25, NULL),
(88, 27, NULL),
(88, 28, NULL),
(88, 29, NULL),
(88, 30, NULL),
(88, 31, NULL),
(88, 32, NULL),
(88, 33, NULL),
(88, 34, NULL),
(88, 36, NULL),
(88, 37, NULL),
(88, 38, NULL),
(88, 40, NULL),
(88, 41, NULL),
(88, 42, NULL),
(88, 43, NULL),
(88, 46, NULL),
(88, 47, NULL),
(88, 48, NULL),
(88, 49, NULL),
(88, 51, NULL),
(88, 52, NULL),
(88, 53, NULL),
(88, 54, NULL),
(88, 55, NULL),
(88, 56, NULL),
(88, 57, NULL),
(88, 58, NULL),
(88, 59, NULL),
(88, 60, NULL),
(88, 61, NULL),
(88, 62, NULL),
(88, 63, NULL),
(88, 64, NULL),
(88, 65, NULL),
(88, 66, NULL),
(88, 67, NULL),
(88, 68, NULL),
(88, 69, NULL),
(89, 6, NULL),
(89, 8, NULL),
(89, 9, NULL),
(89, 10, NULL),
(89, 11, NULL),
(89, 12, NULL),
(89, 13, NULL),
(89, 14, NULL),
(89, 16, NULL),
(89, 17, NULL),
(89, 18, NULL),
(89, 19, NULL),
(89, 24, NULL),
(89, 25, NULL),
(89, 27, NULL),
(89, 28, NULL),
(89, 29, NULL),
(89, 30, NULL),
(89, 31, NULL),
(89, 32, NULL),
(89, 33, NULL),
(89, 34, NULL),
(89, 36, NULL),
(89, 37, NULL),
(89, 38, NULL),
(89, 40, NULL),
(89, 41, NULL),
(89, 42, NULL),
(89, 43, NULL),
(89, 46, NULL),
(89, 47, NULL),
(89, 48, NULL),
(89, 49, NULL),
(89, 51, NULL),
(89, 52, NULL),
(89, 53, NULL),
(89, 54, NULL),
(89, 55, NULL),
(89, 56, NULL),
(89, 57, NULL),
(89, 58, NULL),
(89, 59, NULL),
(89, 60, NULL),
(89, 61, NULL),
(89, 62, NULL),
(89, 63, NULL),
(89, 64, NULL),
(89, 65, NULL),
(89, 66, NULL),
(89, 67, NULL),
(89, 68, NULL),
(89, 69, NULL),
(90, 6, NULL),
(90, 8, NULL),
(90, 9, NULL),
(90, 10, NULL),
(90, 11, NULL),
(90, 12, NULL),
(90, 13, NULL),
(90, 14, NULL),
(90, 16, NULL),
(90, 17, NULL),
(90, 18, NULL),
(90, 19, NULL),
(90, 24, NULL),
(90, 25, NULL),
(90, 27, NULL),
(90, 28, NULL),
(90, 29, NULL),
(90, 30, NULL),
(90, 31, NULL),
(90, 32, NULL),
(90, 33, NULL),
(90, 34, NULL),
(90, 36, NULL),
(90, 37, NULL),
(90, 38, NULL),
(90, 40, NULL),
(90, 41, NULL),
(90, 42, NULL),
(90, 43, NULL),
(90, 46, NULL),
(90, 47, NULL),
(90, 48, NULL),
(90, 49, NULL),
(90, 51, NULL),
(90, 52, NULL),
(90, 53, NULL),
(90, 54, NULL),
(90, 55, NULL),
(90, 56, NULL),
(90, 57, NULL),
(90, 58, NULL),
(90, 59, NULL),
(90, 60, NULL),
(90, 61, NULL),
(90, 62, NULL),
(90, 63, NULL),
(90, 64, NULL),
(90, 65, NULL),
(90, 66, NULL),
(90, 67, NULL),
(90, 68, NULL),
(90, 69, NULL),
(91, 6, NULL),
(91, 8, NULL),
(91, 9, NULL),
(91, 10, NULL),
(91, 11, NULL),
(91, 12, NULL),
(91, 13, NULL),
(91, 14, NULL),
(91, 16, NULL),
(91, 17, NULL),
(91, 18, NULL),
(91, 19, NULL),
(91, 24, NULL),
(91, 25, NULL),
(91, 27, NULL),
(91, 28, NULL),
(91, 29, NULL),
(91, 30, NULL),
(91, 31, NULL),
(91, 32, NULL),
(91, 33, NULL),
(91, 34, NULL),
(91, 36, NULL),
(91, 37, NULL),
(91, 38, NULL),
(91, 40, NULL),
(91, 41, NULL),
(91, 42, NULL),
(91, 43, NULL),
(91, 46, NULL),
(91, 47, NULL),
(91, 48, NULL),
(91, 49, NULL),
(91, 51, NULL),
(91, 52, NULL),
(91, 53, NULL),
(91, 54, NULL),
(91, 55, NULL),
(91, 56, NULL),
(91, 57, NULL),
(91, 58, NULL),
(91, 59, NULL),
(91, 60, NULL),
(91, 61, NULL),
(91, 62, NULL),
(91, 63, NULL),
(91, 64, NULL),
(91, 65, NULL),
(91, 66, NULL),
(91, 67, NULL),
(91, 68, NULL),
(91, 69, NULL),
(92, 6, NULL),
(92, 8, NULL),
(92, 9, NULL),
(92, 10, NULL),
(92, 11, NULL),
(92, 12, NULL),
(92, 13, NULL),
(92, 14, NULL),
(92, 16, NULL),
(92, 17, NULL),
(92, 18, NULL),
(92, 19, NULL),
(92, 24, NULL),
(92, 25, NULL),
(92, 27, NULL),
(92, 28, NULL),
(92, 29, NULL),
(92, 30, NULL),
(92, 31, NULL),
(92, 32, NULL),
(92, 33, NULL),
(92, 34, NULL),
(92, 36, NULL),
(92, 37, NULL),
(92, 38, NULL),
(92, 40, NULL),
(92, 41, NULL),
(92, 42, NULL),
(92, 43, NULL),
(92, 46, NULL),
(92, 47, NULL),
(92, 48, NULL),
(92, 49, NULL),
(92, 51, NULL),
(92, 52, NULL),
(92, 53, NULL),
(92, 54, NULL),
(92, 55, NULL),
(92, 56, NULL),
(92, 57, NULL),
(92, 58, NULL),
(92, 59, NULL),
(92, 60, NULL),
(92, 61, NULL),
(92, 62, NULL),
(92, 63, NULL),
(92, 64, NULL),
(92, 65, NULL),
(92, 66, NULL),
(92, 67, NULL),
(92, 68, NULL),
(92, 69, NULL),
(93, 6, NULL),
(93, 8, NULL),
(93, 9, NULL),
(93, 10, NULL),
(93, 11, NULL),
(93, 12, NULL),
(93, 13, NULL),
(93, 14, NULL),
(93, 16, NULL),
(93, 17, NULL),
(93, 18, NULL),
(93, 19, NULL),
(93, 24, NULL),
(93, 25, NULL),
(93, 27, NULL),
(93, 28, NULL),
(93, 29, NULL),
(93, 30, NULL),
(93, 31, NULL),
(93, 32, NULL),
(93, 33, NULL),
(93, 34, NULL),
(93, 36, NULL),
(93, 37, NULL),
(93, 38, NULL),
(93, 40, NULL),
(93, 41, NULL),
(93, 42, NULL),
(93, 43, NULL),
(93, 46, NULL),
(93, 47, NULL),
(93, 48, NULL),
(93, 49, NULL),
(93, 51, NULL),
(93, 52, NULL),
(93, 53, NULL),
(93, 54, NULL),
(93, 55, NULL),
(93, 56, NULL),
(93, 57, NULL),
(93, 58, NULL),
(93, 59, NULL),
(93, 60, NULL),
(93, 61, NULL),
(93, 62, NULL),
(93, 63, NULL),
(93, 64, NULL),
(93, 65, NULL),
(93, 66, NULL),
(93, 67, NULL),
(93, 68, NULL),
(93, 69, NULL),
(94, 6, NULL),
(94, 8, NULL),
(94, 9, NULL),
(94, 10, NULL),
(94, 11, NULL),
(94, 12, NULL),
(94, 13, NULL),
(94, 14, NULL),
(94, 16, NULL),
(94, 17, NULL),
(94, 18, NULL),
(94, 19, NULL),
(94, 24, NULL),
(94, 25, NULL),
(94, 27, NULL),
(94, 28, NULL),
(94, 29, NULL),
(94, 30, NULL),
(94, 31, NULL),
(94, 32, NULL),
(94, 33, NULL),
(94, 34, NULL),
(94, 36, NULL),
(94, 37, NULL),
(94, 38, NULL),
(94, 40, NULL),
(94, 41, NULL),
(94, 42, NULL),
(94, 43, NULL),
(94, 46, NULL),
(94, 47, NULL),
(94, 48, NULL),
(94, 49, NULL),
(94, 51, NULL),
(94, 52, NULL),
(94, 53, NULL),
(94, 54, NULL),
(94, 55, NULL),
(94, 56, NULL),
(94, 57, NULL),
(94, 58, NULL),
(94, 59, NULL),
(94, 60, NULL),
(94, 61, NULL),
(94, 62, NULL),
(94, 63, NULL),
(94, 64, NULL),
(94, 65, NULL),
(94, 66, NULL),
(94, 67, NULL),
(94, 68, NULL),
(94, 69, NULL),
(95, 6, NULL),
(95, 8, NULL),
(95, 9, NULL),
(95, 10, NULL),
(95, 11, NULL),
(95, 12, NULL),
(95, 13, NULL),
(95, 14, NULL),
(95, 16, NULL),
(95, 17, NULL),
(95, 18, NULL),
(95, 19, NULL),
(95, 24, NULL),
(95, 25, NULL),
(95, 27, NULL),
(95, 28, NULL),
(95, 29, NULL),
(95, 30, NULL),
(95, 31, NULL),
(95, 32, NULL),
(95, 33, NULL),
(95, 34, NULL),
(95, 36, NULL),
(95, 37, NULL),
(95, 38, NULL),
(95, 40, NULL),
(95, 41, NULL),
(95, 42, NULL),
(95, 43, NULL),
(95, 46, NULL),
(95, 47, NULL),
(95, 48, NULL),
(95, 49, NULL),
(95, 51, NULL),
(95, 52, NULL),
(95, 53, NULL),
(95, 54, NULL),
(95, 55, NULL),
(95, 56, NULL),
(95, 57, NULL),
(95, 58, NULL),
(95, 59, NULL),
(95, 60, NULL),
(95, 61, NULL),
(95, 62, NULL),
(95, 63, NULL),
(95, 64, NULL),
(95, 65, NULL),
(95, 66, NULL),
(95, 67, NULL),
(95, 68, NULL),
(95, 69, NULL),
(96, 6, NULL),
(96, 8, NULL),
(96, 9, NULL),
(96, 10, NULL),
(96, 11, NULL),
(96, 12, NULL),
(96, 13, NULL),
(96, 14, NULL),
(96, 16, NULL),
(96, 17, NULL),
(96, 18, NULL),
(96, 19, NULL),
(96, 24, NULL),
(96, 25, NULL),
(96, 27, NULL),
(96, 28, NULL),
(96, 29, NULL),
(96, 30, NULL),
(96, 31, NULL),
(96, 32, NULL),
(96, 33, NULL),
(96, 34, NULL),
(96, 36, NULL),
(96, 37, NULL),
(96, 38, NULL),
(96, 40, NULL),
(96, 41, NULL),
(96, 42, NULL),
(96, 43, NULL),
(96, 46, NULL),
(96, 47, NULL),
(96, 48, NULL),
(96, 49, NULL),
(96, 51, NULL),
(96, 52, NULL),
(96, 53, NULL),
(96, 54, NULL),
(96, 55, NULL),
(96, 56, NULL),
(96, 57, NULL),
(96, 58, NULL),
(96, 59, NULL),
(96, 60, NULL),
(96, 61, NULL),
(96, 62, NULL),
(96, 63, NULL),
(96, 64, NULL),
(96, 65, NULL),
(96, 66, NULL),
(96, 67, NULL),
(96, 68, NULL),
(96, 69, NULL),
(97, 6, NULL),
(97, 8, NULL),
(97, 9, NULL),
(97, 10, NULL),
(97, 11, NULL),
(97, 12, NULL),
(97, 13, NULL),
(97, 14, NULL),
(97, 16, NULL),
(97, 17, NULL),
(97, 18, NULL),
(97, 19, NULL),
(97, 24, NULL),
(97, 25, NULL),
(97, 27, NULL),
(97, 28, NULL),
(97, 29, NULL),
(97, 30, NULL),
(97, 31, NULL),
(97, 32, NULL),
(97, 33, NULL),
(97, 34, NULL),
(97, 36, NULL),
(97, 37, NULL),
(97, 38, NULL),
(97, 40, NULL),
(97, 41, NULL),
(97, 42, NULL),
(97, 43, NULL),
(97, 46, NULL),
(97, 47, NULL),
(97, 48, NULL),
(97, 49, NULL),
(97, 51, NULL),
(97, 52, NULL),
(97, 53, NULL),
(97, 54, NULL),
(97, 55, NULL),
(97, 56, NULL),
(97, 57, NULL),
(97, 58, NULL),
(97, 59, NULL),
(97, 60, NULL),
(97, 61, NULL),
(97, 62, NULL),
(97, 63, NULL),
(97, 64, NULL),
(97, 65, NULL),
(97, 66, NULL),
(97, 67, NULL),
(97, 68, NULL),
(97, 69, NULL),
(98, 6, NULL),
(98, 8, NULL),
(98, 9, NULL),
(98, 10, NULL),
(98, 11, NULL),
(98, 12, NULL),
(98, 13, NULL),
(98, 14, NULL),
(98, 16, NULL),
(98, 17, NULL),
(98, 18, NULL),
(98, 19, NULL),
(98, 24, NULL),
(98, 25, NULL),
(98, 27, NULL),
(98, 28, NULL),
(98, 29, NULL),
(98, 30, NULL),
(98, 31, NULL),
(98, 32, NULL),
(98, 33, NULL),
(98, 34, NULL),
(98, 36, NULL),
(98, 37, NULL),
(98, 38, NULL),
(98, 40, NULL),
(98, 41, NULL),
(98, 42, NULL),
(98, 43, NULL),
(98, 46, NULL),
(98, 47, NULL),
(98, 49, NULL),
(98, 51, NULL),
(98, 52, NULL),
(98, 53, NULL),
(98, 54, NULL),
(98, 55, NULL),
(98, 56, NULL),
(98, 57, NULL),
(98, 58, NULL),
(98, 59, NULL),
(98, 60, NULL),
(98, 61, NULL),
(98, 62, NULL),
(98, 63, NULL),
(98, 64, NULL),
(98, 65, NULL),
(98, 66, NULL),
(98, 67, NULL),
(98, 68, NULL),
(98, 69, NULL),
(99, 6, NULL),
(99, 8, NULL),
(99, 9, NULL),
(99, 10, NULL),
(99, 11, NULL),
(99, 12, NULL),
(99, 13, NULL),
(99, 14, NULL),
(99, 16, NULL),
(99, 17, NULL),
(99, 18, NULL),
(99, 19, NULL),
(99, 24, NULL),
(99, 25, NULL),
(99, 27, NULL),
(99, 28, NULL),
(99, 29, NULL),
(99, 30, NULL),
(99, 31, NULL),
(99, 32, NULL),
(99, 33, NULL),
(99, 34, NULL),
(99, 36, NULL),
(99, 37, NULL),
(99, 38, NULL),
(99, 40, NULL),
(99, 41, NULL),
(99, 42, NULL),
(99, 43, NULL),
(99, 46, NULL),
(99, 47, NULL),
(99, 49, NULL),
(99, 51, NULL),
(99, 52, NULL),
(99, 53, NULL),
(99, 54, NULL),
(99, 55, NULL),
(99, 56, NULL),
(99, 57, NULL),
(99, 58, NULL),
(99, 59, NULL),
(99, 60, NULL),
(99, 61, NULL),
(99, 62, NULL),
(99, 63, NULL),
(99, 64, NULL),
(99, 65, NULL),
(99, 66, NULL),
(99, 67, NULL),
(99, 68, NULL),
(99, 69, NULL),
(100, 6, NULL),
(100, 8, NULL),
(100, 9, NULL),
(100, 10, NULL),
(100, 11, NULL),
(100, 12, NULL),
(100, 13, NULL),
(100, 14, NULL),
(100, 16, NULL),
(100, 17, NULL),
(100, 18, NULL),
(100, 19, NULL),
(100, 24, NULL),
(100, 25, NULL),
(100, 27, NULL),
(100, 28, NULL),
(100, 29, NULL),
(100, 30, NULL),
(100, 31, NULL),
(100, 32, NULL),
(100, 33, NULL),
(100, 34, NULL),
(100, 36, NULL),
(100, 37, NULL),
(100, 38, NULL),
(100, 40, NULL),
(100, 41, NULL),
(100, 42, NULL),
(100, 43, NULL),
(100, 46, NULL),
(100, 47, NULL),
(100, 49, NULL),
(100, 51, NULL),
(100, 52, NULL),
(100, 53, NULL),
(100, 54, NULL),
(100, 55, NULL),
(100, 56, NULL),
(100, 57, NULL),
(100, 58, NULL),
(100, 59, NULL),
(100, 60, NULL),
(100, 61, NULL),
(100, 62, NULL),
(100, 63, NULL),
(100, 64, NULL),
(100, 65, NULL),
(100, 66, NULL),
(100, 67, NULL),
(100, 68, NULL),
(100, 69, NULL),
(101, 6, NULL),
(101, 8, NULL),
(101, 9, NULL),
(101, 10, NULL),
(101, 11, NULL),
(101, 12, NULL),
(101, 13, NULL),
(101, 14, NULL),
(101, 16, NULL),
(101, 17, NULL),
(101, 18, NULL),
(101, 19, NULL),
(101, 24, NULL),
(101, 25, NULL),
(101, 27, NULL),
(101, 28, NULL),
(101, 29, NULL),
(101, 30, NULL),
(101, 31, NULL),
(101, 32, NULL),
(101, 33, NULL),
(101, 34, NULL),
(101, 36, NULL),
(101, 37, NULL),
(101, 38, NULL),
(101, 40, NULL),
(101, 41, NULL),
(101, 42, NULL),
(101, 43, NULL),
(101, 46, NULL),
(101, 47, NULL),
(101, 49, NULL),
(101, 51, NULL),
(101, 52, NULL),
(101, 53, NULL),
(101, 54, NULL),
(101, 55, NULL),
(101, 56, NULL),
(101, 57, NULL),
(101, 58, NULL),
(101, 59, NULL),
(101, 60, NULL),
(101, 61, NULL),
(101, 62, NULL),
(101, 63, NULL),
(101, 64, NULL),
(101, 65, NULL),
(101, 66, NULL),
(101, 67, NULL),
(101, 68, NULL),
(101, 69, NULL),
(102, 6, NULL),
(102, 8, NULL),
(102, 9, NULL),
(102, 10, NULL),
(102, 11, NULL),
(102, 12, NULL),
(102, 13, NULL),
(102, 14, NULL),
(102, 16, NULL),
(102, 17, NULL),
(102, 18, NULL),
(102, 19, NULL),
(102, 24, NULL),
(102, 25, NULL),
(102, 27, NULL),
(102, 28, NULL),
(102, 29, NULL),
(102, 30, NULL),
(102, 31, NULL),
(102, 32, NULL),
(102, 33, NULL),
(102, 34, NULL),
(102, 36, NULL),
(102, 37, NULL),
(102, 38, NULL),
(102, 40, NULL),
(102, 41, NULL),
(102, 42, NULL),
(102, 43, NULL),
(102, 46, NULL),
(102, 47, NULL),
(102, 49, NULL),
(102, 51, NULL),
(102, 52, NULL),
(102, 53, NULL),
(102, 54, NULL),
(102, 55, NULL),
(102, 56, NULL),
(102, 57, NULL),
(102, 58, NULL),
(102, 59, NULL),
(102, 60, NULL),
(102, 61, NULL),
(102, 62, NULL),
(102, 63, NULL),
(102, 64, NULL),
(102, 65, NULL),
(102, 66, NULL),
(102, 67, NULL),
(102, 68, NULL),
(102, 69, NULL),
(103, 6, NULL),
(103, 8, NULL),
(103, 9, NULL),
(103, 10, NULL),
(103, 11, NULL),
(103, 12, NULL),
(103, 13, NULL),
(103, 14, NULL),
(103, 16, NULL),
(103, 17, NULL),
(103, 18, NULL),
(103, 19, NULL),
(103, 24, NULL),
(103, 25, NULL),
(103, 27, NULL),
(103, 28, NULL),
(103, 29, NULL),
(103, 30, NULL),
(103, 31, NULL),
(103, 32, NULL),
(103, 33, NULL),
(103, 34, NULL),
(103, 36, NULL),
(103, 37, NULL),
(103, 38, NULL),
(103, 40, NULL),
(103, 41, NULL),
(103, 42, NULL),
(103, 43, NULL),
(103, 46, NULL),
(103, 47, NULL),
(103, 49, NULL),
(103, 51, NULL),
(103, 52, NULL),
(103, 53, NULL),
(103, 54, NULL),
(103, 55, NULL),
(103, 56, NULL),
(103, 57, NULL),
(103, 58, NULL),
(103, 59, NULL),
(103, 60, NULL),
(103, 61, NULL),
(103, 62, NULL),
(103, 63, NULL),
(103, 64, NULL),
(103, 65, NULL),
(103, 66, NULL),
(103, 67, NULL),
(103, 68, NULL),
(103, 69, NULL),
(104, 6, NULL),
(104, 8, NULL),
(104, 9, NULL),
(104, 10, NULL),
(104, 11, NULL),
(104, 12, NULL),
(104, 13, NULL),
(104, 14, NULL),
(104, 16, NULL),
(104, 17, NULL),
(104, 18, NULL),
(104, 19, NULL),
(104, 24, NULL),
(104, 25, NULL),
(104, 27, NULL),
(104, 28, NULL),
(104, 29, NULL),
(104, 30, NULL),
(104, 31, NULL),
(104, 32, NULL),
(104, 33, NULL),
(104, 34, NULL),
(104, 36, NULL),
(104, 37, NULL),
(104, 38, NULL),
(104, 40, NULL),
(104, 41, NULL),
(104, 42, NULL),
(104, 46, NULL),
(104, 47, NULL),
(104, 49, NULL),
(104, 51, NULL),
(104, 52, NULL),
(104, 53, NULL),
(104, 54, NULL),
(104, 55, NULL),
(104, 56, NULL),
(104, 57, NULL),
(104, 58, NULL),
(104, 59, NULL),
(104, 60, NULL),
(104, 61, NULL),
(104, 62, NULL),
(104, 63, NULL),
(104, 64, NULL),
(104, 65, NULL),
(104, 66, NULL),
(104, 67, NULL),
(104, 68, NULL),
(104, 69, NULL),
(105, 6, NULL),
(105, 8, NULL),
(105, 9, NULL),
(105, 10, NULL),
(105, 11, NULL),
(105, 12, NULL),
(105, 13, NULL),
(105, 14, NULL),
(105, 16, NULL),
(105, 17, NULL),
(105, 18, NULL),
(105, 19, NULL),
(105, 24, NULL),
(105, 25, NULL),
(105, 27, NULL),
(105, 28, NULL),
(105, 29, NULL),
(105, 30, NULL),
(105, 31, NULL),
(105, 32, NULL),
(105, 33, NULL),
(105, 34, NULL),
(105, 36, NULL),
(105, 37, NULL),
(105, 38, NULL),
(105, 40, NULL),
(105, 41, NULL),
(105, 42, NULL),
(105, 46, NULL),
(105, 47, NULL),
(105, 49, NULL),
(105, 51, NULL),
(105, 52, NULL),
(105, 53, NULL),
(105, 54, NULL),
(105, 55, NULL),
(105, 56, NULL),
(105, 57, NULL),
(105, 58, NULL),
(105, 59, NULL),
(105, 60, NULL),
(105, 61, NULL),
(105, 62, NULL),
(105, 63, NULL),
(105, 64, NULL),
(105, 65, NULL),
(105, 66, NULL),
(105, 67, NULL),
(105, 68, NULL),
(105, 69, NULL),
(106, 6, NULL),
(106, 8, NULL),
(106, 9, NULL),
(106, 10, NULL),
(106, 11, NULL),
(106, 12, NULL),
(106, 13, NULL),
(106, 14, NULL),
(106, 16, NULL),
(106, 17, NULL),
(106, 18, NULL),
(106, 19, NULL),
(106, 24, NULL),
(106, 25, NULL),
(106, 27, NULL),
(106, 28, NULL),
(106, 29, NULL),
(106, 30, NULL),
(106, 31, NULL),
(106, 32, NULL),
(106, 33, NULL),
(106, 34, NULL),
(106, 36, NULL),
(106, 37, NULL),
(106, 38, NULL),
(106, 40, NULL),
(106, 41, NULL),
(106, 42, NULL),
(106, 46, NULL),
(106, 47, NULL),
(106, 49, NULL),
(106, 51, NULL),
(106, 52, NULL),
(106, 53, NULL),
(106, 54, NULL),
(106, 55, NULL),
(106, 56, NULL),
(106, 57, NULL),
(106, 58, NULL),
(106, 59, NULL),
(106, 60, NULL),
(106, 61, NULL),
(106, 62, NULL),
(106, 63, NULL),
(106, 64, NULL),
(106, 65, NULL),
(106, 66, NULL),
(106, 67, NULL),
(106, 68, NULL),
(106, 69, NULL),
(107, 6, NULL),
(107, 8, NULL),
(107, 9, NULL),
(107, 10, NULL),
(107, 11, NULL),
(107, 12, NULL),
(107, 13, NULL),
(107, 14, NULL),
(107, 16, NULL),
(107, 17, NULL),
(107, 18, NULL),
(107, 19, NULL),
(107, 24, NULL),
(107, 25, NULL),
(107, 27, NULL),
(107, 28, NULL),
(107, 29, NULL),
(107, 30, NULL),
(107, 31, NULL),
(107, 32, NULL),
(107, 33, NULL),
(107, 34, NULL),
(107, 36, NULL),
(107, 37, NULL),
(107, 38, NULL),
(107, 40, NULL),
(107, 41, NULL),
(107, 42, NULL),
(107, 46, NULL),
(107, 47, NULL),
(107, 49, NULL),
(107, 51, NULL),
(107, 52, NULL),
(107, 53, NULL),
(107, 54, NULL),
(107, 55, NULL),
(107, 56, NULL),
(107, 57, NULL),
(107, 58, NULL),
(107, 59, NULL),
(107, 60, NULL),
(107, 61, NULL),
(107, 62, NULL),
(107, 63, NULL),
(107, 64, NULL),
(107, 65, NULL),
(107, 66, NULL),
(107, 67, NULL),
(107, 68, NULL),
(107, 69, NULL),
(108, 6, NULL),
(108, 8, NULL),
(108, 9, NULL),
(108, 10, NULL),
(108, 11, NULL),
(108, 12, NULL),
(108, 13, NULL),
(108, 14, NULL),
(108, 16, NULL),
(108, 17, NULL),
(108, 18, NULL),
(108, 19, NULL),
(108, 24, NULL),
(108, 25, NULL),
(108, 27, NULL),
(108, 28, NULL),
(108, 29, NULL),
(108, 30, NULL),
(108, 31, NULL),
(108, 32, NULL),
(108, 33, NULL),
(108, 34, NULL),
(108, 36, NULL),
(108, 37, NULL),
(108, 38, NULL),
(108, 40, NULL),
(108, 41, NULL),
(108, 42, NULL),
(108, 46, NULL),
(108, 47, NULL),
(108, 49, NULL),
(108, 51, NULL),
(108, 52, NULL),
(108, 53, NULL),
(108, 54, NULL),
(108, 55, NULL),
(108, 56, NULL),
(108, 57, NULL),
(108, 58, NULL),
(108, 59, NULL),
(108, 60, NULL),
(108, 61, NULL),
(108, 62, NULL),
(108, 63, NULL),
(108, 64, NULL),
(108, 65, NULL),
(108, 66, NULL),
(108, 67, NULL),
(108, 68, NULL),
(108, 69, NULL),
(109, 6, NULL),
(109, 8, NULL),
(109, 9, NULL),
(109, 10, NULL),
(109, 11, NULL),
(109, 12, NULL),
(109, 13, NULL),
(109, 14, NULL),
(109, 16, NULL),
(109, 17, NULL),
(109, 18, NULL),
(109, 19, NULL),
(109, 24, NULL),
(109, 25, NULL),
(109, 27, NULL),
(109, 28, NULL),
(109, 29, NULL),
(109, 30, NULL),
(109, 31, NULL),
(109, 32, NULL),
(109, 33, NULL),
(109, 34, NULL),
(109, 36, NULL),
(109, 37, NULL),
(109, 38, NULL),
(109, 40, NULL),
(109, 41, NULL),
(109, 42, NULL),
(109, 46, NULL),
(109, 47, NULL),
(109, 49, NULL),
(109, 51, NULL),
(109, 52, NULL),
(109, 53, NULL),
(109, 54, NULL),
(109, 55, NULL),
(109, 56, NULL),
(109, 57, NULL),
(109, 58, NULL),
(109, 59, NULL),
(109, 60, NULL),
(109, 61, NULL),
(109, 62, NULL),
(109, 63, NULL),
(109, 64, NULL),
(109, 65, NULL),
(109, 66, NULL),
(109, 67, NULL),
(109, 68, NULL),
(109, 69, NULL),
(110, 6, NULL),
(110, 8, NULL),
(110, 9, NULL),
(110, 10, NULL),
(110, 11, NULL),
(110, 12, NULL),
(110, 13, NULL),
(110, 14, NULL),
(110, 16, NULL),
(110, 17, NULL),
(110, 18, NULL),
(110, 19, NULL),
(110, 24, NULL),
(110, 25, NULL),
(110, 27, NULL),
(110, 28, NULL),
(110, 29, NULL),
(110, 30, NULL),
(110, 31, NULL),
(110, 32, NULL),
(110, 33, NULL),
(110, 34, NULL),
(110, 36, NULL),
(110, 37, NULL),
(110, 38, NULL),
(110, 40, NULL),
(110, 41, NULL),
(110, 42, NULL),
(110, 46, NULL),
(110, 47, NULL),
(110, 49, NULL),
(110, 51, NULL),
(110, 52, NULL),
(110, 53, NULL),
(110, 54, NULL),
(110, 55, NULL),
(110, 56, NULL),
(110, 57, NULL),
(110, 58, NULL),
(110, 59, NULL),
(110, 60, NULL),
(110, 61, NULL),
(110, 62, NULL),
(110, 63, NULL),
(110, 64, NULL),
(110, 65, NULL),
(110, 66, NULL),
(110, 67, NULL),
(110, 68, NULL),
(110, 69, NULL),
(111, 6, NULL),
(111, 8, NULL),
(111, 9, NULL),
(111, 10, NULL),
(111, 11, NULL),
(111, 12, NULL),
(111, 13, NULL),
(111, 14, NULL),
(111, 16, NULL),
(111, 17, NULL),
(111, 18, NULL),
(111, 19, NULL),
(111, 24, NULL),
(111, 25, NULL),
(111, 27, NULL),
(111, 28, NULL),
(111, 29, NULL),
(111, 30, NULL),
(111, 31, NULL),
(111, 32, NULL),
(111, 33, NULL),
(111, 34, NULL),
(111, 36, NULL),
(111, 37, NULL),
(111, 38, NULL),
(111, 40, NULL),
(111, 41, NULL),
(111, 42, NULL),
(111, 46, NULL),
(111, 47, NULL),
(111, 49, NULL),
(111, 51, NULL),
(111, 52, NULL),
(111, 53, NULL),
(111, 54, NULL),
(111, 55, NULL),
(111, 56, NULL),
(111, 57, NULL),
(111, 58, NULL),
(111, 59, NULL),
(111, 60, NULL),
(111, 61, NULL),
(111, 62, NULL),
(111, 63, NULL),
(111, 64, NULL),
(111, 65, NULL),
(111, 66, NULL),
(111, 67, NULL),
(111, 68, NULL),
(111, 69, NULL),
(112, 6, NULL),
(112, 8, NULL),
(112, 9, NULL),
(112, 10, NULL),
(112, 11, NULL),
(112, 12, NULL),
(112, 13, NULL),
(112, 14, NULL),
(112, 16, NULL),
(112, 17, NULL),
(112, 18, NULL),
(112, 19, NULL),
(112, 24, NULL),
(112, 25, NULL),
(112, 27, NULL),
(112, 28, NULL),
(112, 29, NULL),
(112, 30, NULL),
(112, 31, NULL),
(112, 32, NULL),
(112, 33, NULL),
(112, 34, NULL),
(112, 36, NULL),
(112, 37, NULL),
(112, 38, NULL),
(112, 40, NULL),
(112, 41, NULL),
(112, 42, NULL),
(112, 46, NULL),
(112, 47, NULL),
(112, 49, NULL),
(112, 51, NULL),
(112, 52, NULL),
(112, 53, NULL),
(112, 54, NULL),
(112, 55, NULL),
(112, 56, NULL),
(112, 57, NULL),
(112, 58, NULL),
(112, 59, NULL),
(112, 60, NULL),
(112, 61, NULL),
(112, 62, NULL),
(112, 63, NULL),
(112, 64, NULL),
(112, 65, NULL),
(112, 66, NULL),
(112, 67, NULL),
(112, 68, NULL),
(112, 69, NULL),
(113, 6, NULL),
(113, 8, NULL),
(113, 9, NULL),
(113, 10, NULL),
(113, 11, NULL),
(113, 12, NULL),
(113, 13, NULL),
(113, 14, NULL),
(113, 16, NULL),
(113, 17, NULL),
(113, 18, NULL),
(113, 19, NULL),
(113, 24, NULL),
(113, 25, NULL),
(113, 27, NULL),
(113, 28, NULL),
(113, 29, NULL),
(113, 30, NULL),
(113, 31, NULL),
(113, 32, NULL),
(113, 33, NULL),
(113, 34, NULL),
(113, 36, NULL),
(113, 37, NULL),
(113, 38, NULL),
(113, 40, NULL),
(113, 41, NULL),
(113, 42, NULL),
(113, 46, NULL),
(113, 47, NULL),
(113, 49, NULL),
(113, 51, NULL),
(113, 52, NULL),
(113, 53, NULL),
(113, 54, NULL),
(113, 55, NULL),
(113, 56, NULL),
(113, 57, NULL),
(113, 58, NULL),
(113, 59, NULL),
(113, 60, NULL),
(113, 61, NULL),
(113, 62, NULL),
(113, 63, NULL),
(113, 64, NULL),
(113, 65, NULL),
(113, 66, NULL),
(113, 67, NULL),
(113, 68, NULL),
(113, 69, NULL),
(114, 6, NULL),
(114, 8, NULL),
(114, 9, NULL),
(114, 10, NULL),
(114, 11, NULL),
(114, 12, NULL),
(114, 13, NULL),
(114, 14, NULL),
(114, 16, NULL),
(114, 17, NULL),
(114, 18, NULL),
(114, 19, NULL),
(114, 24, NULL),
(114, 25, NULL),
(114, 27, NULL),
(114, 28, NULL),
(114, 29, NULL),
(114, 30, NULL),
(114, 31, NULL),
(114, 32, NULL),
(114, 33, NULL),
(114, 34, NULL),
(114, 36, NULL),
(114, 37, NULL),
(114, 38, NULL),
(114, 40, NULL),
(114, 41, NULL),
(114, 42, NULL),
(114, 46, NULL),
(114, 47, NULL),
(114, 49, NULL),
(114, 51, NULL),
(114, 52, NULL),
(114, 53, NULL),
(114, 54, NULL),
(114, 55, NULL),
(114, 56, NULL),
(114, 57, NULL),
(114, 58, NULL),
(114, 59, NULL),
(114, 60, NULL),
(114, 61, NULL),
(114, 62, NULL),
(114, 63, NULL),
(114, 64, NULL),
(114, 65, NULL),
(114, 66, NULL),
(114, 67, NULL),
(114, 68, NULL),
(114, 69, NULL),
(115, 6, NULL),
(115, 8, NULL),
(115, 9, NULL),
(115, 10, NULL),
(115, 11, NULL),
(115, 12, NULL),
(115, 13, NULL),
(115, 14, NULL),
(115, 16, NULL),
(115, 17, NULL),
(115, 18, NULL),
(115, 19, NULL),
(115, 24, NULL),
(115, 25, NULL),
(115, 27, NULL),
(115, 28, NULL),
(115, 29, NULL),
(115, 30, NULL),
(115, 31, NULL),
(115, 32, NULL),
(115, 33, NULL),
(115, 34, NULL),
(115, 36, NULL),
(115, 37, NULL),
(115, 38, NULL),
(115, 40, NULL),
(115, 41, NULL),
(115, 42, NULL),
(115, 46, NULL),
(115, 47, NULL),
(115, 49, NULL),
(115, 51, NULL),
(115, 52, NULL),
(115, 53, NULL),
(115, 54, NULL),
(115, 55, NULL),
(115, 56, NULL),
(115, 57, NULL),
(115, 58, NULL),
(115, 59, NULL),
(115, 60, NULL),
(115, 61, NULL),
(115, 62, NULL),
(115, 63, NULL),
(115, 64, NULL),
(115, 65, NULL),
(115, 66, NULL),
(115, 67, NULL),
(115, 68, NULL),
(115, 69, NULL),
(116, 6, NULL),
(116, 8, NULL),
(116, 9, NULL),
(116, 10, NULL),
(116, 11, NULL),
(116, 12, NULL),
(116, 13, NULL),
(116, 14, NULL),
(116, 16, NULL),
(116, 17, NULL),
(116, 18, NULL),
(116, 19, NULL),
(116, 24, NULL),
(116, 25, NULL),
(116, 27, NULL),
(116, 28, NULL),
(116, 29, NULL),
(116, 30, NULL),
(116, 31, NULL),
(116, 32, NULL),
(116, 33, NULL),
(116, 34, NULL),
(116, 36, NULL),
(116, 37, NULL),
(116, 38, NULL),
(116, 40, NULL),
(116, 41, NULL),
(116, 42, NULL),
(116, 46, NULL),
(116, 47, NULL),
(116, 49, NULL),
(116, 51, NULL),
(116, 52, NULL),
(116, 53, NULL),
(116, 54, NULL),
(116, 55, NULL),
(116, 56, NULL),
(116, 57, NULL),
(116, 58, NULL),
(116, 59, NULL),
(116, 60, NULL),
(116, 61, NULL),
(116, 62, NULL),
(116, 63, NULL),
(116, 64, NULL),
(116, 65, NULL),
(116, 66, NULL),
(116, 67, NULL),
(116, 68, NULL),
(116, 69, NULL),
(117, 6, NULL),
(117, 8, NULL),
(117, 9, NULL),
(117, 10, NULL),
(117, 11, NULL),
(117, 12, NULL),
(117, 13, NULL),
(117, 14, NULL),
(117, 16, NULL),
(117, 17, NULL),
(117, 18, NULL),
(117, 19, NULL),
(117, 24, NULL),
(117, 25, NULL),
(117, 27, NULL),
(117, 28, NULL),
(117, 29, NULL),
(117, 30, NULL),
(117, 31, NULL),
(117, 32, NULL),
(117, 33, NULL),
(117, 34, NULL),
(117, 36, NULL),
(117, 37, NULL),
(117, 38, NULL),
(117, 40, NULL),
(117, 41, NULL),
(117, 42, NULL),
(117, 46, NULL),
(117, 47, NULL),
(117, 49, NULL),
(117, 51, NULL),
(117, 52, NULL),
(117, 53, NULL),
(117, 54, NULL),
(117, 55, NULL),
(117, 56, NULL),
(117, 57, NULL),
(117, 58, NULL),
(117, 59, NULL),
(117, 60, NULL),
(117, 61, NULL),
(117, 62, NULL),
(117, 63, NULL),
(117, 64, NULL),
(117, 65, NULL),
(117, 66, NULL),
(117, 67, NULL),
(117, 68, NULL),
(117, 69, NULL),
(118, 6, NULL),
(118, 8, NULL),
(118, 9, NULL),
(118, 10, NULL),
(118, 11, NULL),
(118, 12, NULL),
(118, 13, NULL),
(118, 14, NULL),
(118, 16, NULL),
(118, 17, NULL),
(118, 18, NULL),
(118, 19, NULL),
(118, 24, NULL),
(118, 25, NULL),
(118, 27, NULL),
(118, 28, NULL),
(118, 29, NULL),
(118, 30, NULL),
(118, 31, NULL),
(118, 32, NULL),
(118, 33, NULL),
(118, 34, NULL),
(118, 36, NULL),
(118, 37, NULL),
(118, 38, NULL),
(118, 40, NULL),
(118, 41, NULL),
(118, 42, NULL),
(118, 46, NULL),
(118, 47, NULL),
(118, 49, NULL),
(118, 51, NULL),
(118, 52, NULL),
(118, 53, NULL),
(118, 54, NULL),
(118, 55, NULL),
(118, 56, NULL),
(118, 57, NULL),
(118, 58, NULL),
(118, 59, NULL),
(118, 60, NULL),
(118, 61, NULL),
(118, 62, NULL),
(118, 63, NULL),
(118, 64, NULL),
(118, 65, NULL),
(118, 66, NULL),
(118, 67, NULL),
(118, 68, NULL),
(118, 69, NULL),
(119, 6, NULL),
(119, 8, NULL),
(119, 9, NULL),
(119, 10, NULL),
(119, 11, NULL),
(119, 12, NULL),
(119, 13, NULL),
(119, 14, NULL),
(119, 16, NULL),
(119, 17, NULL),
(119, 18, NULL),
(119, 19, NULL),
(119, 24, NULL),
(119, 25, NULL),
(119, 27, NULL),
(119, 28, NULL),
(119, 29, NULL),
(119, 30, NULL),
(119, 31, NULL),
(119, 32, NULL),
(119, 33, NULL),
(119, 34, NULL),
(119, 36, NULL),
(119, 37, NULL),
(119, 38, NULL),
(119, 40, NULL),
(119, 41, NULL),
(119, 42, NULL),
(119, 46, NULL),
(119, 47, NULL),
(119, 49, NULL),
(119, 51, NULL),
(119, 52, NULL),
(119, 53, NULL),
(119, 54, NULL),
(119, 55, NULL),
(119, 56, NULL),
(119, 57, NULL),
(119, 58, NULL),
(119, 59, NULL),
(119, 60, NULL),
(119, 61, NULL),
(119, 62, NULL),
(119, 63, NULL),
(119, 64, NULL),
(119, 65, NULL),
(119, 66, NULL),
(119, 67, NULL),
(119, 68, NULL),
(119, 69, NULL),
(120, 6, NULL),
(120, 8, NULL),
(120, 9, NULL),
(120, 10, NULL),
(120, 11, NULL),
(120, 12, NULL),
(120, 13, NULL),
(120, 14, NULL),
(120, 16, NULL),
(120, 17, NULL),
(120, 18, NULL),
(120, 19, NULL),
(120, 24, NULL),
(120, 25, NULL),
(120, 27, NULL),
(120, 28, NULL),
(120, 29, NULL),
(120, 30, NULL),
(120, 31, NULL),
(120, 32, NULL),
(120, 33, NULL),
(120, 34, NULL),
(120, 36, NULL),
(120, 37, NULL),
(120, 38, NULL),
(120, 40, NULL),
(120, 41, NULL),
(120, 42, NULL),
(120, 46, NULL),
(120, 47, NULL),
(120, 49, NULL),
(120, 51, NULL),
(120, 52, NULL),
(120, 53, NULL),
(120, 54, NULL),
(120, 55, NULL),
(120, 56, NULL),
(120, 57, NULL),
(120, 58, NULL),
(120, 59, NULL),
(120, 60, NULL),
(120, 61, NULL),
(120, 62, NULL),
(120, 63, NULL),
(120, 64, NULL),
(120, 65, NULL),
(120, 66, NULL),
(120, 67, NULL),
(120, 68, NULL),
(120, 69, NULL),
(121, 6, NULL),
(121, 8, NULL),
(121, 9, NULL),
(121, 10, NULL),
(121, 11, NULL),
(121, 12, NULL),
(121, 13, NULL),
(121, 14, NULL),
(121, 16, NULL),
(121, 17, NULL),
(121, 18, NULL),
(121, 19, NULL),
(121, 24, NULL),
(121, 25, NULL),
(121, 27, NULL),
(121, 28, NULL),
(121, 29, NULL),
(121, 30, NULL),
(121, 31, NULL),
(121, 32, NULL),
(121, 33, NULL),
(121, 34, NULL),
(121, 36, NULL),
(121, 37, NULL),
(121, 38, NULL),
(121, 40, NULL),
(121, 41, NULL),
(121, 42, NULL),
(121, 46, NULL),
(121, 47, NULL),
(121, 49, NULL),
(121, 51, NULL),
(121, 52, NULL),
(121, 53, NULL),
(121, 54, NULL),
(121, 55, NULL),
(121, 56, NULL),
(121, 57, NULL),
(121, 58, NULL),
(121, 59, NULL),
(121, 60, NULL),
(121, 61, NULL),
(121, 62, NULL),
(121, 63, NULL),
(121, 64, NULL),
(121, 65, NULL),
(121, 66, NULL),
(121, 67, NULL),
(121, 68, NULL),
(121, 69, NULL),
(122, 6, NULL),
(122, 8, NULL),
(122, 9, NULL),
(122, 10, NULL),
(122, 11, NULL),
(122, 12, NULL),
(122, 13, NULL),
(122, 14, NULL),
(122, 16, NULL),
(122, 17, NULL),
(122, 18, NULL),
(122, 19, NULL),
(122, 24, NULL),
(122, 25, NULL),
(122, 27, NULL),
(122, 28, NULL),
(122, 29, NULL),
(122, 30, NULL),
(122, 31, NULL),
(122, 32, NULL),
(122, 33, NULL),
(122, 34, NULL),
(122, 36, NULL),
(122, 37, NULL),
(122, 38, NULL),
(122, 40, NULL),
(122, 41, NULL),
(122, 42, NULL),
(122, 46, NULL),
(122, 47, NULL),
(122, 49, NULL),
(122, 51, NULL),
(122, 52, NULL),
(122, 53, NULL),
(122, 54, NULL),
(122, 55, NULL),
(122, 56, NULL),
(122, 57, NULL),
(122, 58, NULL),
(122, 59, NULL),
(122, 60, NULL),
(122, 61, NULL),
(122, 62, NULL),
(122, 63, NULL),
(122, 64, NULL),
(122, 65, NULL),
(122, 66, NULL),
(122, 67, NULL),
(122, 68, NULL),
(122, 69, NULL),
(123, 6, NULL),
(123, 8, NULL),
(123, 9, NULL),
(123, 10, NULL),
(123, 11, NULL),
(123, 12, NULL),
(123, 13, NULL),
(123, 14, NULL),
(123, 16, NULL),
(123, 17, NULL),
(123, 18, NULL),
(123, 19, NULL),
(123, 24, NULL),
(123, 25, NULL),
(123, 27, NULL),
(123, 28, NULL),
(123, 29, NULL),
(123, 30, NULL),
(123, 31, NULL),
(123, 32, NULL),
(123, 33, NULL),
(123, 34, NULL),
(123, 36, NULL),
(123, 37, NULL),
(123, 38, NULL),
(123, 40, NULL),
(123, 41, NULL),
(123, 42, NULL),
(123, 46, NULL),
(123, 47, NULL),
(123, 49, NULL),
(123, 51, NULL),
(123, 52, NULL),
(123, 53, NULL),
(123, 54, NULL),
(123, 55, NULL),
(123, 56, NULL),
(123, 57, NULL),
(123, 58, NULL),
(123, 59, NULL),
(123, 60, NULL),
(123, 61, NULL),
(123, 62, NULL),
(123, 63, NULL),
(123, 64, NULL),
(123, 65, NULL),
(123, 66, NULL),
(123, 67, NULL),
(123, 68, NULL),
(123, 69, NULL),
(124, 6, NULL),
(124, 8, NULL),
(124, 9, NULL),
(124, 10, NULL),
(124, 11, NULL),
(124, 12, NULL),
(124, 13, NULL),
(124, 14, NULL),
(124, 16, NULL),
(124, 17, NULL),
(124, 18, NULL),
(124, 19, NULL),
(124, 24, NULL),
(124, 25, NULL),
(124, 27, NULL),
(124, 28, NULL),
(124, 29, NULL),
(124, 30, NULL),
(124, 31, NULL),
(124, 32, NULL),
(124, 33, NULL),
(124, 34, NULL),
(124, 36, NULL),
(124, 37, NULL),
(124, 38, NULL),
(124, 40, NULL),
(124, 41, NULL),
(124, 42, NULL),
(124, 46, NULL),
(124, 47, NULL),
(124, 49, NULL),
(124, 51, NULL),
(124, 52, NULL),
(124, 53, NULL),
(124, 54, NULL),
(124, 55, NULL),
(124, 56, NULL),
(124, 57, NULL),
(124, 58, NULL),
(124, 59, NULL),
(124, 60, NULL),
(124, 61, NULL),
(124, 62, NULL),
(124, 63, NULL),
(124, 64, NULL),
(124, 65, NULL),
(124, 66, NULL),
(124, 67, NULL),
(124, 68, NULL),
(124, 69, NULL),
(125, 6, NULL),
(125, 8, NULL),
(125, 9, NULL),
(125, 10, NULL),
(125, 11, NULL),
(125, 12, NULL),
(125, 13, NULL),
(125, 14, NULL),
(125, 16, NULL),
(125, 17, NULL),
(125, 18, NULL),
(125, 19, NULL),
(125, 24, NULL),
(125, 25, NULL),
(125, 27, NULL),
(125, 28, NULL),
(125, 29, NULL),
(125, 30, NULL),
(125, 31, NULL),
(125, 32, NULL),
(125, 33, NULL),
(125, 34, NULL),
(125, 36, NULL),
(125, 37, NULL),
(125, 38, NULL),
(125, 40, NULL),
(125, 41, NULL),
(125, 42, NULL),
(125, 46, NULL),
(125, 47, NULL),
(125, 49, NULL),
(125, 51, NULL),
(125, 52, NULL),
(125, 53, NULL),
(125, 54, NULL),
(125, 55, NULL),
(125, 56, NULL),
(125, 57, NULL),
(125, 58, NULL),
(125, 59, NULL),
(125, 60, NULL),
(125, 61, NULL),
(125, 62, NULL),
(125, 63, NULL),
(125, 64, NULL),
(125, 65, NULL),
(125, 66, NULL),
(125, 67, NULL),
(125, 68, NULL),
(125, 69, NULL),
(126, 6, NULL),
(126, 8, NULL),
(126, 9, NULL),
(126, 10, NULL),
(126, 11, NULL),
(126, 12, NULL),
(126, 13, NULL),
(126, 14, NULL),
(126, 16, NULL),
(126, 17, NULL),
(126, 18, NULL),
(126, 19, NULL),
(126, 24, NULL),
(126, 25, NULL),
(126, 27, NULL),
(126, 28, NULL),
(126, 29, NULL),
(126, 30, NULL),
(126, 31, NULL),
(126, 32, NULL),
(126, 33, NULL),
(126, 34, NULL),
(126, 36, NULL),
(126, 37, NULL),
(126, 38, NULL),
(126, 40, NULL),
(126, 41, NULL),
(126, 42, NULL),
(126, 46, NULL),
(126, 47, NULL),
(126, 49, NULL),
(126, 51, NULL),
(126, 52, NULL),
(126, 53, NULL),
(126, 54, NULL),
(126, 55, NULL),
(126, 56, NULL),
(126, 57, NULL),
(126, 58, NULL),
(126, 59, NULL),
(126, 60, NULL),
(126, 61, NULL),
(126, 62, NULL),
(126, 63, NULL),
(126, 64, NULL),
(126, 65, NULL),
(126, 66, NULL),
(126, 67, NULL),
(126, 68, NULL),
(126, 69, NULL),
(127, 6, NULL),
(127, 8, NULL),
(127, 9, NULL),
(127, 10, NULL),
(127, 11, NULL),
(127, 12, NULL),
(127, 13, NULL),
(127, 14, NULL),
(127, 16, NULL),
(127, 17, NULL),
(127, 18, NULL),
(127, 19, NULL),
(127, 24, NULL),
(127, 25, NULL),
(127, 27, NULL),
(127, 28, NULL),
(127, 29, NULL),
(127, 30, NULL),
(127, 31, NULL),
(127, 32, NULL),
(127, 33, NULL),
(127, 34, NULL),
(127, 36, NULL),
(127, 37, NULL),
(127, 38, NULL),
(127, 40, NULL),
(127, 41, NULL),
(127, 42, NULL),
(127, 46, NULL),
(127, 47, NULL),
(127, 49, NULL),
(127, 51, NULL),
(127, 52, NULL),
(127, 53, NULL),
(127, 54, NULL),
(127, 55, NULL),
(127, 56, NULL),
(127, 57, NULL),
(127, 58, NULL),
(127, 59, NULL),
(127, 60, NULL),
(127, 61, NULL),
(127, 62, NULL),
(127, 63, NULL),
(127, 64, NULL),
(127, 65, NULL),
(127, 66, NULL),
(127, 67, NULL),
(127, 68, NULL),
(127, 69, NULL),
(128, 6, NULL),
(128, 8, NULL),
(128, 9, NULL),
(128, 10, NULL),
(128, 11, NULL),
(128, 12, NULL),
(128, 13, NULL),
(128, 14, NULL),
(128, 16, NULL),
(128, 17, NULL),
(128, 18, NULL),
(128, 19, NULL),
(128, 24, NULL),
(128, 25, NULL),
(128, 27, NULL),
(128, 28, NULL),
(128, 29, NULL),
(128, 30, NULL),
(128, 31, NULL),
(128, 32, NULL),
(128, 33, NULL),
(128, 34, NULL),
(128, 36, NULL),
(128, 37, NULL),
(128, 38, NULL),
(128, 40, NULL),
(128, 41, NULL),
(128, 42, NULL),
(128, 46, NULL),
(128, 47, NULL),
(128, 49, NULL),
(128, 51, NULL),
(128, 52, NULL),
(128, 53, NULL),
(128, 54, NULL),
(128, 55, NULL),
(128, 56, NULL),
(128, 57, NULL),
(128, 58, NULL),
(128, 59, NULL),
(128, 60, NULL),
(128, 61, NULL),
(128, 62, NULL),
(128, 63, NULL),
(128, 64, NULL),
(128, 65, NULL),
(128, 66, NULL),
(128, 67, NULL),
(128, 68, NULL),
(128, 69, NULL),
(129, 6, NULL),
(129, 8, NULL),
(129, 9, NULL),
(129, 10, NULL),
(129, 11, NULL),
(129, 12, NULL),
(129, 13, NULL),
(129, 14, NULL),
(129, 16, NULL),
(129, 17, NULL),
(129, 18, NULL),
(129, 19, NULL),
(129, 24, NULL),
(129, 25, NULL),
(129, 27, NULL),
(129, 28, NULL),
(129, 29, NULL),
(129, 30, NULL),
(129, 31, NULL),
(129, 32, NULL),
(129, 33, NULL),
(129, 34, NULL),
(129, 36, NULL),
(129, 37, NULL),
(129, 38, NULL),
(129, 40, NULL),
(129, 41, NULL),
(129, 42, NULL),
(129, 46, NULL),
(129, 47, NULL),
(129, 49, NULL),
(129, 51, NULL),
(129, 52, NULL),
(129, 53, NULL),
(129, 54, NULL),
(129, 55, NULL),
(129, 56, NULL),
(129, 57, NULL),
(129, 58, NULL),
(129, 59, NULL),
(129, 60, NULL),
(129, 61, NULL),
(129, 62, NULL),
(129, 63, NULL),
(129, 64, NULL),
(129, 65, NULL),
(129, 66, NULL),
(129, 67, NULL),
(129, 68, NULL),
(129, 69, NULL),
(130, 6, NULL),
(130, 8, NULL),
(130, 9, NULL),
(130, 10, NULL),
(130, 11, NULL),
(130, 12, NULL),
(130, 13, NULL),
(130, 14, NULL),
(130, 16, NULL),
(130, 17, NULL),
(130, 18, NULL),
(130, 19, NULL),
(130, 24, NULL),
(130, 25, NULL),
(130, 27, NULL),
(130, 28, NULL),
(130, 29, NULL),
(130, 30, NULL),
(130, 31, NULL),
(130, 32, NULL),
(130, 33, NULL),
(130, 34, NULL),
(130, 36, NULL),
(130, 37, NULL),
(130, 38, NULL),
(130, 40, NULL),
(130, 41, NULL),
(130, 42, NULL),
(130, 46, NULL),
(130, 47, NULL),
(130, 49, NULL),
(130, 51, NULL),
(130, 52, NULL),
(130, 53, NULL),
(130, 54, NULL),
(130, 55, NULL),
(130, 56, NULL),
(130, 57, NULL),
(130, 58, NULL),
(130, 59, NULL),
(130, 60, NULL),
(130, 61, NULL),
(130, 62, NULL),
(130, 63, NULL),
(130, 64, NULL),
(130, 65, NULL),
(130, 66, NULL),
(130, 67, NULL),
(130, 68, NULL),
(130, 69, NULL),
(131, 6, NULL),
(131, 8, NULL),
(131, 9, NULL),
(131, 10, NULL),
(131, 11, NULL),
(131, 12, NULL),
(131, 13, NULL),
(131, 14, NULL),
(131, 16, NULL),
(131, 17, NULL),
(131, 18, NULL),
(131, 19, NULL),
(131, 24, NULL),
(131, 25, NULL),
(131, 27, NULL),
(131, 28, NULL),
(131, 29, NULL),
(131, 30, NULL),
(131, 31, NULL),
(131, 32, NULL),
(131, 33, NULL),
(131, 34, NULL),
(131, 36, NULL),
(131, 37, NULL),
(131, 38, NULL),
(131, 40, NULL),
(131, 41, NULL),
(131, 42, NULL),
(131, 46, NULL),
(131, 47, NULL),
(131, 49, NULL),
(131, 51, NULL),
(131, 52, NULL),
(131, 53, NULL),
(131, 54, NULL),
(131, 55, NULL),
(131, 56, NULL),
(131, 57, NULL),
(131, 58, NULL),
(131, 59, NULL),
(131, 60, NULL),
(131, 61, NULL),
(131, 62, NULL),
(131, 63, NULL),
(131, 64, NULL),
(131, 65, NULL),
(131, 66, NULL),
(131, 67, NULL),
(131, 68, NULL),
(131, 69, NULL),
(132, 6, NULL),
(132, 8, NULL),
(132, 9, NULL),
(132, 10, NULL),
(132, 11, NULL),
(132, 12, NULL),
(132, 13, NULL),
(132, 14, NULL),
(132, 16, NULL),
(132, 17, NULL),
(132, 18, NULL),
(132, 19, NULL),
(132, 24, NULL),
(132, 25, NULL),
(132, 27, NULL),
(132, 28, NULL),
(132, 29, NULL),
(132, 30, NULL),
(132, 31, NULL),
(132, 32, NULL),
(132, 33, NULL),
(132, 34, NULL),
(132, 36, NULL),
(132, 37, NULL),
(132, 38, NULL),
(132, 40, NULL),
(132, 41, NULL),
(132, 42, NULL),
(132, 46, NULL),
(132, 47, NULL),
(132, 49, NULL),
(132, 51, NULL),
(132, 52, NULL),
(132, 53, NULL),
(132, 54, NULL),
(132, 55, NULL),
(132, 56, NULL),
(132, 57, NULL),
(132, 58, NULL),
(132, 59, NULL),
(132, 60, NULL),
(132, 61, NULL),
(132, 62, NULL),
(132, 63, NULL),
(132, 64, NULL),
(132, 65, NULL),
(132, 66, NULL),
(132, 67, NULL),
(132, 68, NULL),
(132, 69, NULL),
(133, 6, NULL),
(133, 8, NULL),
(133, 9, NULL),
(133, 10, NULL),
(133, 11, NULL),
(133, 12, NULL),
(133, 13, NULL),
(133, 14, NULL),
(133, 16, NULL),
(133, 17, NULL),
(133, 18, NULL),
(133, 19, NULL),
(133, 24, NULL),
(133, 25, NULL),
(133, 27, NULL),
(133, 28, NULL),
(133, 29, NULL),
(133, 30, NULL),
(133, 31, NULL),
(133, 32, NULL),
(133, 33, NULL),
(133, 34, NULL),
(133, 36, NULL),
(133, 37, NULL),
(133, 38, NULL),
(133, 40, NULL),
(133, 41, NULL),
(133, 42, NULL),
(133, 46, NULL),
(133, 47, NULL),
(133, 49, NULL),
(133, 51, NULL),
(133, 52, NULL),
(133, 53, NULL),
(133, 54, NULL),
(133, 55, NULL),
(133, 56, NULL),
(133, 57, NULL),
(133, 58, NULL),
(133, 59, NULL),
(133, 60, NULL),
(133, 61, NULL),
(133, 62, NULL),
(133, 63, NULL),
(133, 64, NULL),
(133, 65, NULL),
(133, 66, NULL),
(133, 67, NULL),
(133, 68, NULL),
(133, 69, NULL),
(134, 6, NULL),
(134, 8, NULL),
(134, 9, NULL),
(134, 10, NULL),
(134, 11, NULL),
(134, 12, NULL),
(134, 13, NULL),
(134, 14, NULL),
(134, 16, NULL),
(134, 17, NULL),
(134, 18, NULL),
(134, 19, NULL),
(134, 24, NULL),
(134, 25, NULL),
(134, 27, NULL),
(134, 28, NULL),
(134, 29, NULL),
(134, 30, NULL),
(134, 31, NULL),
(134, 32, NULL),
(134, 33, NULL),
(134, 34, NULL),
(134, 36, NULL),
(134, 37, NULL),
(134, 38, NULL),
(134, 40, NULL),
(134, 41, NULL),
(134, 42, NULL),
(134, 46, NULL),
(134, 47, NULL),
(134, 49, NULL),
(134, 51, NULL),
(134, 52, NULL),
(134, 53, NULL),
(134, 54, NULL),
(134, 55, NULL),
(134, 56, NULL),
(134, 57, NULL),
(134, 58, NULL),
(134, 59, NULL),
(134, 60, NULL),
(134, 61, NULL),
(134, 62, NULL),
(134, 63, NULL),
(134, 64, NULL),
(134, 65, NULL),
(134, 66, NULL),
(134, 67, NULL),
(134, 68, NULL),
(134, 69, NULL),
(135, 6, NULL),
(135, 8, NULL),
(135, 9, NULL),
(135, 10, NULL),
(135, 11, NULL),
(135, 12, NULL),
(135, 13, NULL),
(135, 14, NULL),
(135, 16, NULL),
(135, 17, NULL),
(135, 18, NULL),
(135, 19, NULL),
(135, 24, NULL),
(135, 25, NULL),
(135, 27, NULL),
(135, 28, NULL),
(135, 29, NULL),
(135, 30, NULL),
(135, 31, NULL),
(135, 32, NULL),
(135, 33, NULL),
(135, 34, NULL),
(135, 36, NULL),
(135, 37, NULL),
(135, 38, NULL),
(135, 40, NULL),
(135, 41, NULL),
(135, 42, NULL),
(135, 46, NULL),
(135, 47, NULL),
(135, 49, NULL),
(135, 51, NULL),
(135, 52, NULL),
(135, 53, NULL),
(135, 54, NULL),
(135, 55, NULL),
(135, 56, NULL),
(135, 57, NULL),
(135, 58, NULL),
(135, 59, NULL),
(135, 60, NULL),
(135, 61, NULL),
(135, 62, NULL),
(135, 63, NULL),
(135, 64, NULL),
(135, 65, NULL),
(135, 66, NULL),
(135, 67, NULL),
(135, 68, NULL),
(135, 69, NULL),
(136, 6, NULL),
(136, 8, NULL),
(136, 9, NULL),
(136, 10, NULL),
(136, 11, NULL),
(136, 12, NULL),
(136, 13, NULL),
(136, 14, NULL),
(136, 16, NULL),
(136, 17, NULL),
(136, 18, NULL),
(136, 19, NULL),
(136, 24, NULL);
INSERT INTO `RespuestaAmbiente` (`idPreguntasAmbiente`, `idEncuesta`, `respuesta`) VALUES
(136, 25, NULL),
(136, 27, NULL),
(136, 28, NULL),
(136, 29, NULL),
(136, 30, NULL),
(136, 31, NULL),
(136, 32, NULL),
(136, 33, NULL),
(136, 34, NULL),
(136, 36, NULL),
(136, 37, NULL),
(136, 38, NULL),
(136, 40, NULL),
(136, 41, NULL),
(136, 42, NULL),
(136, 46, NULL),
(136, 47, NULL),
(136, 49, NULL),
(136, 51, NULL),
(136, 52, NULL),
(136, 53, NULL),
(136, 54, NULL),
(136, 55, NULL),
(136, 56, NULL),
(136, 57, NULL),
(136, 58, NULL),
(136, 59, NULL),
(136, 60, NULL),
(136, 61, NULL),
(136, 62, NULL),
(136, 63, NULL),
(136, 64, NULL),
(136, 65, NULL),
(136, 66, NULL),
(136, 67, NULL),
(136, 68, NULL),
(136, 69, NULL),
(137, 6, NULL),
(137, 8, NULL),
(137, 9, NULL),
(137, 10, NULL),
(137, 11, NULL),
(137, 12, NULL),
(137, 13, NULL),
(137, 14, NULL),
(137, 16, NULL),
(137, 17, NULL),
(137, 18, NULL),
(137, 19, NULL),
(137, 24, NULL),
(137, 25, NULL),
(137, 27, NULL),
(137, 28, NULL),
(137, 29, NULL),
(137, 30, NULL),
(137, 31, NULL),
(137, 32, NULL),
(137, 33, NULL),
(137, 34, NULL),
(137, 36, NULL),
(137, 37, NULL),
(137, 38, NULL),
(137, 40, NULL),
(137, 41, NULL),
(137, 42, NULL),
(137, 46, NULL),
(137, 47, NULL),
(137, 49, NULL),
(137, 51, NULL),
(137, 52, NULL),
(137, 53, NULL),
(137, 54, NULL),
(137, 55, NULL),
(137, 56, NULL),
(137, 57, NULL),
(137, 58, NULL),
(137, 59, NULL),
(137, 60, NULL),
(137, 61, NULL),
(137, 62, NULL),
(137, 63, NULL),
(137, 64, NULL),
(137, 65, NULL),
(137, 66, NULL),
(137, 67, NULL),
(137, 68, NULL),
(137, 69, NULL),
(138, 6, NULL),
(138, 8, NULL),
(138, 9, NULL),
(138, 10, NULL),
(138, 11, NULL),
(138, 12, NULL),
(138, 13, NULL),
(138, 14, NULL),
(138, 16, NULL),
(138, 17, NULL),
(138, 18, NULL),
(138, 19, NULL),
(138, 24, NULL),
(138, 25, NULL),
(138, 27, NULL),
(138, 28, NULL),
(138, 29, NULL),
(138, 30, NULL),
(138, 31, NULL),
(138, 32, NULL),
(138, 33, NULL),
(138, 34, NULL),
(138, 36, NULL),
(138, 37, NULL),
(138, 38, NULL),
(138, 40, NULL),
(138, 41, NULL),
(138, 42, NULL),
(138, 46, NULL),
(138, 47, NULL),
(138, 49, NULL),
(138, 51, NULL),
(138, 52, NULL),
(138, 53, NULL),
(138, 54, NULL),
(138, 55, NULL),
(138, 56, NULL),
(138, 57, NULL),
(138, 58, NULL),
(138, 59, NULL),
(138, 60, NULL),
(138, 61, NULL),
(138, 62, NULL),
(138, 63, NULL),
(138, 64, NULL),
(138, 65, NULL),
(138, 66, NULL),
(138, 67, NULL),
(138, 68, NULL),
(138, 69, NULL),
(139, 6, NULL),
(139, 8, NULL),
(139, 9, NULL),
(139, 10, NULL),
(139, 11, NULL),
(139, 12, NULL),
(139, 13, NULL),
(139, 14, NULL),
(139, 16, NULL),
(139, 17, NULL),
(139, 18, NULL),
(139, 19, NULL),
(139, 24, NULL),
(139, 25, NULL),
(139, 27, NULL),
(139, 28, NULL),
(139, 29, NULL),
(139, 30, NULL),
(139, 31, NULL),
(139, 32, NULL),
(139, 33, NULL),
(139, 34, NULL),
(139, 36, NULL),
(139, 37, NULL),
(139, 38, NULL),
(139, 40, NULL),
(139, 41, NULL),
(139, 42, NULL),
(139, 46, NULL),
(139, 47, NULL),
(139, 49, NULL),
(139, 51, NULL),
(139, 52, NULL),
(139, 53, NULL),
(139, 54, NULL),
(139, 55, NULL),
(139, 56, NULL),
(139, 57, NULL),
(139, 58, NULL),
(139, 59, NULL),
(139, 60, NULL),
(139, 61, NULL),
(139, 62, NULL),
(139, 63, NULL),
(139, 64, NULL),
(139, 65, NULL),
(139, 66, NULL),
(139, 67, NULL),
(139, 68, NULL),
(139, 69, NULL),
(140, 6, NULL),
(140, 8, NULL),
(140, 9, NULL),
(140, 10, NULL),
(140, 11, NULL),
(140, 12, NULL),
(140, 13, NULL),
(140, 14, NULL),
(140, 16, NULL),
(140, 17, NULL),
(140, 18, NULL),
(140, 19, NULL),
(140, 24, NULL),
(140, 25, NULL),
(140, 27, NULL),
(140, 28, NULL),
(140, 29, NULL),
(140, 30, NULL),
(140, 31, NULL),
(140, 32, NULL),
(140, 33, NULL),
(140, 34, NULL),
(140, 36, NULL),
(140, 37, NULL),
(140, 38, NULL),
(140, 40, NULL),
(140, 41, NULL),
(140, 42, NULL),
(140, 46, NULL),
(140, 47, NULL),
(140, 49, NULL),
(140, 51, NULL),
(140, 52, NULL),
(140, 53, NULL),
(140, 54, NULL),
(140, 55, NULL),
(140, 56, NULL),
(140, 57, NULL),
(140, 58, NULL),
(140, 59, NULL),
(140, 60, NULL),
(140, 61, NULL),
(140, 62, NULL),
(140, 63, NULL),
(140, 64, NULL),
(140, 65, NULL),
(140, 66, NULL),
(140, 67, NULL),
(140, 68, NULL),
(140, 69, NULL),
(141, 6, NULL),
(141, 8, NULL),
(141, 9, NULL),
(141, 10, NULL),
(141, 11, NULL),
(141, 12, NULL),
(141, 13, NULL),
(141, 14, NULL),
(141, 16, NULL),
(141, 17, NULL),
(141, 18, NULL),
(141, 19, NULL),
(141, 24, NULL),
(141, 25, NULL),
(141, 27, NULL),
(141, 28, NULL),
(141, 29, NULL),
(141, 30, NULL),
(141, 31, NULL),
(141, 32, NULL),
(141, 33, NULL),
(141, 34, NULL),
(141, 36, NULL),
(141, 37, NULL),
(141, 38, NULL),
(141, 40, NULL),
(141, 41, NULL),
(141, 42, NULL),
(141, 46, NULL),
(141, 47, NULL),
(141, 49, NULL),
(141, 51, NULL),
(141, 52, NULL),
(141, 53, NULL),
(141, 54, NULL),
(141, 55, NULL),
(141, 56, NULL),
(141, 57, NULL),
(141, 58, NULL),
(141, 59, NULL),
(141, 60, NULL),
(141, 61, NULL),
(141, 62, NULL),
(141, 63, NULL),
(141, 64, NULL),
(141, 65, NULL),
(141, 66, NULL),
(141, 67, NULL),
(141, 68, NULL),
(141, 69, NULL),
(142, 6, NULL),
(142, 8, NULL),
(142, 9, NULL),
(142, 10, NULL),
(142, 11, NULL),
(142, 12, NULL),
(142, 13, NULL),
(142, 14, NULL),
(142, 16, NULL),
(142, 17, NULL),
(142, 18, NULL),
(142, 19, NULL),
(142, 24, NULL),
(142, 25, NULL),
(142, 27, NULL),
(142, 28, NULL),
(142, 29, NULL),
(142, 30, NULL),
(142, 31, NULL),
(142, 32, NULL),
(142, 33, NULL),
(142, 34, NULL),
(142, 36, NULL),
(142, 37, NULL),
(142, 38, NULL),
(142, 40, NULL),
(142, 41, NULL),
(142, 42, NULL),
(142, 46, NULL),
(142, 47, NULL),
(142, 49, NULL),
(142, 51, NULL),
(142, 52, NULL),
(142, 53, NULL),
(142, 54, NULL),
(142, 55, NULL),
(142, 56, NULL),
(142, 57, NULL),
(142, 58, NULL),
(142, 59, NULL),
(142, 60, NULL),
(142, 61, NULL),
(142, 62, NULL),
(142, 63, NULL),
(142, 64, NULL),
(142, 65, NULL),
(142, 66, NULL),
(142, 67, NULL),
(142, 68, NULL),
(142, 69, NULL),
(143, 6, NULL),
(143, 8, NULL),
(143, 9, NULL),
(143, 10, NULL),
(143, 11, NULL),
(143, 12, NULL),
(143, 13, NULL),
(143, 14, NULL),
(143, 16, NULL),
(143, 17, NULL),
(143, 18, NULL),
(143, 19, NULL),
(143, 24, NULL),
(143, 25, NULL),
(143, 27, NULL),
(143, 28, NULL),
(143, 29, NULL),
(143, 30, NULL),
(143, 31, NULL),
(143, 32, NULL),
(143, 33, NULL),
(143, 34, NULL),
(143, 36, NULL),
(143, 37, NULL),
(143, 38, NULL),
(143, 40, NULL),
(143, 41, NULL),
(143, 42, NULL),
(143, 46, NULL),
(143, 47, NULL),
(143, 49, NULL),
(143, 51, NULL),
(143, 52, NULL),
(143, 53, NULL),
(143, 54, NULL),
(143, 55, NULL),
(143, 56, NULL),
(143, 57, NULL),
(143, 58, NULL),
(143, 59, NULL),
(143, 60, NULL),
(143, 61, NULL),
(143, 62, NULL),
(143, 63, NULL),
(143, 64, NULL),
(143, 65, NULL),
(143, 66, NULL),
(143, 67, NULL),
(143, 68, NULL),
(143, 69, NULL),
(144, 6, NULL),
(144, 8, NULL),
(144, 9, NULL),
(144, 10, NULL),
(144, 11, NULL),
(144, 12, NULL),
(144, 13, NULL),
(144, 14, NULL),
(144, 16, NULL),
(144, 17, NULL),
(144, 18, NULL),
(144, 19, NULL),
(144, 24, NULL),
(144, 25, NULL),
(144, 27, NULL),
(144, 28, NULL),
(144, 29, NULL),
(144, 30, NULL),
(144, 31, NULL),
(144, 32, NULL),
(144, 33, NULL),
(144, 34, NULL),
(144, 36, NULL),
(144, 37, NULL),
(144, 38, NULL),
(144, 40, NULL),
(144, 41, NULL),
(144, 42, NULL),
(144, 46, NULL),
(144, 47, NULL),
(144, 49, NULL),
(144, 51, NULL),
(144, 52, NULL),
(144, 53, NULL),
(144, 54, NULL),
(144, 55, NULL),
(144, 56, NULL),
(144, 57, NULL),
(144, 58, NULL),
(144, 59, NULL),
(144, 60, NULL),
(144, 61, NULL),
(144, 62, NULL),
(144, 63, NULL),
(144, 64, NULL),
(144, 65, NULL),
(144, 66, NULL),
(144, 67, NULL),
(144, 68, NULL),
(144, 69, NULL),
(145, 6, NULL),
(145, 8, NULL),
(145, 9, NULL),
(145, 10, NULL),
(145, 11, NULL),
(145, 12, NULL),
(145, 13, NULL),
(145, 14, NULL),
(145, 16, NULL),
(145, 17, NULL),
(145, 18, NULL),
(145, 19, NULL),
(145, 24, NULL),
(145, 25, NULL),
(145, 27, NULL),
(145, 28, NULL),
(145, 29, NULL),
(145, 30, NULL),
(145, 31, NULL),
(145, 32, NULL),
(145, 33, NULL),
(145, 34, NULL),
(145, 36, NULL),
(145, 37, NULL),
(145, 38, NULL),
(145, 40, NULL),
(145, 41, NULL),
(145, 42, NULL),
(145, 46, NULL),
(145, 47, NULL),
(145, 49, NULL),
(145, 51, NULL),
(145, 52, NULL),
(145, 53, NULL),
(145, 54, NULL),
(145, 55, NULL),
(145, 56, NULL),
(145, 57, NULL),
(145, 58, NULL),
(145, 59, NULL),
(145, 60, NULL),
(145, 61, NULL),
(145, 62, NULL),
(145, 63, NULL),
(145, 64, NULL),
(145, 65, NULL),
(145, 66, NULL),
(145, 67, NULL),
(145, 68, NULL),
(145, 69, NULL),
(146, 6, NULL),
(146, 8, NULL),
(146, 9, NULL),
(146, 10, NULL),
(146, 11, NULL),
(146, 12, NULL),
(146, 13, NULL),
(146, 14, NULL),
(146, 16, NULL),
(146, 17, NULL),
(146, 18, NULL),
(146, 19, NULL),
(146, 24, NULL),
(146, 25, NULL),
(146, 27, NULL),
(146, 28, NULL),
(146, 29, NULL),
(146, 30, NULL),
(146, 31, NULL),
(146, 32, NULL),
(146, 33, NULL),
(146, 34, NULL),
(146, 36, NULL),
(146, 37, NULL),
(146, 38, NULL),
(146, 40, NULL),
(146, 41, NULL),
(146, 42, NULL),
(146, 46, NULL),
(146, 47, NULL),
(146, 49, NULL),
(146, 51, NULL),
(146, 52, NULL),
(146, 53, NULL),
(146, 54, NULL),
(146, 55, NULL),
(146, 56, NULL),
(146, 57, NULL),
(146, 58, NULL),
(146, 59, NULL),
(146, 60, NULL),
(146, 61, NULL),
(146, 62, NULL),
(146, 63, NULL),
(146, 64, NULL),
(146, 65, NULL),
(146, 66, NULL),
(146, 67, NULL),
(146, 68, NULL),
(146, 69, NULL),
(147, 6, NULL),
(147, 8, NULL),
(147, 9, NULL),
(147, 10, NULL),
(147, 11, NULL),
(147, 12, NULL),
(147, 13, NULL),
(147, 14, NULL),
(147, 16, NULL),
(147, 17, NULL),
(147, 18, NULL),
(147, 19, NULL),
(147, 24, NULL),
(147, 25, NULL),
(147, 27, NULL),
(147, 28, NULL),
(147, 29, NULL),
(147, 30, NULL),
(147, 31, NULL),
(147, 32, NULL),
(147, 33, NULL),
(147, 34, NULL),
(147, 36, NULL),
(147, 37, NULL),
(147, 38, NULL),
(147, 40, NULL),
(147, 41, NULL),
(147, 42, NULL),
(147, 46, NULL),
(147, 47, NULL),
(147, 49, NULL),
(147, 51, NULL),
(147, 52, NULL),
(147, 53, NULL),
(147, 54, NULL),
(147, 55, NULL),
(147, 56, NULL),
(147, 57, NULL),
(147, 58, NULL),
(147, 59, NULL),
(147, 60, NULL),
(147, 61, NULL),
(147, 62, NULL),
(147, 63, NULL),
(147, 64, NULL),
(147, 65, NULL),
(147, 66, NULL),
(147, 67, NULL),
(147, 68, NULL),
(147, 69, NULL),
(148, 6, NULL),
(148, 8, NULL),
(148, 9, NULL),
(148, 10, NULL),
(148, 11, NULL),
(148, 12, NULL),
(148, 13, NULL),
(148, 14, NULL),
(148, 16, NULL),
(148, 17, NULL),
(148, 18, NULL),
(148, 19, NULL),
(148, 24, NULL),
(148, 25, NULL),
(148, 27, NULL),
(148, 28, NULL),
(148, 29, NULL),
(148, 30, NULL),
(148, 31, NULL),
(148, 32, NULL),
(148, 33, NULL),
(148, 34, NULL),
(148, 36, NULL),
(148, 37, NULL),
(148, 38, NULL),
(148, 40, NULL),
(148, 41, NULL),
(148, 42, NULL),
(148, 46, NULL),
(148, 47, NULL),
(148, 49, NULL),
(148, 51, NULL),
(148, 52, NULL),
(148, 53, NULL),
(148, 54, NULL),
(148, 55, NULL),
(148, 56, NULL),
(148, 57, NULL),
(148, 58, NULL),
(148, 59, NULL),
(148, 60, NULL),
(148, 61, NULL),
(148, 62, NULL),
(148, 63, NULL),
(148, 64, NULL),
(148, 65, NULL),
(148, 66, NULL),
(148, 67, NULL),
(148, 68, NULL),
(148, 69, NULL),
(149, 6, NULL),
(149, 8, NULL),
(149, 9, NULL),
(149, 10, NULL),
(149, 11, NULL),
(149, 12, NULL),
(149, 13, NULL),
(149, 14, NULL),
(149, 16, NULL),
(149, 17, NULL),
(149, 18, NULL),
(149, 19, NULL),
(149, 24, NULL),
(149, 25, NULL),
(149, 27, NULL),
(149, 28, NULL),
(149, 29, NULL),
(149, 30, NULL),
(149, 31, NULL),
(149, 32, NULL),
(149, 33, NULL),
(149, 34, NULL),
(149, 36, NULL),
(149, 37, NULL),
(149, 38, NULL),
(149, 40, NULL),
(149, 41, NULL),
(149, 42, NULL),
(149, 46, NULL),
(149, 47, NULL),
(149, 49, NULL),
(149, 51, NULL),
(149, 52, NULL),
(149, 53, NULL),
(149, 54, NULL),
(149, 55, NULL),
(149, 56, NULL),
(149, 57, NULL),
(149, 58, NULL),
(149, 59, NULL),
(149, 60, NULL),
(149, 61, NULL),
(149, 62, NULL),
(149, 63, NULL),
(149, 64, NULL),
(149, 65, NULL),
(149, 66, NULL),
(149, 67, NULL),
(149, 68, NULL),
(149, 69, NULL),
(150, 6, NULL),
(150, 8, NULL),
(150, 9, NULL),
(150, 10, NULL),
(150, 11, NULL),
(150, 12, NULL),
(150, 13, NULL),
(150, 14, NULL),
(150, 16, NULL),
(150, 17, NULL),
(150, 18, NULL),
(150, 19, NULL),
(150, 24, NULL),
(150, 25, NULL),
(150, 27, NULL),
(150, 28, NULL),
(150, 29, NULL),
(150, 30, NULL),
(150, 31, NULL),
(150, 32, NULL),
(150, 33, NULL),
(150, 34, NULL),
(150, 36, NULL),
(150, 37, NULL),
(150, 38, NULL),
(150, 40, NULL),
(150, 41, NULL),
(150, 42, NULL),
(150, 46, NULL),
(150, 47, NULL),
(150, 49, NULL),
(150, 51, NULL),
(150, 52, NULL),
(150, 53, NULL),
(150, 54, NULL),
(150, 55, NULL),
(150, 56, NULL),
(150, 57, NULL),
(150, 58, NULL),
(150, 59, NULL),
(150, 60, NULL),
(150, 61, NULL),
(150, 62, NULL),
(150, 63, NULL),
(150, 64, NULL),
(150, 65, NULL),
(150, 66, NULL),
(150, 67, NULL),
(150, 68, NULL),
(150, 69, NULL),
(151, 6, NULL),
(151, 8, NULL),
(151, 9, NULL),
(151, 10, NULL),
(151, 11, NULL),
(151, 12, NULL),
(151, 13, NULL),
(151, 14, NULL),
(151, 16, NULL),
(151, 17, NULL),
(151, 18, NULL),
(151, 19, NULL),
(151, 24, NULL),
(151, 25, NULL),
(151, 27, NULL),
(151, 28, NULL),
(151, 29, NULL),
(151, 30, NULL),
(151, 31, NULL),
(151, 32, NULL),
(151, 33, NULL),
(151, 34, NULL),
(151, 36, NULL),
(151, 37, NULL),
(151, 38, NULL),
(151, 40, NULL),
(151, 41, NULL),
(151, 42, NULL),
(151, 46, NULL),
(151, 47, NULL),
(151, 49, NULL),
(151, 51, NULL),
(151, 52, NULL),
(151, 53, NULL),
(151, 54, NULL),
(151, 55, NULL),
(151, 56, NULL),
(151, 57, NULL),
(151, 58, NULL),
(151, 59, NULL),
(151, 60, NULL),
(151, 61, NULL),
(151, 62, NULL),
(151, 63, NULL),
(151, 64, NULL),
(151, 65, NULL),
(151, 66, NULL),
(151, 67, NULL),
(151, 68, NULL),
(151, 69, NULL),
(152, 6, NULL),
(152, 8, NULL),
(152, 9, NULL),
(152, 10, NULL),
(152, 11, NULL),
(152, 12, NULL),
(152, 13, NULL),
(152, 14, NULL),
(152, 16, NULL),
(152, 17, NULL),
(152, 18, NULL),
(152, 19, NULL),
(152, 24, NULL),
(152, 25, NULL),
(152, 27, NULL),
(152, 28, NULL),
(152, 29, NULL),
(152, 30, NULL),
(152, 31, NULL),
(152, 32, NULL),
(152, 33, NULL),
(152, 34, NULL),
(152, 36, NULL),
(152, 37, NULL),
(152, 38, NULL),
(152, 40, NULL),
(152, 41, NULL),
(152, 42, NULL),
(152, 46, NULL),
(152, 47, NULL),
(152, 49, NULL),
(152, 51, NULL),
(152, 52, NULL),
(152, 53, NULL),
(152, 54, NULL),
(152, 55, NULL),
(152, 56, NULL),
(152, 57, NULL),
(152, 58, NULL),
(152, 59, NULL),
(152, 60, NULL),
(152, 61, NULL),
(152, 62, NULL),
(152, 63, NULL),
(152, 64, NULL),
(152, 65, NULL),
(152, 66, NULL),
(152, 67, NULL),
(152, 68, NULL),
(152, 69, NULL),
(153, 6, NULL),
(153, 8, NULL),
(153, 9, NULL),
(153, 10, NULL),
(153, 11, NULL),
(153, 12, NULL),
(153, 13, NULL),
(153, 14, NULL),
(153, 16, NULL),
(153, 17, NULL),
(153, 18, NULL),
(153, 19, NULL),
(153, 24, NULL),
(153, 25, NULL),
(153, 27, NULL),
(153, 28, NULL),
(153, 29, NULL),
(153, 30, NULL),
(153, 31, NULL),
(153, 32, NULL),
(153, 33, NULL),
(153, 34, NULL),
(153, 36, NULL),
(153, 37, NULL),
(153, 38, NULL),
(153, 40, NULL),
(153, 41, NULL),
(153, 42, NULL),
(153, 46, NULL),
(153, 47, NULL),
(153, 49, NULL),
(153, 51, NULL),
(153, 52, NULL),
(153, 53, NULL),
(153, 54, NULL),
(153, 55, NULL),
(153, 56, NULL),
(153, 57, NULL),
(153, 58, NULL),
(153, 59, NULL),
(153, 60, NULL),
(153, 61, NULL),
(153, 62, NULL),
(153, 63, NULL),
(153, 64, NULL),
(153, 65, NULL),
(153, 66, NULL),
(153, 67, NULL),
(153, 68, NULL),
(153, 69, NULL),
(154, 6, NULL),
(154, 8, NULL),
(154, 9, NULL),
(154, 10, NULL),
(154, 11, NULL),
(154, 12, NULL),
(154, 13, NULL),
(154, 14, NULL),
(154, 16, NULL),
(154, 17, NULL),
(154, 18, NULL),
(154, 19, NULL),
(154, 24, NULL),
(154, 25, NULL),
(154, 27, NULL),
(154, 28, NULL),
(154, 29, NULL),
(154, 30, NULL),
(154, 31, NULL),
(154, 32, NULL),
(154, 33, NULL),
(154, 34, NULL),
(154, 36, NULL),
(154, 37, NULL),
(154, 38, NULL),
(154, 40, NULL),
(154, 41, NULL),
(154, 42, NULL),
(154, 46, NULL),
(154, 47, NULL),
(154, 49, NULL),
(154, 51, NULL),
(154, 52, NULL),
(154, 53, NULL),
(154, 54, NULL),
(154, 55, NULL),
(154, 56, NULL),
(154, 57, NULL),
(154, 58, NULL),
(154, 59, NULL),
(154, 60, NULL),
(154, 61, NULL),
(154, 62, NULL),
(154, 63, NULL),
(154, 64, NULL),
(154, 65, NULL),
(154, 66, NULL),
(154, 67, NULL),
(154, 68, NULL),
(154, 69, NULL),
(155, 6, NULL),
(155, 8, NULL),
(155, 9, NULL),
(155, 10, NULL),
(155, 11, NULL),
(155, 12, NULL),
(155, 13, NULL),
(155, 14, NULL),
(155, 16, NULL),
(155, 17, NULL),
(155, 18, NULL),
(155, 19, NULL),
(155, 24, NULL),
(155, 25, NULL),
(155, 27, NULL),
(155, 28, NULL),
(155, 29, NULL),
(155, 30, NULL),
(155, 31, NULL),
(155, 32, NULL),
(155, 33, NULL),
(155, 34, NULL),
(155, 36, NULL),
(155, 37, NULL),
(155, 38, NULL),
(155, 40, NULL),
(155, 41, NULL),
(155, 42, NULL),
(155, 46, NULL),
(155, 47, NULL),
(155, 49, NULL),
(155, 51, NULL),
(155, 52, NULL),
(155, 53, NULL),
(155, 54, NULL),
(155, 55, NULL),
(155, 56, NULL),
(155, 57, NULL),
(155, 58, NULL),
(155, 59, NULL),
(155, 60, NULL),
(155, 61, NULL),
(155, 62, NULL),
(155, 63, NULL),
(155, 64, NULL),
(155, 65, NULL),
(155, 66, NULL),
(155, 67, NULL),
(155, 68, NULL),
(155, 69, NULL),
(156, 6, NULL),
(156, 8, NULL),
(156, 9, NULL),
(156, 10, NULL),
(156, 11, NULL),
(156, 12, NULL),
(156, 13, NULL),
(156, 14, NULL),
(156, 16, NULL),
(156, 17, NULL),
(156, 18, NULL),
(156, 19, NULL),
(156, 24, NULL),
(156, 25, NULL),
(156, 27, NULL),
(156, 28, NULL),
(156, 29, NULL),
(156, 30, NULL),
(156, 31, NULL),
(156, 32, NULL),
(156, 33, NULL),
(156, 34, NULL),
(156, 36, NULL),
(156, 37, NULL),
(156, 38, NULL),
(156, 40, NULL),
(156, 41, NULL),
(156, 42, NULL),
(156, 46, NULL),
(156, 47, NULL),
(156, 49, NULL),
(156, 51, NULL),
(156, 52, NULL),
(156, 53, NULL),
(156, 54, NULL),
(156, 55, NULL),
(156, 56, NULL),
(156, 57, NULL),
(156, 58, NULL),
(156, 59, NULL),
(156, 60, NULL),
(156, 61, NULL),
(156, 62, NULL),
(156, 63, NULL),
(156, 64, NULL),
(156, 65, NULL),
(156, 66, NULL),
(156, 67, NULL),
(156, 68, NULL),
(156, 69, NULL),
(157, 6, NULL),
(157, 8, NULL),
(157, 9, NULL),
(157, 10, NULL),
(157, 11, NULL),
(157, 12, NULL),
(157, 13, NULL),
(157, 14, NULL),
(157, 16, NULL),
(157, 17, NULL),
(157, 18, NULL),
(157, 19, NULL),
(157, 24, NULL),
(157, 25, NULL),
(157, 27, NULL),
(157, 28, NULL),
(157, 29, NULL),
(157, 30, NULL),
(157, 31, NULL),
(157, 32, NULL),
(157, 33, NULL),
(157, 34, NULL),
(157, 36, NULL),
(157, 37, NULL),
(157, 38, NULL),
(157, 40, NULL),
(157, 41, NULL),
(157, 42, NULL),
(157, 46, NULL),
(157, 47, NULL),
(157, 49, NULL),
(157, 51, NULL),
(157, 52, NULL),
(157, 53, NULL),
(157, 54, NULL),
(157, 55, NULL),
(157, 56, NULL),
(157, 57, NULL),
(157, 58, NULL),
(157, 59, NULL),
(157, 60, NULL),
(157, 61, NULL),
(157, 62, NULL),
(157, 63, NULL),
(157, 64, NULL),
(157, 65, NULL),
(157, 66, NULL),
(157, 67, NULL),
(157, 68, NULL),
(157, 69, NULL),
(158, 6, NULL),
(158, 8, NULL),
(158, 9, NULL),
(158, 10, NULL),
(158, 11, NULL),
(158, 12, NULL),
(158, 13, NULL),
(158, 14, NULL),
(158, 16, NULL),
(158, 17, NULL),
(158, 18, NULL),
(158, 19, NULL),
(158, 24, NULL),
(158, 25, NULL),
(158, 27, NULL),
(158, 28, NULL),
(158, 29, NULL),
(158, 30, NULL),
(158, 31, NULL),
(158, 32, NULL),
(158, 33, NULL),
(158, 34, NULL),
(158, 36, NULL),
(158, 37, NULL),
(158, 38, NULL),
(158, 40, NULL),
(158, 41, NULL),
(158, 42, NULL),
(158, 46, NULL),
(158, 47, NULL),
(158, 49, NULL),
(158, 51, NULL),
(158, 52, NULL),
(158, 53, NULL),
(158, 54, NULL),
(158, 55, NULL),
(158, 56, NULL),
(158, 57, NULL),
(158, 58, NULL),
(158, 59, NULL),
(158, 60, NULL),
(158, 61, NULL),
(158, 62, NULL),
(158, 63, NULL),
(158, 64, NULL),
(158, 65, NULL),
(158, 66, NULL),
(158, 67, NULL),
(158, 68, NULL),
(158, 69, NULL),
(159, 6, NULL),
(159, 8, NULL),
(159, 9, NULL),
(159, 10, NULL),
(159, 11, NULL),
(159, 12, NULL),
(159, 13, NULL),
(159, 14, NULL),
(159, 16, NULL),
(159, 17, NULL),
(159, 18, NULL),
(159, 19, NULL),
(159, 24, NULL),
(159, 25, NULL),
(159, 27, NULL),
(159, 28, NULL),
(159, 29, NULL),
(159, 30, NULL),
(159, 31, NULL),
(159, 32, NULL),
(159, 33, NULL),
(159, 34, NULL),
(159, 36, NULL),
(159, 37, NULL),
(159, 38, NULL),
(159, 40, NULL),
(159, 41, NULL),
(159, 42, NULL),
(159, 46, NULL),
(159, 47, NULL),
(159, 49, NULL),
(159, 51, NULL),
(159, 52, NULL),
(159, 53, NULL),
(159, 54, NULL),
(159, 55, NULL),
(159, 56, NULL),
(159, 57, NULL),
(159, 58, NULL),
(159, 59, NULL),
(159, 60, NULL),
(159, 61, NULL),
(159, 62, NULL),
(159, 63, NULL),
(159, 64, NULL),
(159, 65, NULL),
(159, 66, NULL),
(159, 67, NULL),
(159, 68, NULL),
(159, 69, NULL),
(160, 6, NULL),
(160, 8, NULL),
(160, 9, NULL),
(160, 10, NULL),
(160, 11, NULL),
(160, 12, NULL),
(160, 13, NULL),
(160, 14, NULL),
(160, 16, NULL),
(160, 17, NULL),
(160, 18, NULL),
(160, 19, NULL),
(160, 24, NULL),
(160, 25, NULL),
(160, 27, NULL),
(160, 28, NULL),
(160, 29, NULL),
(160, 30, NULL),
(160, 31, NULL),
(160, 32, NULL),
(160, 33, NULL),
(160, 34, NULL),
(160, 36, NULL),
(160, 37, NULL),
(160, 38, NULL),
(160, 40, NULL),
(160, 41, NULL),
(160, 42, NULL),
(160, 46, NULL),
(160, 47, NULL),
(160, 49, NULL),
(160, 51, NULL),
(160, 52, NULL),
(160, 53, NULL),
(160, 54, NULL),
(160, 55, NULL),
(160, 56, NULL),
(160, 57, NULL),
(160, 58, NULL),
(160, 59, NULL),
(160, 60, NULL),
(160, 61, NULL),
(160, 62, NULL),
(160, 63, NULL),
(160, 64, NULL),
(160, 65, NULL),
(160, 66, NULL),
(160, 67, NULL),
(160, 68, NULL),
(160, 69, NULL),
(161, 6, NULL),
(161, 8, NULL),
(161, 9, NULL),
(161, 10, NULL),
(161, 11, NULL),
(161, 12, NULL),
(161, 13, NULL),
(161, 14, NULL),
(161, 16, NULL),
(161, 17, NULL),
(161, 18, NULL),
(161, 19, NULL),
(161, 24, NULL),
(161, 25, NULL),
(161, 27, NULL),
(161, 28, NULL),
(161, 29, NULL),
(161, 30, NULL),
(161, 31, NULL),
(161, 32, NULL),
(161, 33, NULL),
(161, 34, NULL),
(161, 36, NULL),
(161, 37, NULL),
(161, 38, NULL),
(161, 40, NULL),
(161, 41, NULL),
(161, 42, NULL),
(161, 46, NULL),
(161, 47, NULL),
(161, 49, NULL),
(161, 51, NULL),
(161, 52, NULL),
(161, 53, NULL),
(161, 54, NULL),
(161, 55, NULL),
(161, 56, NULL),
(161, 57, NULL),
(161, 58, NULL),
(161, 59, NULL),
(161, 60, NULL),
(161, 61, NULL),
(161, 62, NULL),
(161, 63, NULL),
(161, 64, NULL),
(161, 65, NULL),
(161, 66, NULL),
(161, 67, NULL),
(161, 68, NULL),
(161, 69, NULL),
(162, 6, NULL),
(162, 8, NULL),
(162, 9, NULL),
(162, 10, NULL),
(162, 11, NULL),
(162, 12, NULL),
(162, 13, NULL),
(162, 14, NULL),
(162, 16, NULL),
(162, 17, NULL),
(162, 18, NULL),
(162, 19, NULL),
(162, 24, NULL),
(162, 25, NULL),
(162, 27, NULL),
(162, 28, NULL),
(162, 29, NULL),
(162, 30, NULL),
(162, 31, NULL),
(162, 32, NULL),
(162, 33, NULL),
(162, 34, NULL),
(162, 36, NULL),
(162, 37, NULL),
(162, 38, NULL),
(162, 40, NULL),
(162, 41, NULL),
(162, 42, NULL),
(162, 46, NULL),
(162, 47, NULL),
(162, 49, NULL),
(162, 51, NULL),
(162, 52, NULL),
(162, 53, NULL),
(162, 54, NULL),
(162, 55, NULL),
(162, 56, NULL),
(162, 57, NULL),
(162, 58, NULL),
(162, 59, NULL),
(162, 60, NULL),
(162, 61, NULL),
(162, 62, NULL),
(162, 63, NULL),
(162, 64, NULL),
(162, 65, NULL),
(162, 66, NULL),
(162, 67, NULL),
(162, 68, NULL),
(162, 69, NULL),
(163, 6, NULL),
(163, 8, NULL),
(163, 9, NULL),
(163, 10, NULL),
(163, 11, NULL),
(163, 12, NULL),
(163, 13, NULL),
(163, 14, NULL),
(163, 16, NULL),
(163, 17, NULL),
(163, 18, NULL),
(163, 19, NULL),
(163, 24, NULL),
(163, 25, NULL),
(163, 27, NULL),
(163, 28, NULL),
(163, 29, NULL),
(163, 30, NULL),
(163, 31, NULL),
(163, 32, NULL),
(163, 33, NULL),
(163, 34, NULL),
(163, 36, NULL),
(163, 37, NULL),
(163, 38, NULL),
(163, 40, NULL),
(163, 41, NULL),
(163, 42, NULL),
(163, 46, NULL),
(163, 47, NULL),
(163, 49, NULL),
(163, 51, NULL),
(163, 52, NULL),
(163, 53, NULL),
(163, 54, NULL),
(163, 55, NULL),
(163, 56, NULL),
(163, 57, NULL),
(163, 58, NULL),
(163, 59, NULL),
(163, 60, NULL),
(163, 61, NULL),
(163, 62, NULL),
(163, 63, NULL),
(163, 64, NULL),
(163, 65, NULL),
(163, 66, NULL),
(163, 67, NULL),
(163, 68, NULL),
(163, 69, NULL),
(164, 6, NULL),
(164, 8, NULL),
(164, 9, NULL),
(164, 10, NULL),
(164, 11, NULL),
(164, 13, NULL),
(164, 14, NULL),
(164, 16, NULL),
(164, 17, NULL),
(164, 18, NULL),
(164, 19, NULL),
(164, 24, NULL),
(164, 25, NULL),
(164, 27, NULL),
(164, 28, NULL),
(164, 29, NULL),
(164, 30, NULL),
(164, 31, NULL),
(164, 32, NULL),
(164, 33, NULL),
(164, 34, NULL),
(164, 36, NULL),
(164, 37, NULL),
(164, 38, NULL),
(164, 40, NULL),
(164, 41, NULL),
(164, 42, NULL),
(164, 46, NULL),
(164, 47, NULL),
(164, 49, NULL),
(164, 51, NULL),
(164, 52, NULL),
(164, 53, NULL),
(164, 54, NULL),
(164, 55, NULL),
(164, 56, NULL),
(164, 57, NULL),
(164, 58, NULL),
(164, 59, NULL),
(164, 60, NULL),
(164, 61, NULL),
(164, 62, NULL),
(164, 63, NULL),
(164, 64, NULL),
(164, 65, NULL),
(164, 66, NULL),
(164, 67, NULL),
(164, 68, NULL),
(164, 69, NULL),
(165, 6, NULL),
(165, 8, NULL),
(165, 9, NULL),
(165, 10, NULL),
(165, 11, NULL),
(165, 13, NULL),
(165, 14, NULL),
(165, 16, NULL),
(165, 17, NULL),
(165, 18, NULL),
(165, 19, NULL),
(165, 24, NULL),
(165, 25, NULL),
(165, 27, NULL),
(165, 28, NULL),
(165, 29, NULL),
(165, 30, NULL),
(165, 31, NULL),
(165, 32, NULL),
(165, 33, NULL),
(165, 34, NULL),
(165, 36, NULL),
(165, 37, NULL),
(165, 38, NULL),
(165, 40, NULL),
(165, 41, NULL),
(165, 42, NULL),
(165, 46, NULL),
(165, 47, NULL),
(165, 49, NULL),
(165, 51, NULL),
(165, 52, NULL),
(165, 53, NULL),
(165, 54, NULL),
(165, 55, NULL),
(165, 56, NULL),
(165, 57, NULL),
(165, 58, NULL),
(165, 59, NULL),
(165, 60, NULL),
(165, 61, NULL),
(165, 62, NULL),
(165, 63, NULL),
(165, 64, NULL),
(165, 65, NULL),
(165, 66, NULL),
(165, 67, NULL),
(165, 68, NULL),
(165, 69, NULL),
(166, 6, NULL),
(166, 8, NULL),
(166, 9, NULL),
(166, 10, NULL),
(166, 11, NULL),
(166, 13, NULL),
(166, 14, NULL),
(166, 16, NULL),
(166, 17, NULL),
(166, 18, NULL),
(166, 19, NULL),
(166, 24, NULL),
(166, 25, NULL),
(166, 27, NULL),
(166, 28, NULL),
(166, 29, NULL),
(166, 30, NULL),
(166, 31, NULL),
(166, 32, NULL),
(166, 33, NULL),
(166, 34, NULL),
(166, 36, NULL),
(166, 37, NULL),
(166, 38, NULL),
(166, 40, NULL),
(166, 41, NULL),
(166, 42, NULL),
(166, 46, NULL),
(166, 47, NULL),
(166, 49, NULL),
(166, 51, NULL),
(166, 52, NULL),
(166, 53, NULL),
(166, 54, NULL),
(166, 55, NULL),
(166, 56, NULL),
(166, 57, NULL),
(166, 58, NULL),
(166, 59, NULL),
(166, 60, NULL),
(166, 61, NULL),
(166, 62, NULL),
(166, 63, NULL),
(166, 64, NULL),
(166, 65, NULL),
(166, 66, NULL),
(166, 67, NULL),
(166, 68, NULL),
(166, 69, NULL),
(167, 6, NULL),
(167, 8, NULL),
(167, 9, NULL),
(167, 10, NULL),
(167, 11, NULL),
(167, 13, NULL),
(167, 14, NULL),
(167, 16, NULL),
(167, 17, NULL),
(167, 18, NULL),
(167, 19, NULL),
(167, 24, NULL),
(167, 25, NULL),
(167, 27, NULL),
(167, 28, NULL),
(167, 29, NULL),
(167, 30, NULL),
(167, 31, NULL),
(167, 32, NULL),
(167, 33, NULL),
(167, 34, NULL),
(167, 36, NULL),
(167, 37, NULL),
(167, 38, NULL),
(167, 40, NULL),
(167, 41, NULL),
(167, 42, NULL),
(167, 46, NULL),
(167, 47, NULL),
(167, 49, NULL),
(167, 51, NULL),
(167, 52, NULL),
(167, 53, NULL),
(167, 54, NULL),
(167, 55, NULL),
(167, 56, NULL),
(167, 57, NULL),
(167, 58, NULL),
(167, 59, NULL),
(167, 60, NULL),
(167, 61, NULL),
(167, 62, NULL),
(167, 63, NULL),
(167, 64, NULL),
(167, 65, NULL),
(167, 66, NULL),
(167, 67, NULL),
(167, 68, NULL),
(167, 69, NULL),
(168, 6, NULL),
(168, 8, NULL),
(168, 9, NULL),
(168, 10, NULL),
(168, 11, NULL),
(168, 13, NULL),
(168, 14, NULL),
(168, 16, NULL),
(168, 17, NULL),
(168, 18, NULL),
(168, 19, NULL),
(168, 24, NULL),
(168, 25, NULL),
(168, 27, NULL),
(168, 28, NULL),
(168, 29, NULL),
(168, 30, NULL),
(168, 31, NULL),
(168, 32, NULL),
(168, 33, NULL),
(168, 34, NULL),
(168, 36, NULL),
(168, 37, NULL),
(168, 38, NULL),
(168, 40, NULL),
(168, 41, NULL),
(168, 42, NULL),
(168, 46, NULL),
(168, 47, NULL),
(168, 49, NULL),
(168, 51, NULL),
(168, 52, NULL),
(168, 53, NULL),
(168, 54, NULL),
(168, 55, NULL),
(168, 56, NULL),
(168, 57, NULL),
(168, 58, NULL),
(168, 59, NULL),
(168, 60, NULL),
(168, 61, NULL),
(168, 62, NULL),
(168, 63, NULL),
(168, 64, NULL),
(168, 65, NULL),
(168, 66, NULL),
(168, 67, NULL),
(168, 68, NULL),
(168, 69, NULL),
(169, 6, NULL),
(169, 8, NULL),
(169, 9, NULL),
(169, 10, NULL),
(169, 11, NULL),
(169, 13, NULL),
(169, 14, NULL),
(169, 16, NULL),
(169, 17, NULL),
(169, 18, NULL),
(169, 19, NULL),
(169, 24, NULL),
(169, 25, NULL),
(169, 27, NULL),
(169, 28, NULL),
(169, 29, NULL),
(169, 30, NULL),
(169, 31, NULL),
(169, 32, NULL),
(169, 33, NULL),
(169, 34, NULL),
(169, 36, NULL),
(169, 37, NULL),
(169, 38, NULL),
(169, 40, NULL),
(169, 41, NULL),
(169, 42, NULL),
(169, 46, NULL),
(169, 47, NULL),
(169, 49, NULL),
(169, 51, NULL),
(169, 52, NULL),
(169, 53, NULL),
(169, 54, NULL),
(169, 55, NULL),
(169, 56, NULL),
(169, 57, NULL),
(169, 58, NULL),
(169, 59, NULL),
(169, 60, NULL),
(169, 61, NULL),
(169, 62, NULL),
(169, 63, NULL),
(169, 64, NULL),
(169, 65, NULL),
(169, 66, NULL),
(169, 67, NULL),
(169, 68, NULL),
(169, 69, NULL),
(170, 6, NULL),
(170, 8, NULL),
(170, 9, NULL),
(170, 10, NULL),
(170, 11, NULL),
(170, 13, NULL),
(170, 14, NULL),
(170, 16, NULL),
(170, 17, NULL),
(170, 18, NULL),
(170, 19, NULL),
(170, 24, NULL),
(170, 25, NULL),
(170, 27, NULL),
(170, 28, NULL),
(170, 29, NULL),
(170, 30, NULL),
(170, 31, NULL),
(170, 32, NULL),
(170, 33, NULL),
(170, 34, NULL),
(170, 36, NULL),
(170, 37, NULL),
(170, 38, NULL),
(170, 40, NULL),
(170, 41, NULL),
(170, 42, NULL),
(170, 46, NULL),
(170, 47, NULL),
(170, 49, NULL),
(170, 51, NULL),
(170, 52, NULL),
(170, 53, NULL),
(170, 54, NULL),
(170, 55, NULL),
(170, 56, NULL),
(170, 57, NULL),
(170, 58, NULL),
(170, 59, NULL),
(170, 60, NULL),
(170, 61, NULL),
(170, 62, NULL),
(170, 63, NULL),
(170, 64, NULL),
(170, 65, NULL),
(170, 66, NULL),
(170, 67, NULL),
(170, 68, NULL),
(170, 69, NULL),
(171, 6, NULL),
(171, 8, NULL),
(171, 9, NULL),
(171, 10, NULL),
(171, 11, NULL),
(171, 13, NULL),
(171, 14, NULL),
(171, 16, NULL),
(171, 17, NULL),
(171, 18, NULL),
(171, 19, NULL),
(171, 24, NULL),
(171, 25, NULL),
(171, 27, NULL),
(171, 28, NULL),
(171, 29, NULL),
(171, 30, NULL),
(171, 31, NULL),
(171, 32, NULL),
(171, 33, NULL),
(171, 34, NULL),
(171, 36, NULL),
(171, 37, NULL),
(171, 38, NULL),
(171, 40, NULL),
(171, 41, NULL),
(171, 42, NULL),
(171, 46, NULL),
(171, 47, NULL),
(171, 49, NULL),
(171, 51, NULL),
(171, 52, NULL),
(171, 53, NULL),
(171, 54, NULL),
(171, 55, NULL),
(171, 56, NULL),
(171, 57, NULL),
(171, 58, NULL),
(171, 59, NULL),
(171, 60, NULL),
(171, 61, NULL),
(171, 62, NULL),
(171, 63, NULL),
(171, 64, NULL),
(171, 65, NULL),
(171, 66, NULL),
(171, 67, NULL),
(171, 68, NULL),
(171, 69, NULL),
(172, 6, NULL),
(172, 8, NULL),
(172, 9, NULL),
(172, 10, NULL),
(172, 11, NULL),
(172, 13, NULL),
(172, 14, NULL),
(172, 16, NULL),
(172, 17, NULL),
(172, 18, NULL),
(172, 19, NULL),
(172, 24, NULL),
(172, 25, NULL),
(172, 27, NULL),
(172, 28, NULL),
(172, 29, NULL),
(172, 30, NULL),
(172, 31, NULL),
(172, 32, NULL),
(172, 33, NULL),
(172, 34, NULL),
(172, 36, NULL),
(172, 37, NULL),
(172, 38, NULL),
(172, 40, NULL),
(172, 41, NULL),
(172, 42, NULL),
(172, 46, NULL),
(172, 47, NULL),
(172, 49, NULL),
(172, 51, NULL),
(172, 52, NULL),
(172, 53, NULL),
(172, 54, NULL),
(172, 55, NULL),
(172, 56, NULL),
(172, 57, NULL),
(172, 58, NULL),
(172, 59, NULL),
(172, 60, NULL),
(172, 61, NULL),
(172, 62, NULL),
(172, 63, NULL),
(172, 64, NULL),
(172, 65, NULL),
(172, 66, NULL),
(172, 67, NULL),
(172, 68, NULL),
(172, 69, NULL),
(173, 6, NULL),
(173, 8, NULL),
(173, 9, NULL),
(173, 10, NULL),
(173, 11, NULL),
(173, 13, NULL),
(173, 14, NULL),
(173, 16, NULL),
(173, 17, NULL),
(173, 18, NULL),
(173, 19, NULL),
(173, 24, NULL),
(173, 25, NULL),
(173, 27, NULL),
(173, 28, NULL),
(173, 29, NULL),
(173, 30, NULL),
(173, 31, NULL),
(173, 32, NULL),
(173, 33, NULL),
(173, 34, NULL),
(173, 36, NULL),
(173, 37, NULL),
(173, 38, NULL),
(173, 40, NULL),
(173, 41, NULL),
(173, 42, NULL),
(173, 46, NULL),
(173, 47, NULL),
(173, 49, NULL),
(173, 51, NULL),
(173, 52, NULL),
(173, 53, NULL),
(173, 54, NULL),
(173, 55, NULL),
(173, 56, NULL),
(173, 57, NULL),
(173, 58, NULL),
(173, 59, NULL),
(173, 60, NULL),
(173, 61, NULL),
(173, 62, NULL),
(173, 63, NULL),
(173, 64, NULL),
(173, 65, NULL),
(173, 66, NULL),
(173, 67, NULL),
(173, 68, NULL),
(173, 69, NULL),
(174, 6, NULL),
(174, 8, NULL),
(174, 9, NULL),
(174, 10, NULL),
(174, 11, NULL),
(174, 13, NULL),
(174, 14, NULL),
(174, 16, NULL),
(174, 17, NULL),
(174, 18, NULL),
(174, 19, NULL),
(174, 24, NULL),
(174, 25, NULL),
(174, 27, NULL),
(174, 28, NULL),
(174, 29, NULL),
(174, 30, NULL),
(174, 31, NULL),
(174, 32, NULL),
(174, 33, NULL),
(174, 34, NULL),
(174, 36, NULL),
(174, 37, NULL),
(174, 38, NULL),
(174, 40, NULL),
(174, 41, NULL),
(174, 42, NULL),
(174, 46, NULL),
(174, 47, NULL),
(174, 49, NULL),
(174, 51, NULL),
(174, 52, NULL),
(174, 53, NULL),
(174, 54, NULL),
(174, 55, NULL),
(174, 56, NULL),
(174, 57, NULL),
(174, 58, NULL),
(174, 59, NULL),
(174, 60, NULL),
(174, 61, NULL),
(174, 62, NULL),
(174, 63, NULL),
(174, 64, NULL),
(174, 65, NULL),
(174, 66, NULL),
(174, 67, NULL),
(174, 68, NULL),
(174, 69, NULL),
(175, 6, NULL),
(175, 8, NULL),
(175, 9, NULL),
(175, 10, NULL),
(175, 11, NULL),
(175, 13, NULL),
(175, 14, NULL),
(175, 16, NULL),
(175, 17, NULL),
(175, 18, NULL),
(175, 19, NULL),
(175, 24, NULL),
(175, 25, NULL),
(175, 27, NULL),
(175, 28, NULL),
(175, 29, NULL),
(175, 30, NULL),
(175, 31, NULL),
(175, 32, NULL),
(175, 33, NULL),
(175, 34, NULL),
(175, 36, NULL),
(175, 37, NULL),
(175, 38, NULL),
(175, 40, NULL),
(175, 41, NULL),
(175, 42, NULL),
(175, 46, NULL),
(175, 47, NULL),
(175, 49, NULL),
(175, 51, NULL),
(175, 52, NULL),
(175, 53, NULL),
(175, 54, NULL),
(175, 55, NULL),
(175, 56, NULL),
(175, 57, NULL),
(175, 58, NULL),
(175, 59, NULL),
(175, 60, NULL),
(175, 61, NULL),
(175, 62, NULL),
(175, 63, NULL),
(175, 64, NULL),
(175, 65, NULL),
(175, 66, NULL),
(175, 67, NULL),
(175, 68, NULL),
(175, 69, NULL),
(176, 6, NULL),
(176, 8, NULL),
(176, 9, NULL),
(176, 10, NULL),
(176, 11, NULL),
(176, 13, NULL),
(176, 14, NULL),
(176, 16, NULL),
(176, 17, NULL),
(176, 18, NULL),
(176, 19, NULL),
(176, 24, NULL),
(176, 25, NULL),
(176, 27, NULL),
(176, 28, NULL),
(176, 29, NULL),
(176, 30, NULL),
(176, 31, NULL),
(176, 32, NULL),
(176, 33, NULL),
(176, 34, NULL),
(176, 36, NULL),
(176, 37, NULL),
(176, 38, NULL),
(176, 40, NULL),
(176, 41, NULL),
(176, 42, NULL),
(176, 46, NULL),
(176, 47, NULL),
(176, 49, NULL),
(176, 51, NULL),
(176, 52, NULL),
(176, 53, NULL),
(176, 54, NULL),
(176, 55, NULL),
(176, 56, NULL),
(176, 57, NULL),
(176, 58, NULL),
(176, 59, NULL),
(176, 60, NULL),
(176, 61, NULL),
(176, 62, NULL),
(176, 63, NULL),
(176, 64, NULL),
(176, 65, NULL),
(176, 66, NULL),
(176, 67, NULL),
(176, 68, NULL),
(176, 69, NULL),
(177, 6, NULL),
(177, 8, NULL),
(177, 9, NULL),
(177, 10, NULL),
(177, 11, NULL),
(177, 13, NULL),
(177, 14, NULL),
(177, 16, NULL),
(177, 17, NULL),
(177, 18, NULL),
(177, 19, NULL),
(177, 24, NULL),
(177, 25, NULL),
(177, 27, NULL),
(177, 28, NULL),
(177, 29, NULL),
(177, 30, NULL),
(177, 31, NULL),
(177, 32, NULL),
(177, 33, NULL),
(177, 34, NULL),
(177, 36, NULL),
(177, 37, NULL),
(177, 38, NULL),
(177, 40, NULL),
(177, 41, NULL),
(177, 42, NULL),
(177, 46, NULL),
(177, 47, NULL),
(177, 49, NULL),
(177, 51, NULL),
(177, 52, NULL),
(177, 53, NULL),
(177, 54, NULL),
(177, 55, NULL),
(177, 56, NULL),
(177, 57, NULL),
(177, 58, NULL),
(177, 59, NULL),
(177, 60, NULL),
(177, 61, NULL),
(177, 62, NULL),
(177, 63, NULL),
(177, 64, NULL),
(177, 65, NULL),
(177, 66, NULL),
(177, 67, NULL),
(177, 68, NULL),
(177, 69, NULL),
(178, 6, NULL),
(178, 8, NULL),
(178, 9, NULL),
(178, 10, NULL),
(178, 11, NULL),
(178, 13, NULL),
(178, 14, NULL),
(178, 16, NULL),
(178, 17, NULL),
(178, 18, NULL),
(178, 19, NULL),
(178, 24, NULL),
(178, 25, NULL),
(178, 27, NULL),
(178, 28, NULL),
(178, 29, NULL),
(178, 30, NULL),
(178, 31, NULL),
(178, 32, NULL),
(178, 33, NULL),
(178, 34, NULL),
(178, 36, NULL),
(178, 37, NULL),
(178, 38, NULL),
(178, 40, NULL),
(178, 41, NULL),
(178, 42, NULL),
(178, 46, NULL),
(178, 47, NULL),
(178, 49, NULL),
(178, 51, NULL),
(178, 52, NULL),
(178, 53, NULL),
(178, 54, NULL),
(178, 55, NULL),
(178, 56, NULL),
(178, 57, NULL),
(178, 58, NULL),
(178, 59, NULL),
(178, 60, NULL),
(178, 61, NULL),
(178, 62, NULL),
(178, 63, NULL),
(178, 64, NULL),
(178, 65, NULL),
(178, 66, NULL),
(178, 67, NULL),
(178, 68, NULL),
(178, 69, NULL),
(179, 6, NULL),
(179, 8, NULL),
(179, 9, NULL),
(179, 10, NULL),
(179, 11, NULL),
(179, 13, NULL),
(179, 14, NULL),
(179, 16, NULL),
(179, 17, NULL),
(179, 18, NULL),
(179, 19, NULL),
(179, 24, NULL),
(179, 25, NULL),
(179, 27, NULL),
(179, 28, NULL),
(179, 29, NULL),
(179, 30, NULL),
(179, 31, NULL),
(179, 32, NULL),
(179, 33, NULL),
(179, 34, NULL),
(179, 36, NULL),
(179, 37, NULL),
(179, 38, NULL),
(179, 40, NULL),
(179, 41, NULL),
(179, 42, NULL),
(179, 46, NULL),
(179, 47, NULL),
(179, 49, NULL),
(179, 51, NULL),
(179, 52, NULL),
(179, 53, NULL),
(179, 54, NULL),
(179, 55, NULL),
(179, 56, NULL),
(179, 57, NULL),
(179, 58, NULL),
(179, 59, NULL),
(179, 60, NULL),
(179, 61, NULL),
(179, 62, NULL),
(179, 63, NULL),
(179, 64, NULL),
(179, 65, NULL),
(179, 66, NULL),
(179, 67, NULL),
(179, 68, NULL),
(179, 69, NULL),
(180, 6, NULL),
(180, 8, NULL),
(180, 9, NULL),
(180, 10, NULL),
(180, 11, NULL),
(180, 13, NULL),
(180, 14, NULL),
(180, 16, NULL),
(180, 17, NULL),
(180, 18, NULL),
(180, 19, NULL),
(180, 24, NULL),
(180, 25, NULL),
(180, 27, NULL),
(180, 28, NULL),
(180, 29, NULL),
(180, 30, NULL),
(180, 31, NULL),
(180, 32, NULL),
(180, 33, NULL),
(180, 34, NULL),
(180, 36, NULL),
(180, 37, NULL),
(180, 38, NULL),
(180, 40, NULL),
(180, 41, NULL),
(180, 42, NULL),
(180, 46, NULL),
(180, 47, NULL),
(180, 49, NULL),
(180, 51, NULL),
(180, 52, NULL),
(180, 53, NULL),
(180, 54, NULL),
(180, 55, NULL),
(180, 56, NULL),
(180, 57, NULL),
(180, 58, NULL),
(180, 59, NULL),
(180, 60, NULL),
(180, 61, NULL),
(180, 62, NULL),
(180, 63, NULL),
(180, 64, NULL),
(180, 65, NULL),
(180, 66, NULL),
(180, 67, NULL),
(180, 68, NULL),
(180, 69, NULL);

-- --------------------------------------------------------

--
-- Estructura de tabla para la tabla `RespuestaPersonalidad`
--

CREATE TABLE `RespuestaPersonalidad` (
  `idPreguntaPersonalidad` int(11) NOT NULL,
  `respuesta` int(11) NOT NULL,
  `idEncuesta` int(11) NOT NULL
) ENGINE=InnoDB DEFAULT CHARSET=utf8;

-- --------------------------------------------------------

--
-- Estructura de tabla para la tabla `RespuestaPorPersonalidad`
--

CREATE TABLE `RespuestaPorPersonalidad` (
  `idEncuesta` int(11) NOT NULL,
  `idTipoPersonalidad` int(11) NOT NULL,
  `puntaje` int(11) DEFAULT NULL
) ENGINE=InnoDB DEFAULT CHARSET=utf8;

--
-- Volcado de datos para la tabla `RespuestaPorPersonalidad`
--

INSERT INTO `RespuestaPorPersonalidad` (`idEncuesta`, `idTipoPersonalidad`, `puntaje`) VALUES
(68, 1, 2),
(68, 2, 14),
(68, 3, 14),
(68, 4, -4),
(69, 1, 2),
(69, 2, 18),
(69, 3, 18),
(69, 4, 0);

-- --------------------------------------------------------

--
-- Estructura de tabla para la tabla `ResultadoPorAmbiente`
--

CREATE TABLE `ResultadoPorAmbiente` (
  `idEncuesta` int(11) NOT NULL,
  `idTipoAmbiente` int(11) NOT NULL,
  `valor` float DEFAULT NULL
) ENGINE=InnoDB DEFAULT CHARSET=utf8;

-- --------------------------------------------------------

--
-- Estructura de tabla para la tabla `TipoAmbiente`
--

CREATE TABLE `TipoAmbiente` (
  `idTipoAmbiente` int(11) NOT NULL,
  `tipo` varchar(45) DEFAULT NULL,
  `definicion` varchar(200) DEFAULT NULL
) ENGINE=InnoDB DEFAULT CHARSET=utf8;

--
-- Volcado de datos para la tabla `TipoAmbiente`
--

INSERT INTO `TipoAmbiente` (`idTipoAmbiente`, `tipo`, `definicion`) VALUES
(1, 'REALISTA', NULL),
(2, 'INVESTIGATIVO', NULL),
(3, 'ARTISTICO', NULL),
(4, 'SOCIAL', NULL),
(5, 'EMPRENDEDOR', NULL),
(6, 'CONVENCIONAL', NULL);

-- --------------------------------------------------------

--
-- Estructura de tabla para la tabla `TipoEleccionMateria`
--

CREATE TABLE `TipoEleccionMateria` (
  `idTipoEleccionMateria` int(11) NOT NULL,
  `tipo` varchar(45) DEFAULT NULL
) ENGINE=InnoDB DEFAULT CHARSET=utf8;

--
-- Volcado de datos para la tabla `TipoEleccionMateria`
--

INSERT INTO `TipoEleccionMateria` (`idTipoEleccionMateria`, `tipo`) VALUES
(1, 'ascendente'),
(2, 'descendente'),
(3, 'nota');

-- --------------------------------------------------------

--
-- Estructura de tabla para la tabla `TipoPersonalidad`
--

CREATE TABLE `TipoPersonalidad` (
  `idTipoPersonalidad` int(11) NOT NULL,
  `tipo` varchar(45) DEFAULT NULL
) ENGINE=InnoDB DEFAULT CHARSET=utf8;

--
-- Volcado de datos para la tabla `TipoPersonalidad`
--

INSERT INTO `TipoPersonalidad` (`idTipoPersonalidad`, `tipo`) VALUES
(1, 'JP'),
(2, 'FT'),
(3, 'IE'),
(4, 'SN');

-- --------------------------------------------------------

--
-- Estructura de tabla para la tabla `Usuario`
--

CREATE TABLE `Usuario` (
  `idUsuario` int(11) NOT NULL,
  `usuario` varchar(45) NOT NULL,
  `clave` varchar(100) NOT NULL,
  `estado` varchar(45) DEFAULT NULL
) ENGINE=InnoDB DEFAULT CHARSET=utf8;

--
-- Volcado de datos para la tabla `Usuario`
--

INSERT INTO `Usuario` (`idUsuario`, `usuario`, `clave`, `estado`) VALUES
(1, 'luis', '5994471ABB01112AFCC18159F6CC74B4F511B99806DA59B3CAF5A9C173CACFC5', 'activo'),
(2, 'yes', '5994471ABB01112AFCC18159F6CC74B4F511B99806DA59B3CAF5A9C173CACFC5', 'activo'),
(3, 'andres', '5994471ABB01112AFCC18159F6CC74B4F511B99806DA59B3CAF5A9C173CACFC5', 'activo');

--
-- Índices para tablas volcadas
--

--
-- Indices de la tabla `Area`
--
ALTER TABLE `Area`
  ADD PRIMARY KEY (`idArea`);

--
-- Indices de la tabla `AreaEncuesta`
--
ALTER TABLE `AreaEncuesta`
  ADD PRIMARY KEY (`idArea`,`idEncuesta`),
  ADD KEY `fk_Area_has_Encuesta_Encuesta1_idx` (`idEncuesta`),
  ADD KEY `fk_Area_has_Encuesta_Area1_idx` (`idArea`),
  ADD KEY `fk_Area_has_Encuesta_TipoEleccionMateria1_idx` (`idTipoEleccionMateria`);

--
-- Indices de la tabla `AreaProfesional`
--
ALTER TABLE `AreaProfesional`
  ADD PRIMARY KEY (`idAreaProfesional`);

--
-- Indices de la tabla `Ciudad`
--
ALTER TABLE `Ciudad`
  ADD PRIMARY KEY (`idCiudad`),
  ADD KEY `fk_Ciudad_Departamento1_idx` (`idDepartamento`);

--
-- Indices de la tabla `CodigoInstitucion`
--
ALTER TABLE `CodigoInstitucion`
  ADD PRIMARY KEY (`idCodigoInstitucion`),
  ADD KEY `fk_CodigoInstitucion_Institucion1_idx` (`idInstitucion`);

--
-- Indices de la tabla `Departamento`
--
ALTER TABLE `Departamento`
  ADD PRIMARY KEY (`idDepartamento`),
  ADD KEY `fk_Departamento_Pais1_idx` (`idPais`);

--
-- Indices de la tabla `Encuesta`
--
ALTER TABLE `Encuesta`
  ADD PRIMARY KEY (`idEncuesta`),
  ADD KEY `fk_Encuesta_Estudiante1_idx` (`idEstudiante`),
  ADD KEY `fk_Encuesta_AreaProfesional1_idx` (`idAreaProfesional`),
  ADD KEY `fk_Encuesta_Grado1_idx` (`idGrado`);

--
-- Indices de la tabla `Estudiante`
--
ALTER TABLE `Estudiante`
  ADD PRIMARY KEY (`idEstudiante`),
  ADD KEY `fk_table1_Persona_idx` (`idPersona`);

--
-- Indices de la tabla `Evaluacion`
--
ALTER TABLE `Evaluacion`
  ADD PRIMARY KEY (`idEvaluacion`),
  ADD KEY `fk_Enunciado_TipoAmbiente1_idx` (`idTipoAmbiente`);

--
-- Indices de la tabla `Grado`
--
ALTER TABLE `Grado`
  ADD PRIMARY KEY (`idGrado`),
  ADD KEY `fk_Grado_Institucion1_idx` (`idInstitucion`);

--
-- Indices de la tabla `GrupoUsuario`
--
ALTER TABLE `GrupoUsuario`
  ADD PRIMARY KEY (`idGrupoUsuario`,`idUsuario`),
  ADD KEY `fk_GrupoUsuario_Usuario1_idx` (`idUsuario`);

--
-- Indices de la tabla `Institucion`
--
ALTER TABLE `Institucion`
  ADD PRIMARY KEY (`idInstitucion`);

--
-- Indices de la tabla `Materia`
--
ALTER TABLE `Materia`
  ADD PRIMARY KEY (`idMateria`),
  ADD KEY `fk_Materia_Area1_idx` (`Area_idArea`);

--
-- Indices de la tabla `Nota`
--
ALTER TABLE `Nota`
  ADD PRIMARY KEY (`idMateria`,`idEstudiante`,`idGrado`),
  ADD KEY `fk_Materia_has_Estudiante_Estudiante1_idx` (`idEstudiante`),
  ADD KEY `fk_Materia_has_Estudiante_Materia1_idx` (`idMateria`),
  ADD KEY `fk_Materia_has_Estudiante_Grado1_idx` (`idGrado`);

--
-- Indices de la tabla `Pais`
--
ALTER TABLE `Pais`
  ADD PRIMARY KEY (`idPais`);

--
-- Indices de la tabla `Persona`
--
ALTER TABLE `Persona`
  ADD PRIMARY KEY (`idPersona`),
  ADD KEY `fk_Persona_Usuario1_idx` (`idUsuario`),
  ADD KEY `fk_Persona_Ciudad1_idx` (`idCiudad`);

--
-- Indices de la tabla `Persona_CodigoInstitucion`
--
ALTER TABLE `Persona_CodigoInstitucion`
  ADD PRIMARY KEY (`idPersona`,`idCodigoInstitucion`),
  ADD KEY `fk_Persona_CodigoInstitucion_Persona1_idx` (`idPersona`),
  ADD KEY `fk_Persona_CodigoInstitucion_CodigoInstitucion1_idx` (`idCodigoInstitucion`);

--
-- Indices de la tabla `PreguntaAmbiente`
--
ALTER TABLE `PreguntaAmbiente`
  ADD PRIMARY KEY (`idPreguntaAmbiente`),
  ADD KEY `fk_PreguntasAmbiente_TipoAmbiente1_idx` (`idTipoAmbiente`);

--
-- Indices de la tabla `PreguntaPersonalidad`
--
ALTER TABLE `PreguntaPersonalidad`
  ADD PRIMARY KEY (`idPreguntaPersonalidad`),
  ADD KEY `fk_Pregunta_Ambiente1_idx` (`idTipoPersonalidad`);

--
-- Indices de la tabla `RespuestaAmbiente`
--
ALTER TABLE `RespuestaAmbiente`
  ADD PRIMARY KEY (`idPreguntasAmbiente`,`idEncuesta`),
  ADD KEY `fk_RespuestaAmbiente_Encuesta1_idx` (`idEncuesta`);

--
-- Indices de la tabla `RespuestaPersonalidad`
--
ALTER TABLE `RespuestaPersonalidad`
  ADD PRIMARY KEY (`idEncuesta`,`idPreguntaPersonalidad`),
  ADD KEY `fk_Respuesta_Preguntas1_idx` (`idPreguntaPersonalidad`),
  ADD KEY `fk_Respuesta_Encuesta1_idx` (`idEncuesta`);

--
-- Indices de la tabla `RespuestaPorPersonalidad`
--
ALTER TABLE `RespuestaPorPersonalidad`
  ADD PRIMARY KEY (`idEncuesta`,`idTipoPersonalidad`),
  ADD KEY `fk_Encuesta_has_TipoPersonalidad_TipoPersonalidad1_idx` (`idTipoPersonalidad`),
  ADD KEY `fk_Encuesta_has_TipoPersonalidad_Encuesta1_idx` (`idEncuesta`);

--
-- Indices de la tabla `ResultadoPorAmbiente`
--
ALTER TABLE `ResultadoPorAmbiente`
  ADD PRIMARY KEY (`idEncuesta`,`idTipoAmbiente`),
  ADD KEY `fk_Encuesta_has_TipoAmbiente_TipoAmbiente1_idx` (`idTipoAmbiente`),
  ADD KEY `fk_Encuesta_has_TipoAmbiente_Encuesta1_idx` (`idEncuesta`);

--
-- Indices de la tabla `TipoAmbiente`
--
ALTER TABLE `TipoAmbiente`
  ADD PRIMARY KEY (`idTipoAmbiente`);

--
-- Indices de la tabla `TipoEleccionMateria`
--
ALTER TABLE `TipoEleccionMateria`
  ADD PRIMARY KEY (`idTipoEleccionMateria`);

--
-- Indices de la tabla `TipoPersonalidad`
--
ALTER TABLE `TipoPersonalidad`
  ADD PRIMARY KEY (`idTipoPersonalidad`);

--
-- Indices de la tabla `Usuario`
--
ALTER TABLE `Usuario`
  ADD PRIMARY KEY (`idUsuario`);

--
-- AUTO_INCREMENT de las tablas volcadas
--

--
-- AUTO_INCREMENT de la tabla `Area`
--
ALTER TABLE `Area`
  MODIFY `idArea` int(11) NOT NULL AUTO_INCREMENT, AUTO_INCREMENT=10;
--
-- AUTO_INCREMENT de la tabla `Ciudad`
--
ALTER TABLE `Ciudad`
  MODIFY `idCiudad` int(11) NOT NULL AUTO_INCREMENT, AUTO_INCREMENT=1121;
--
-- AUTO_INCREMENT de la tabla `CodigoInstitucion`
--
ALTER TABLE `CodigoInstitucion`
  MODIFY `idCodigoInstitucion` int(11) NOT NULL AUTO_INCREMENT, AUTO_INCREMENT=2;
--
-- AUTO_INCREMENT de la tabla `Departamento`
--
ALTER TABLE `Departamento`
  MODIFY `idDepartamento` int(11) NOT NULL AUTO_INCREMENT, AUTO_INCREMENT=33;
--
-- AUTO_INCREMENT de la tabla `Encuesta`
--
ALTER TABLE `Encuesta`
  MODIFY `idEncuesta` int(11) NOT NULL AUTO_INCREMENT, AUTO_INCREMENT=70;
--
-- AUTO_INCREMENT de la tabla `Estudiante`
--
ALTER TABLE `Estudiante`
  MODIFY `idEstudiante` int(11) NOT NULL AUTO_INCREMENT, AUTO_INCREMENT=3;
--
-- AUTO_INCREMENT de la tabla `Grado`
--
ALTER TABLE `Grado`
  MODIFY `idGrado` int(11) NOT NULL AUTO_INCREMENT;
--
-- AUTO_INCREMENT de la tabla `Institucion`
--
ALTER TABLE `Institucion`
  MODIFY `idInstitucion` int(11) NOT NULL AUTO_INCREMENT, AUTO_INCREMENT=2;
--
-- AUTO_INCREMENT de la tabla `Materia`
--
ALTER TABLE `Materia`
  MODIFY `idMateria` int(11) NOT NULL AUTO_INCREMENT;
--
-- AUTO_INCREMENT de la tabla `Pais`
--
ALTER TABLE `Pais`
  MODIFY `idPais` int(11) NOT NULL AUTO_INCREMENT, AUTO_INCREMENT=3;
--
-- AUTO_INCREMENT de la tabla `Persona`
--
ALTER TABLE `Persona`
  MODIFY `idPersona` int(11) NOT NULL AUTO_INCREMENT, AUTO_INCREMENT=4;
--
-- AUTO_INCREMENT de la tabla `PreguntaPersonalidad`
--
ALTER TABLE `PreguntaPersonalidad`
  MODIFY `idPreguntaPersonalidad` int(11) NOT NULL AUTO_INCREMENT, AUTO_INCREMENT=33;
--
-- AUTO_INCREMENT de la tabla `TipoPersonalidad`
--
ALTER TABLE `TipoPersonalidad`
  MODIFY `idTipoPersonalidad` int(11) NOT NULL AUTO_INCREMENT, AUTO_INCREMENT=5;
--
-- AUTO_INCREMENT de la tabla `Usuario`
--
ALTER TABLE `Usuario`
  MODIFY `idUsuario` int(11) NOT NULL AUTO_INCREMENT, AUTO_INCREMENT=4;
--
-- Restricciones para tablas volcadas
--

--
-- Filtros para la tabla `AreaEncuesta`
--
ALTER TABLE `AreaEncuesta`
  ADD CONSTRAINT `fk_Area_has_Encuesta_Area1` FOREIGN KEY (`idArea`) REFERENCES `Area` (`idArea`) ON DELETE NO ACTION ON UPDATE NO ACTION,
  ADD CONSTRAINT `fk_Area_has_Encuesta_Encuesta1` FOREIGN KEY (`idEncuesta`) REFERENCES `Encuesta` (`idEncuesta`) ON DELETE NO ACTION ON UPDATE NO ACTION,
  ADD CONSTRAINT `fk_Area_has_Encuesta_TipoEleccionMateria1` FOREIGN KEY (`idTipoEleccionMateria`) REFERENCES `TipoEleccionMateria` (`idTipoEleccionMateria`) ON DELETE NO ACTION ON UPDATE NO ACTION;

--
-- Filtros para la tabla `Ciudad`
--
ALTER TABLE `Ciudad`
  ADD CONSTRAINT `fk_Ciudad_Departamento1` FOREIGN KEY (`idDepartamento`) REFERENCES `Departamento` (`idDepartamento`) ON DELETE NO ACTION ON UPDATE NO ACTION;

--
-- Filtros para la tabla `CodigoInstitucion`
--
ALTER TABLE `CodigoInstitucion`
  ADD CONSTRAINT `fk_CodigoInstitucion_Institucion1` FOREIGN KEY (`idInstitucion`) REFERENCES `Institucion` (`idInstitucion`) ON DELETE NO ACTION ON UPDATE NO ACTION;

--
-- Filtros para la tabla `Departamento`
--
ALTER TABLE `Departamento`
  ADD CONSTRAINT `fk_Departamento_Pais1` FOREIGN KEY (`idPais`) REFERENCES `Pais` (`idPais`) ON DELETE NO ACTION ON UPDATE NO ACTION;

--
-- Filtros para la tabla `Encuesta`
--
ALTER TABLE `Encuesta`
  ADD CONSTRAINT `fk_Encuesta_AreaProfesional1` FOREIGN KEY (`idAreaProfesional`) REFERENCES `AreaProfesional` (`idAreaProfesional`) ON DELETE NO ACTION ON UPDATE NO ACTION,
  ADD CONSTRAINT `fk_Encuesta_Estudiante1` FOREIGN KEY (`idEstudiante`) REFERENCES `Estudiante` (`idEstudiante`) ON DELETE NO ACTION ON UPDATE NO ACTION,
  ADD CONSTRAINT `fk_Encuesta_Grado1` FOREIGN KEY (`idGrado`) REFERENCES `Grado` (`idGrado`) ON DELETE NO ACTION ON UPDATE NO ACTION;

--
-- Filtros para la tabla `Estudiante`
--
ALTER TABLE `Estudiante`
  ADD CONSTRAINT `fk_table1_Persona` FOREIGN KEY (`idPersona`) REFERENCES `Persona` (`idPersona`) ON DELETE NO ACTION ON UPDATE NO ACTION;

--
-- Filtros para la tabla `Evaluacion`
--
ALTER TABLE `Evaluacion`
  ADD CONSTRAINT `fk_Enunciado_TipoAmbiente1` FOREIGN KEY (`idTipoAmbiente`) REFERENCES `TipoAmbiente` (`idTipoAmbiente`) ON DELETE NO ACTION ON UPDATE NO ACTION;

--
-- Filtros para la tabla `Grado`
--
ALTER TABLE `Grado`
  ADD CONSTRAINT `fk_Grado_Institucion1` FOREIGN KEY (`idInstitucion`) REFERENCES `Institucion` (`idInstitucion`) ON DELETE NO ACTION ON UPDATE NO ACTION;

--
-- Filtros para la tabla `GrupoUsuario`
--
ALTER TABLE `GrupoUsuario`
  ADD CONSTRAINT `fk_GrupoUsuario_Usuario1` FOREIGN KEY (`idUsuario`) REFERENCES `Usuario` (`idUsuario`) ON DELETE NO ACTION ON UPDATE NO ACTION;

--
-- Filtros para la tabla `Materia`
--
ALTER TABLE `Materia`
  ADD CONSTRAINT `fk_Materia_Area1` FOREIGN KEY (`Area_idArea`) REFERENCES `Area` (`idArea`) ON DELETE NO ACTION ON UPDATE NO ACTION;

--
-- Filtros para la tabla `Nota`
--
ALTER TABLE `Nota`
  ADD CONSTRAINT `fk_Materia_has_Estudiante_Estudiante1` FOREIGN KEY (`idEstudiante`) REFERENCES `Estudiante` (`idEstudiante`) ON DELETE NO ACTION ON UPDATE NO ACTION,
  ADD CONSTRAINT `fk_Materia_has_Estudiante_Grado1` FOREIGN KEY (`idGrado`) REFERENCES `Grado` (`idGrado`) ON DELETE NO ACTION ON UPDATE NO ACTION,
  ADD CONSTRAINT `fk_Materia_has_Estudiante_Materia1` FOREIGN KEY (`idMateria`) REFERENCES `Materia` (`idMateria`) ON DELETE NO ACTION ON UPDATE NO ACTION;

--
-- Filtros para la tabla `Persona`
--
ALTER TABLE `Persona`
  ADD CONSTRAINT `fk_Persona_Ciudad1` FOREIGN KEY (`idCiudad`) REFERENCES `Ciudad` (`idCiudad`) ON DELETE NO ACTION ON UPDATE NO ACTION,
  ADD CONSTRAINT `fk_Persona_Usuario1` FOREIGN KEY (`idUsuario`) REFERENCES `Usuario` (`idUsuario`) ON DELETE NO ACTION ON UPDATE NO ACTION;

--
-- Filtros para la tabla `Persona_CodigoInstitucion`
--
ALTER TABLE `Persona_CodigoInstitucion`
  ADD CONSTRAINT `fk_Persona_CodigoInstitucion_CodigoInstitucion1` FOREIGN KEY (`idCodigoInstitucion`) REFERENCES `CodigoInstitucion` (`idCodigoInstitucion`) ON DELETE NO ACTION ON UPDATE NO ACTION,
  ADD CONSTRAINT `fk_Persona_CodigoInstitucion_Persona1` FOREIGN KEY (`idPersona`) REFERENCES `Persona` (`idPersona`) ON DELETE NO ACTION ON UPDATE NO ACTION;

--
-- Filtros para la tabla `PreguntaAmbiente`
--
ALTER TABLE `PreguntaAmbiente`
  ADD CONSTRAINT `fk_PreguntasAmbiente_TipoAmbiente1` FOREIGN KEY (`idTipoAmbiente`) REFERENCES `TipoAmbiente` (`idTipoAmbiente`) ON DELETE NO ACTION ON UPDATE NO ACTION;

--
-- Filtros para la tabla `PreguntaPersonalidad`
--
ALTER TABLE `PreguntaPersonalidad`
  ADD CONSTRAINT `fk_Pregunta_Ambiente1` FOREIGN KEY (`idTipoPersonalidad`) REFERENCES `TipoPersonalidad` (`idTipoPersonalidad`) ON DELETE NO ACTION ON UPDATE NO ACTION;

--
-- Filtros para la tabla `RespuestaAmbiente`
--
ALTER TABLE `RespuestaAmbiente`
  ADD CONSTRAINT `fk_RespuestaAmbiente_Encuesta1` FOREIGN KEY (`idEncuesta`) REFERENCES `Encuesta` (`idEncuesta`) ON DELETE NO ACTION ON UPDATE NO ACTION,
  ADD CONSTRAINT `fk_RespuestaAmbiente_PreguntasAmbiente1` FOREIGN KEY (`idPreguntasAmbiente`) REFERENCES `PreguntaAmbiente` (`idPreguntaAmbiente`) ON DELETE NO ACTION ON UPDATE NO ACTION;

--
-- Filtros para la tabla `RespuestaPersonalidad`
--
ALTER TABLE `RespuestaPersonalidad`
  ADD CONSTRAINT `fk_Respuesta_Encuesta1` FOREIGN KEY (`idEncuesta`) REFERENCES `Encuesta` (`idEncuesta`) ON DELETE NO ACTION ON UPDATE NO ACTION,
  ADD CONSTRAINT `fk_Respuesta_Preguntas1` FOREIGN KEY (`idPreguntaPersonalidad`) REFERENCES `PreguntaPersonalidad` (`idPreguntaPersonalidad`) ON DELETE NO ACTION ON UPDATE NO ACTION;

--
-- Filtros para la tabla `RespuestaPorPersonalidad`
--
ALTER TABLE `RespuestaPorPersonalidad`
  ADD CONSTRAINT `fk_Encuesta_has_TipoPersonalidad_Encuesta1` FOREIGN KEY (`idEncuesta`) REFERENCES `Encuesta` (`idEncuesta`) ON DELETE NO ACTION ON UPDATE NO ACTION,
  ADD CONSTRAINT `fk_Encuesta_has_TipoPersonalidad_TipoPersonalidad1` FOREIGN KEY (`idTipoPersonalidad`) REFERENCES `TipoPersonalidad` (`idTipoPersonalidad`) ON DELETE NO ACTION ON UPDATE NO ACTION;

--
-- Filtros para la tabla `ResultadoPorAmbiente`
--
ALTER TABLE `ResultadoPorAmbiente`
  ADD CONSTRAINT `fk_Encuesta_has_TipoAmbiente_Encuesta1` FOREIGN KEY (`idEncuesta`) REFERENCES `Encuesta` (`idEncuesta`) ON DELETE NO ACTION ON UPDATE NO ACTION,
  ADD CONSTRAINT `fk_Encuesta_has_TipoAmbiente_TipoAmbiente1` FOREIGN KEY (`idTipoAmbiente`) REFERENCES `TipoAmbiente` (`idTipoAmbiente`) ON DELETE NO ACTION ON UPDATE NO ACTION;

/*!40101 SET CHARACTER_SET_CLIENT=@OLD_CHARACTER_SET_CLIENT */;
/*!40101 SET CHARACTER_SET_RESULTS=@OLD_CHARACTER_SET_RESULTS */;
/*!40101 SET COLLATION_CONNECTION=@OLD_COLLATION_CONNECTION */;
