-- phpMyAdmin SQL Dump
-- version 4.6.6deb4
-- https://www.phpmyadmin.net/
--
-- Servidor: localhost:3306
-- Tiempo de generación: 19-11-2018 a las 14:52:58
-- Versión del servidor: 10.1.26-MariaDB-0+deb9u1
-- Versión de PHP: 7.0.30-0+deb9u1

SET SQL_MODE = "NO_AUTO_VALUE_ON_ZERO";
SET time_zone = "+00:00";


/*!40101 SET @OLD_CHARACTER_SET_CLIENT=@@CHARACTER_SET_CLIENT */;
/*!40101 SET @OLD_CHARACTER_SET_RESULTS=@@CHARACTER_SET_RESULTS */;
/*!40101 SET @OLD_COLLATION_CONNECTION=@@COLLATION_CONNECTION */;
/*!40101 SET NAMES utf8mb4 */;

--
-- Base de datos: `interpro2`
--

-- --------------------------------------------------------

--
-- Estructura de tabla para la tabla `Area`
--

CREATE TABLE `Area` (
  `idArea` int(11) NOT NULL,
  `nombre` varchar(150) DEFAULT NULL
) ENGINE=InnoDB DEFAULT CHARSET=utf8;

--
-- Volcado de datos para la tabla `Area`
--

INSERT INTO `Area` (`idArea`, `nombre`) VALUES
(1, 'Ciencias naturales y educación ambiental'),
(2, 'Ciencias sociales, historia, geografía, constitución política y democrática'),
(3, 'Educación artística'),
(4, 'Educación ética y en valores humano'),
(5, ' Educación física, recreación y deportes'),
(6, 'Educación religiosa'),
(7, 'Humanidades, lengua castellana e idiomas extranjeros'),
(8, 'Matemáticas'),
(9, 'Tecnología e informática');

-- --------------------------------------------------------

--
-- Estructura de tabla para la tabla `AreaEncuesta`
--

CREATE TABLE `AreaEncuesta` (
  `idArea` int(11) NOT NULL,
  `idEncuesta` int(11) NOT NULL,
  `posicion` varchar(45) DEFAULT NULL,
  `gusto` varchar(45) DEFAULT NULL,
  `idTipoEleccionMateria` int(11) NOT NULL
) ENGINE=InnoDB DEFAULT CHARSET=utf8;

-- --------------------------------------------------------

--
-- Estructura de tabla para la tabla `AreaProfesional`
--

CREATE TABLE `AreaProfesional` (
  `idAreaProfesional` int(11) NOT NULL,
  `areal` varchar(45) DEFAULT NULL
) ENGINE=InnoDB DEFAULT CHARSET=utf8;

-- --------------------------------------------------------

--
-- Estructura de tabla para la tabla `Ciudad`
--

CREATE TABLE `Ciudad` (
  `idCiudad` int(11) NOT NULL,
  `nombre` varchar(45) DEFAULT NULL,
  `idDepartamento` int(11) NOT NULL
) ENGINE=InnoDB DEFAULT CHARSET=utf8;

--
-- Volcado de datos para la tabla `Ciudad`
--

INSERT INTO `Ciudad` (`idCiudad`, `nombre`, `idDepartamento`) VALUES
(1, 'LETICIA', 1),
(2, 'EL ENCANTO', 1),
(3, 'LA CHORRERA', 1),
(4, 'LA PEDRERA', 1),
(5, 'LA VICTORIA', 1),
(6, 'MIRITI - PARANA', 1),
(7, 'PUERTO ALEGRIA', 1),
(8, 'PUERTO ARICA', 1),
(9, 'PUERTO NARIÑO', 1),
(10, 'PUERTO SANTANDER', 1),
(11, 'TARAPACA', 1),
(12, 'MEDELLIN', 2),
(13, 'ABEJORRAL', 2),
(14, 'ABRIAQUI', 2),
(15, 'ALEJANDRIA', 2),
(16, 'AMAGA', 2),
(17, 'AMALFI', 2),
(18, 'ANDES', 2),
(19, 'ANGELOPOLIS', 2),
(20, 'ANGOSTURA', 2),
(21, 'ANORI', 2),
(22, 'SANTAFE DE ANTIOQUIA', 2),
(23, 'ANZA', 2),
(24, 'APARTADO', 2),
(25, 'ARBOLETES', 2),
(26, 'ARGELIA', 2),
(27, 'ARMENIA', 2),
(28, 'BARBOSA', 2),
(29, 'BELMIRA', 2),
(30, 'BELLO', 2),
(31, 'BETANIA', 2),
(32, 'BETULIA', 2),
(33, 'CIUDAD BOLIVAR', 2),
(34, 'BRICEÑO', 2),
(35, 'BURITICA', 2),
(36, 'CACERES', 2),
(37, 'CAICEDO', 2),
(38, 'CALDAS', 2),
(39, 'CAMPAMENTO', 2),
(40, 'CAÑASGORDAS', 2),
(41, 'CARACOLI', 2),
(42, 'CARAMANTA', 2),
(43, 'CAREPA', 2),
(44, 'EL CARMEN DE VIBORAL', 2),
(45, 'CAROLINA', 2),
(46, 'CAUCASIA', 2),
(47, 'CHIGORODO', 2),
(48, 'CISNEROS', 2),
(49, 'COCORNA', 2),
(50, 'CONCEPCION', 2),
(51, 'CONCORDIA', 2),
(52, 'COPACABANA', 2),
(53, 'DABEIBA', 2),
(54, 'DON MATIAS', 2),
(55, 'EBEJICO', 2),
(56, 'EL BAGRE', 2),
(57, 'ENTRERRIOS', 2),
(58, 'ENVIGADO', 2),
(59, 'FREDONIA', 2),
(60, 'FRONTINO', 2),
(61, 'GIRALDO', 2),
(62, 'GIRARDOTA', 2),
(63, 'GOMEZ PLATA', 2),
(64, 'GRANADA', 2),
(65, 'GUADALUPE', 2),
(66, 'GUARNE', 2),
(67, 'GUATAPE', 2),
(68, 'HELICONIA', 2),
(69, 'HISPANIA', 2),
(70, 'ITAGUI', 2),
(71, 'ITUANGO', 2),
(72, 'JARDIN', 2),
(73, 'JERICO', 2),
(74, 'LA CEJA', 2),
(75, 'LA ESTRELLA', 2),
(76, 'LA PINTADA', 2),
(77, 'LA UNION', 2),
(78, 'LIBORINA', 2),
(79, 'MACEO', 2),
(80, 'MARINILLA', 2),
(81, 'MONTEBELLO', 2),
(82, 'MURINDO', 2),
(83, 'MUTATA', 2),
(84, 'NARIÑO', 2),
(85, 'NECOCLI', 2),
(86, 'NECHI', 2),
(87, 'OLAYA', 2),
(88, 'PEÐOL', 2),
(89, 'PEQUE', 2),
(90, 'PUEBLORRICO', 2),
(91, 'PUERTO BERRIO', 2),
(92, 'PUERTO NARE', 2),
(93, 'PUERTO TRIUNFO', 2),
(94, 'REMEDIOS', 2),
(95, 'RETIRO', 2),
(96, 'RIONEGRO', 2),
(97, 'SABANALARGA', 2),
(98, 'SABANETA', 2),
(99, 'SALGAR', 2),
(100, 'SAN ANDRES DE CUERQUIA', 2),
(101, 'SAN CARLOS', 2),
(102, 'SAN FRANCISCO', 2),
(103, 'SAN JERONIMO', 2),
(104, 'SAN JOSE DE LA MONTAÑA', 2),
(105, 'SAN JUAN DE URABA', 2),
(106, 'SAN LUIS', 2),
(107, 'SAN PEDRO', 2),
(108, 'SAN PEDRO DE URABA', 2),
(109, 'SAN RAFAEL', 2),
(110, 'SAN ROQUE', 2),
(111, 'SAN VICENTE', 2),
(112, 'SANTA BARBARA', 2),
(113, 'SANTA ROSA DE OSOS', 2),
(114, 'SANTO DOMINGO', 2),
(115, 'EL SANTUARIO', 2),
(116, 'SEGOVIA', 2),
(117, 'SONSON', 2),
(118, 'SOPETRAN', 2),
(119, 'TAMESIS', 2),
(120, 'TARAZA', 2),
(121, 'TARSO', 2),
(122, 'TITIRIBI', 2),
(123, 'TOLEDO', 2),
(124, 'TURBO', 2),
(125, 'URAMITA', 2),
(126, 'URRAO', 2),
(127, 'VALDIVIA', 2),
(128, 'VALPARAISO', 2),
(129, 'VEGACHI', 2),
(130, 'VENECIA', 2),
(131, 'VIGIA DEL FUERTE', 2),
(132, 'YALI', 2),
(133, 'YARUMAL', 2),
(134, 'YOLOMBO', 2),
(135, 'YONDO', 2),
(136, 'ZARAGOZA', 2),
(137, 'ARAUCA', 3),
(138, 'ARAUQUITA', 3),
(139, 'CRAVO NORTE', 3),
(140, 'FORTUL', 3),
(141, 'PUERTO RONDON', 3),
(142, 'SARAVENA', 3),
(143, 'TAME', 3),
(144, 'BARRANQUILLA', 4),
(145, 'BARANOA', 4),
(146, 'CAMPO DE LA CRUZ', 4),
(147, 'CANDELARIA', 4),
(148, 'GALAPA', 4),
(149, 'JUAN DE ACOSTA', 4),
(150, 'LURUACO', 4),
(151, 'MALAMBO', 4),
(152, 'MANATI', 4),
(153, 'PALMAR DE VARELA', 4),
(154, 'PIOJO', 4),
(155, 'POLONUEVO', 4),
(156, 'PONEDERA', 4),
(157, 'PUERTO COLOMBIA', 4),
(158, 'REPELON', 4),
(159, 'SABANAGRANDE', 4),
(160, 'SABANALARGA', 4),
(161, 'SANTA LUCIA', 4),
(162, 'SANTO TOMAS', 4),
(163, 'SOLEDAD', 4),
(164, 'SUAN', 4),
(165, 'TUBARA', 4),
(166, 'USIACURI', 4),
(167, 'CARTAGENA', 5),
(168, 'ACHI', 5),
(169, 'ALTOS DEL ROSARIO', 5),
(170, 'ARENAL', 5),
(171, 'ARJONA', 5),
(172, 'ARROYOHONDO', 5),
(173, 'BARRANCO DE LOBA', 5),
(174, 'CALAMAR', 5),
(175, 'CANTAGALLO', 5),
(176, 'CICUCO', 5),
(177, 'CORDOBA', 5),
(178, 'CLEMENCIA', 5),
(179, 'EL CARMEN DE BOLIVAR', 5),
(180, 'EL GUAMO', 5),
(181, 'EL PEÑON', 5),
(182, 'HATILLO DE LOBA', 5),
(183, 'MAGANGUE', 5),
(184, 'MAHATES', 5),
(185, 'MARGARITA', 5),
(186, 'MARIA LA BAJA', 5),
(187, 'MONTECRISTO', 5),
(188, 'MOMPOS', 5),
(189, 'NOROSI', 5),
(190, 'MORALES', 5),
(191, 'PINILLOS', 5),
(192, 'REGIDOR', 5),
(193, 'RIO VIEJO', 5),
(194, 'SAN CRISTOBAL', 5),
(195, 'SAN ESTANISLAO', 5),
(196, 'SAN FERNANDO', 5),
(197, 'SAN JACINTO', 5),
(198, 'SAN JACINTO DEL CAUCA', 5),
(199, 'SAN JUAN NEPOMUCENO', 5),
(200, 'SAN MARTIN DE LOBA', 5),
(201, 'SAN PABLO', 5),
(202, 'SANTA CATALINA', 5),
(203, 'SANTA ROSA', 5),
(204, 'SANTA ROSA DEL SUR', 5),
(205, 'SIMITI', 5),
(206, 'SOPLAVIENTO', 5),
(207, 'TALAIGUA NUEVO', 5),
(208, 'TIQUISIO', 5),
(209, 'TURBACO', 5),
(210, 'TURBANA', 5),
(211, 'VILLANUEVA', 5),
(212, 'ZAMBRANO', 5),
(213, 'TUNJA', 6),
(214, 'ALMEIDA', 6),
(215, 'AQUITANIA', 6),
(216, 'ARCABUCO', 6),
(217, 'BELEN', 6),
(218, 'BERBEO', 6),
(219, 'BETEITIVA', 6),
(220, 'BOAVITA', 6),
(221, 'BOYACA', 6),
(222, 'BRICEÑO', 6),
(223, 'BUENAVISTA', 6),
(224, 'BUSBANZA', 6),
(225, 'CALDAS', 6),
(226, 'CAMPOHERMOSO', 6),
(227, 'CERINZA', 6),
(228, 'CHINAVITA', 6),
(229, 'CHIQUINQUIRA', 6),
(230, 'CHISCAS', 6),
(231, 'CHITA', 6),
(232, 'CHITARAQUE', 6),
(233, 'CHIVATA', 6),
(234, 'CIENEGA', 6),
(235, 'COMBITA', 6),
(236, 'COPER', 6),
(237, 'CORRALES', 6),
(238, 'COVARACHIA', 6),
(239, 'CUBARA', 6),
(240, 'CUCAITA', 6),
(241, 'CUITIVA', 6),
(242, 'CHIQUIZA', 6),
(243, 'CHIVOR', 6),
(244, 'DUITAMA', 6),
(245, 'EL COCUY', 6),
(246, 'EL ESPINO', 6),
(247, 'FIRAVITOBA', 6),
(248, 'FLORESTA', 6),
(249, 'GACHANTIVA', 6),
(250, 'GAMEZA', 6),
(251, 'GARAGOA', 6),
(252, 'GUACAMAYAS', 6),
(253, 'GUATEQUE', 6),
(254, 'GUAYATA', 6),
(255, 'GsICAN', 6),
(256, 'IZA', 6),
(257, 'JENESANO', 6),
(258, 'JERICO', 6),
(259, 'LABRANZAGRANDE', 6),
(260, 'LA CAPILLA', 6),
(261, 'LA VICTORIA', 6),
(262, 'LA UVITA', 6),
(263, 'VILLA DE LEYVA', 6),
(264, 'MACANAL', 6),
(265, 'MARIPI', 6),
(266, 'MIRAFLORES', 6),
(267, 'MONGUA', 6),
(268, 'MONGUI', 6),
(269, 'MONIQUIRA', 6),
(270, 'MOTAVITA', 6),
(271, 'MUZO', 6),
(272, 'NOBSA', 6),
(273, 'NUEVO COLON', 6),
(274, 'OICATA', 6),
(275, 'OTANCHE', 6),
(276, 'PACHAVITA', 6),
(277, 'PAEZ', 6),
(278, 'PAIPA', 6),
(279, 'PAJARITO', 6),
(280, 'PANQUEBA', 6),
(281, 'PAUNA', 6),
(282, 'PAYA', 6),
(283, 'PAZ DE RIO', 6),
(284, 'PESCA', 6),
(285, 'PISBA', 6),
(286, 'PUERTO BOYACA', 6),
(287, 'QUIPAMA', 6),
(288, 'RAMIRIQUI', 6),
(289, 'RAQUIRA', 6),
(290, 'RONDON', 6),
(291, 'SABOYA', 6),
(292, 'SACHICA', 6),
(293, 'SAMACA', 6),
(294, 'SAN EDUARDO', 6),
(295, 'SAN JOSE DE PARE', 6),
(296, 'SAN LUIS DE GACENO', 6),
(297, 'SAN MATEO', 6),
(298, 'SAN MIGUEL DE SEMA', 6),
(299, 'SAN PABLO DE BORBUR', 6),
(300, 'SANTANA', 6),
(301, 'SANTA MARIA', 6),
(302, 'SANTA ROSA DE VITERBO', 6),
(303, 'SANTA SOFIA', 6),
(304, 'SATIVANORTE', 6),
(305, 'SATIVASUR', 6),
(306, 'SIACHOQUE', 6),
(307, 'SOATA', 6),
(308, 'SOCOTA', 6),
(309, 'SOCHA', 6),
(310, 'SOGAMOSO', 6),
(311, 'SOMONDOCO', 6),
(312, 'SORA', 6),
(313, 'SOTAQUIRA', 6),
(314, 'SORACA', 6),
(315, 'SUSACON', 6),
(316, 'SUTAMARCHAN', 6),
(317, 'SUTATENZA', 6),
(318, 'TASCO', 6),
(319, 'TENZA', 6),
(320, 'TIBANA', 6),
(321, 'TIBASOSA', 6),
(322, 'TINJACA', 6),
(323, 'TIPACOQUE', 6),
(324, 'TOCA', 6),
(325, 'TOGsI', 6),
(326, 'TOPAGA', 6),
(327, 'TOTA', 6),
(328, 'TUNUNGUA', 6),
(329, 'TURMEQUE', 6),
(330, 'TUTA', 6),
(331, 'TUTAZA', 6),
(332, 'UMBITA', 6),
(333, 'VENTAQUEMADA', 6),
(334, 'VIRACACHA', 6),
(335, 'ZETAQUIRA', 6),
(336, 'MANIZALES', 7),
(337, 'AGUADAS', 7),
(338, 'ANSERMA', 7),
(339, 'ARANZAZU', 7),
(340, 'BELALCAZAR', 7),
(341, 'CHINCHINA', 7),
(342, 'FILADELFIA', 7),
(343, 'LA DORADA', 7),
(344, 'LA MERCED', 7),
(345, 'MANZANARES', 7),
(346, 'MARMATO', 7),
(347, 'MARQUETALIA', 7),
(348, 'MARULANDA', 7),
(349, 'NEIRA', 7),
(350, 'NORCASIA', 7),
(351, 'PACORA', 7),
(352, 'PALESTINA', 7),
(353, 'PENSILVANIA', 7),
(354, 'RIOSUCIO', 7),
(355, 'RISARALDA', 7),
(356, 'SALAMINA', 7),
(357, 'SAMANA', 7),
(358, 'SAN JOSE', 7),
(359, 'SUPIA', 7),
(360, 'VICTORIA', 7),
(361, 'VILLAMARIA', 7),
(362, 'VITERBO', 7),
(363, 'FLORENCIA', 8),
(364, 'ALBANIA', 8),
(365, 'BELEN DE LOS ANDAQUIES', 8),
(366, 'CARTAGENA DEL CHAIRA', 8),
(367, 'CURILLO', 8),
(368, 'EL DONCELLO', 8),
(369, 'EL PAUJIL', 8),
(370, 'LA MONTAÑITA', 8),
(371, 'MILAN', 8),
(372, 'MORELIA', 8),
(373, 'PUERTO RICO', 8),
(374, 'SAN JOSE DEL FRAGUA', 8),
(375, 'SAN VICENTE DEL CAGUAN', 8),
(376, 'SOLANO', 8),
(377, 'SOLITA', 8),
(378, 'VALPARAISO', 8),
(379, 'YOPAL', 9),
(380, 'AGUAZUL', 9),
(381, 'CHAMEZA', 9),
(382, 'HATO COROZAL', 9),
(383, 'LA SALINA', 9),
(384, 'MANI', 9),
(385, 'MONTERREY', 9),
(386, 'NUNCHIA', 9),
(387, 'OROCUE', 9),
(388, 'PAZ DE ARIPORO', 9),
(389, 'PORE', 9),
(390, 'RECETOR', 9),
(391, 'SABANALARGA', 9),
(392, 'SACAMA', 9),
(393, 'SAN LUIS DE PALENQUE', 9),
(394, 'TAMARA', 9),
(395, 'TAURAMENA', 9),
(396, 'TRINIDAD', 9),
(397, 'VILLANUEVA', 9),
(398, 'POPAYAN', 10),
(399, 'ALMAGUER', 10),
(400, 'ARGELIA', 10),
(401, 'BALBOA', 10),
(402, 'BOLIVAR', 10),
(403, 'BUENOS AIRES', 10),
(404, 'CAJIBIO', 10),
(405, 'CALDONO', 10),
(406, 'CALOTO', 10),
(407, 'CORINTO', 10),
(408, 'EL TAMBO', 10),
(409, 'FLORENCIA', 10),
(410, 'GUACHENE', 10),
(411, 'GUAPI', 10),
(412, 'INZA', 10),
(413, 'JAMBALO', 10),
(414, 'LA SIERRA', 10),
(415, 'LA VEGA', 10),
(416, 'LOPEZ', 10),
(417, 'MERCADERES', 10),
(418, 'MIRANDA', 10),
(419, 'MORALES', 10),
(420, 'PADILLA', 10),
(421, 'PAEZ', 10),
(422, 'PATIA', 10),
(423, 'PIAMONTE', 10),
(424, 'PIENDAMO', 10),
(425, 'PUERTO TEJADA', 10),
(426, 'PURACE', 10),
(427, 'ROSAS', 10),
(428, 'SAN SEBASTIAN', 10),
(429, 'SANTANDER DE QUILICHAO', 10),
(430, 'SANTA ROSA', 10),
(431, 'SILVIA', 10),
(432, 'SOTARA', 10),
(433, 'SUAREZ', 10),
(434, 'SUCRE', 10),
(435, 'TIMBIO', 10),
(436, 'TIMBIQUI', 10),
(437, 'TORIBIO', 10),
(438, 'TOTORO', 10),
(439, 'VILLA RICA', 10),
(440, 'VALLEDUPAR', 11),
(441, 'AGUACHICA', 11),
(442, 'AGUSTIN CODAZZI', 11),
(443, 'ASTREA', 11),
(444, 'BECERRIL', 11),
(445, 'BOSCONIA', 11),
(446, 'CHIMICHAGUA', 11),
(447, 'CHIRIGUANA', 11),
(448, 'CURUMANI', 11),
(449, 'EL COPEY', 11),
(450, 'EL PASO', 11),
(451, 'GAMARRA', 11),
(452, 'GONZALEZ', 11),
(453, 'LA GLORIA', 11),
(454, 'LA JAGUA DE IBIRICO', 11),
(455, 'MANAURE', 11),
(456, 'PAILITAS', 11),
(457, 'PELAYA', 11),
(458, 'PUEBLO BELLO', 11),
(459, 'RIO DE ORO', 11),
(460, 'LA PAZ', 11),
(461, 'SAN ALBERTO', 11),
(462, 'SAN DIEGO', 11),
(463, 'SAN MARTIN', 11),
(464, 'TAMALAMEQUE', 11),
(465, 'QUIBDO', 12),
(466, 'ACANDI', 12),
(467, 'ALTO BAUDO', 12),
(468, 'ATRATO', 12),
(469, 'BAGADO', 12),
(470, 'BAHIA SOLANO', 12),
(471, 'BAJO BAUDO', 12),
(472, 'BOJAYA', 12),
(473, 'EL CANTON DEL SAN PABLO', 12),
(474, 'CARMEN DEL DARIEN', 12),
(475, 'CERTEGUI', 12),
(476, 'CONDOTO', 12),
(477, 'EL CARMEN DE ATRATO', 12),
(478, 'EL LITORAL DEL SAN JUAN', 12),
(479, 'ISTMINA', 12),
(480, 'JURADO', 12),
(481, 'LLORO', 12),
(482, 'MEDIO ATRATO', 12),
(483, 'MEDIO BAUDO', 12),
(484, 'MEDIO SAN JUAN', 12),
(485, 'NOVITA', 12),
(486, 'NUQUI', 12),
(487, 'RIO IRO', 12),
(488, 'RIO QUITO', 12),
(489, 'RIOSUCIO', 12),
(490, 'SAN JOSE DEL PALMAR', 12),
(491, 'SIPI', 12),
(492, 'TADO', 12),
(493, 'UNGUIA', 12),
(494, 'UNION PANAMERICANA', 12),
(495, 'MONTERIA', 13),
(496, 'AYAPEL', 13),
(497, 'BUENAVISTA', 13),
(498, 'CANALETE', 13),
(499, 'CERETE', 13),
(500, 'CHIMA', 13),
(501, 'CHINU', 13),
(502, 'CIENAGA DE ORO', 13),
(503, 'COTORRA', 13),
(504, 'LA APARTADA', 13),
(505, 'LORICA', 13),
(506, 'LOS CORDOBAS', 13),
(507, 'MOMIL', 13),
(508, 'MONTELIBANO', 13),
(509, 'MOÑITOS', 13),
(510, 'PLANETA RICA', 13),
(511, 'PUEBLO NUEVO', 13),
(512, 'PUERTO ESCONDIDO', 13),
(513, 'PUERTO LIBERTADOR', 13),
(514, 'PURISIMA', 13),
(515, 'SAHAGUN', 13),
(516, 'SAN ANDRES SOTAVENTO', 13),
(517, 'SAN ANTERO', 13),
(518, 'SAN BERNARDO DEL VIENTO', 13),
(519, 'SAN CARLOS', 13),
(520, 'SAN PELAYO', 13),
(521, 'TIERRALTA', 13),
(522, 'VALENCIA', 13),
(523, 'AGUA DE DIOS', 14),
(524, 'ALBAN', 14),
(525, 'BOGOTA', 14),
(526, 'ANAPOIMA', 14),
(527, 'ANOLAIMA', 14),
(528, 'ARBELAEZ', 14),
(529, 'BELTRAN', 14),
(530, 'BITUIMA', 14),
(531, 'BOJACA', 14),
(532, 'CABRERA', 14),
(533, 'CACHIPAY', 14),
(534, 'CAJICA', 14),
(535, 'CAPARRAPI', 14),
(536, 'CAQUEZA', 14),
(537, 'CARMEN DE CARUPA', 14),
(538, 'CHAGUANI', 14),
(539, 'CHIA', 14),
(540, 'CHIPAQUE', 14),
(541, 'CHOACHI', 14),
(542, 'CHOCONTA', 14),
(543, 'COGUA', 14),
(544, 'COTA', 14),
(545, 'CUCUNUBA', 14),
(546, 'EL COLEGIO', 14),
(547, 'EL PEÑON', 14),
(548, 'EL ROSAL', 14),
(549, 'FACATATIVA', 14),
(550, 'FOMEQUE', 14),
(551, 'FOSCA', 14),
(552, 'FUNZA', 14),
(553, 'FUQUENE', 14),
(554, 'FUSAGASUGA', 14),
(555, 'GACHALA', 14),
(556, 'GACHANCIPA', 14),
(557, 'GACHETA', 14),
(558, 'GAMA', 14),
(559, 'GIRARDOT', 14),
(560, 'GRANADA', 14),
(561, 'GUACHETA', 14),
(562, 'GUADUAS', 14),
(563, 'GUASCA', 14),
(564, 'GUATAQUI', 14),
(565, 'GUATAVITA', 14),
(566, 'GUAYABAL DE SIQUIMA', 14),
(567, 'GUAYABETAL', 14),
(568, 'GUTIERREZ', 14),
(569, 'JERUSALEN', 14),
(570, 'JUNIN', 14),
(571, 'LA CALERA', 14),
(572, 'LA MESA', 14),
(573, 'LA PALMA', 14),
(574, 'LA PEÑA', 14),
(575, 'LA VEGA', 14),
(576, 'LENGUAZAQUE', 14),
(577, 'MACHETA', 14),
(578, 'MADRID', 14),
(579, 'MANTA', 14),
(580, 'MEDINA', 14),
(581, 'MOSQUERA', 14),
(582, 'NARIÑO', 14),
(583, 'NEMOCON', 14),
(584, 'NILO', 14),
(585, 'NIMAIMA', 14),
(586, 'NOCAIMA', 14),
(587, 'VENECIA', 14),
(588, 'PACHO', 14),
(589, 'PAIME', 14),
(590, 'PANDI', 14),
(591, 'PARATEBUENO', 14),
(592, 'PASCA', 14),
(593, 'PUERTO SALGAR', 14),
(594, 'PULI', 14),
(595, 'QUEBRADANEGRA', 14),
(596, 'QUETAME', 14),
(597, 'QUIPILE', 14),
(598, 'APULO', 14),
(599, 'RICAURTE', 14),
(600, 'SAN ANTONIO DEL TEQUENDAMA', 14),
(601, 'SAN BERNARDO', 14),
(602, 'SAN CAYETANO', 14),
(603, 'SAN FRANCISCO', 14),
(604, 'SAN JUAN DE RIO SECO', 14),
(605, 'SASAIMA', 14),
(606, 'SESQUILE', 14),
(607, 'SIBATE', 14),
(608, 'SILVANIA', 14),
(609, 'SIMIJACA', 14),
(610, 'SOACHA', 14),
(611, 'SOPO', 14),
(612, 'SUBACHOQUE', 14),
(613, 'SUESCA', 14),
(614, 'SUPATA', 14),
(615, 'SUSA', 14),
(616, 'SUTATAUSA', 14),
(617, 'TABIO', 14),
(618, 'TAUSA', 14),
(619, 'TENA', 14),
(620, 'TENJO', 14),
(621, 'TIBACUY', 14),
(622, 'TIBIRITA', 14),
(623, 'TOCAIMA', 14),
(624, 'TOCANCIPA', 14),
(625, 'TOPAIPI', 14),
(626, 'UBALA', 14),
(627, 'UBAQUE', 14),
(628, 'VILLA DE SAN DIEGO DE UBATE', 14),
(629, 'UNE', 14),
(630, 'UTICA', 14),
(631, 'VERGARA', 14),
(632, 'VIANI', 14),
(633, 'VILLAGOMEZ', 14),
(634, 'VILLAPINZON', 14),
(635, 'VILLETA', 14),
(636, 'VIOTA', 14),
(637, 'YACOPI', 14),
(638, 'ZIPACON', 14),
(639, 'ZIPAQUIRA', 14),
(640, 'INIRIDA', 15),
(641, 'BARRANCO MINAS', 15),
(642, 'MAPIRIPANA', 15),
(643, 'SAN FELIPE', 15),
(644, 'PUERTO COLOMBIA', 15),
(645, 'LA GUADALUPE', 15),
(646, 'CACAHUAL', 15),
(647, 'PANA PANA', 15),
(648, 'MORICHAL', 15),
(649, 'SAN JOSE DEL GUAVIARE', 16),
(650, 'CALAMAR', 16),
(651, 'EL RETORNO', 16),
(652, 'MIRAFLORES', 16),
(653, 'NEIVA', 17),
(654, 'ACEVEDO', 17),
(655, 'AGRADO', 17),
(656, 'AIPE', 17),
(657, 'ALGECIRAS', 17),
(658, 'ALTAMIRA', 17),
(659, 'BARAYA', 17),
(660, 'CAMPOALEGRE', 17),
(661, 'COLOMBIA', 17),
(662, 'ELIAS', 17),
(663, 'GARZON', 17),
(664, 'GIGANTE', 17),
(665, 'GUADALUPE', 17),
(666, 'HOBO', 17),
(667, 'IQUIRA', 17),
(668, 'ISNOS', 17),
(669, 'LA ARGENTINA', 17),
(670, 'LA PLATA', 17),
(671, 'NATAGA', 17),
(672, 'OPORAPA', 17),
(673, 'PAICOL', 17),
(674, 'PALERMO', 17),
(675, 'PALESTINA', 17),
(676, 'PITAL', 17),
(677, 'PITALITO', 17),
(678, 'RIVERA', 17),
(679, 'SALADOBLANCO', 17),
(680, 'SAN AGUSTIN', 17),
(681, 'SANTA MARIA', 17),
(682, 'SUAZA', 17),
(683, 'TARQUI', 17),
(684, 'TESALIA', 17),
(685, 'TELLO', 17),
(686, 'TERUEL', 17),
(687, 'TIMANA', 17),
(688, 'VILLAVIEJA', 17),
(689, 'YAGUARA', 17),
(690, 'RIOHACHA', 18),
(691, 'ALBANIA', 18),
(692, 'BARRANCAS', 18),
(693, 'DIBULLA', 18),
(694, 'DISTRACCION', 18),
(695, 'EL MOLINO', 18),
(696, 'FONSECA', 18),
(697, 'HATONUEVO', 18),
(698, 'LA JAGUA DEL PILAR', 18),
(699, 'MAICAO', 18),
(700, 'MANAURE', 18),
(701, 'SAN JUAN DEL CESAR', 18),
(702, 'URIBIA', 18),
(703, 'URUMITA', 18),
(704, 'VILLANUEVA', 18),
(705, 'SANTA MARTA', 19),
(706, 'ALGARROBO', 19),
(707, 'ARACATACA', 19),
(708, 'ARIGUANI', 19),
(709, 'CERRO SAN ANTONIO', 19),
(710, 'CHIBOLO', 19),
(711, 'CIENAGA', 19),
(712, 'CONCORDIA', 19),
(713, 'EL BANCO', 19),
(714, 'EL PIÑON', 19),
(715, 'EL RETEN', 19),
(716, 'FUNDACION', 19),
(717, 'GUAMAL', 19),
(718, 'NUEVA GRANADA', 19),
(719, 'PEDRAZA', 19),
(720, 'PIJIÑO DEL CARMEN', 19),
(721, 'PIVIJAY', 19),
(722, 'PLATO', 19),
(723, 'PUEBLOVIEJO', 19),
(724, 'REMOLINO', 19),
(725, 'SABANAS DE SAN ANGEL', 19),
(726, 'SALAMINA', 19),
(727, 'SAN SEBASTIAN DE BUENAVISTA', 19),
(728, 'SAN ZENON', 19),
(729, 'SANTA ANA', 19),
(730, 'SANTA BARBARA DE PINTO', 19),
(731, 'SITIONUEVO', 19),
(732, 'TENERIFE', 19),
(733, 'ZAPAYAN', 19),
(734, 'ZONA BANANERA', 19),
(735, 'VILLAVICENCIO', 20),
(736, 'ACACIAS', 20),
(737, 'BARRANCA DE UPIA', 20),
(738, 'CABUYARO', 20),
(739, 'CASTILLA LA NUEVA', 20),
(740, 'CUBARRAL', 20),
(741, 'CUMARAL', 20),
(742, 'EL CALVARIO', 20),
(743, 'EL CASTILLO', 20),
(744, 'EL DORADO', 20),
(745, 'FUENTE DE ORO', 20),
(746, 'GRANADA', 20),
(747, 'GUAMAL', 20),
(748, 'MAPIRIPAN', 20),
(749, 'MESETAS', 20),
(750, 'LA MACARENA', 20),
(751, 'URIBE', 20),
(752, 'LEJANIAS', 20),
(753, 'PUERTO CONCORDIA', 20),
(754, 'PUERTO GAITAN', 20),
(755, 'PUERTO LOPEZ', 20),
(756, 'PUERTO LLERAS', 20),
(757, 'PUERTO RICO', 20),
(758, 'RESTREPO', 20),
(759, 'SAN CARLOS DE GUAROA', 20),
(760, 'SAN JUAN DE ARAMA', 20),
(761, 'SAN JUANITO', 20),
(762, 'SAN MARTIN', 20),
(763, 'VISTAHERMOSA', 20),
(764, 'CUCUTA', 21),
(765, 'ABREGO', 21),
(766, 'ARBOLEDAS', 21),
(767, 'BOCHALEMA', 21),
(768, 'BUCARASICA', 21),
(769, 'CACOTA', 21),
(770, 'CACHIRA', 21),
(771, 'CHINACOTA', 21),
(772, 'CHITAGA', 21),
(773, 'CONVENCION', 21),
(774, 'CUCUTILLA', 21),
(775, 'DURANIA', 21),
(776, 'EL CARMEN', 21),
(777, 'EL TARRA', 21),
(778, 'EL ZULIA', 21),
(779, 'GRAMALOTE', 21),
(780, 'HACARI', 21),
(781, 'HERRAN', 21),
(782, 'LABATECA', 21),
(783, 'LA ESPERANZA', 21),
(784, 'LA PLAYA', 21),
(785, 'LOS PATIOS', 21),
(786, 'LOURDES', 21),
(787, 'MUTISCUA', 21),
(788, 'OCAÑA', 21),
(789, 'PAMPLONA', 21),
(790, 'PAMPLONITA', 21),
(791, 'PUERTO SANTANDER', 21),
(792, 'RAGONVALIA', 21),
(793, 'SALAZAR', 21),
(794, 'SAN CALIXTO', 21),
(795, 'SAN CAYETANO', 21),
(796, 'SANTIAGO', 21),
(797, 'SARDINATA', 21),
(798, 'SILOS', 21),
(799, 'TEORAMA', 21),
(800, 'TIBU', 21),
(801, 'TOLEDO', 21),
(802, 'VILLA CARO', 21),
(803, 'VILLA DEL ROSARIO', 22),
(804, 'PASTO', 22),
(805, 'ALBAN', 22),
(806, 'ALDANA', 22),
(807, 'ANCUYA', 22),
(808, 'ARBOLEDA', 22),
(809, 'BARBACOAS', 22),
(810, 'BELEN', 22),
(811, 'BUESACO', 22),
(812, 'COLON', 22),
(813, 'CONSACA', 22),
(814, 'CONTADERO', 22),
(815, 'CORDOBA', 22),
(816, 'CUASPUD', 22),
(817, 'CUMBAL', 22),
(818, 'CUMBITARA', 22),
(819, 'CHACHAGsI', 22),
(820, 'EL CHARCO', 22),
(821, 'EL PEÑOL', 22),
(822, 'EL ROSARIO', 22),
(823, 'EL TABLON DE GOMEZ', 22),
(824, 'EL TAMBO', 22),
(825, 'FUNES', 22),
(826, 'GUACHUCAL', 22),
(827, 'GUAITARILLA', 22),
(828, 'GUALMATAN', 22),
(829, 'ILES', 22),
(830, 'IMUES', 22),
(831, 'IPIALES', 22),
(832, 'LA CRUZ', 22),
(833, 'LA FLORIDA', 22),
(834, 'LA LLANADA', 22),
(835, 'LA TOLA', 22),
(836, 'LA UNION', 22),
(837, 'LEIVA', 22),
(838, 'LINARES', 22),
(839, 'LOS ANDES', 22),
(840, 'MAGsI', 22),
(841, 'MALLAMA', 22),
(842, 'MOSQUERA', 22),
(843, 'NARIÑO', 22),
(844, 'OLAYA HERRERA', 22),
(845, 'OSPINA', 22),
(846, 'FRANCISCO PIZARRO', 22),
(847, 'POLICARPA', 22),
(848, 'POTOSI', 22),
(849, 'PROVIDENCIA', 22),
(850, 'PUERRES', 22),
(851, 'PUPIALES', 22),
(852, 'RICAURTE', 22),
(853, 'ROBERTO PAYAN', 22),
(854, 'SAMANIEGO', 22),
(855, 'SANDONA', 22),
(856, 'SAN BERNARDO', 22),
(857, 'SAN LORENZO', 22),
(858, 'SAN PABLO', 22),
(859, 'SAN PEDRO DE CARTAGO', 22),
(860, 'SANTA BARBARA', 22),
(861, 'SANTACRUZ', 22),
(862, 'SAPUYES', 22),
(863, 'TAMINANGO', 22),
(864, 'TANGUA', 22),
(865, 'SAN ANDRES DE TUMACO', 22),
(866, 'TUQUERRES', 22),
(867, 'YACUANQUER', 23),
(868, 'MOCOA', 23),
(869, 'COLON', 23),
(870, 'ORITO', 23),
(871, 'PUERTO ASIS', 23),
(872, 'PUERTO CAICEDO', 23),
(873, 'PUERTO GUZMAN', 23),
(874, 'LEGUIZAMO', 23),
(875, 'SIBUNDOY', 23),
(876, 'SAN FRANCISCO', 23),
(877, 'SAN MIGUEL', 23),
(878, 'SANTIAGO', 23),
(879, 'VALLE DEL GUAMUEZ', 23),
(880, 'VILLAGARZON', 24),
(881, 'ARMENIA', 24),
(882, 'BUENAVISTA', 24),
(883, 'CALARCA', 24),
(884, 'CIRCASIA', 24),
(885, 'CORDOBA', 24),
(886, 'FILANDIA', 24),
(887, 'GENOVA', 24),
(888, 'LA TEBAIDA', 24),
(889, 'MONTENEGRO', 24),
(890, 'PIJAO', 24),
(891, 'QUIMBAYA', 24),
(892, 'SALENTO', 25),
(893, 'PEREIRA', 25),
(894, 'APIA', 25),
(895, 'BALBOA', 25),
(896, 'BELEN DE UMBRIA', 25),
(897, 'DOSQUEBRADAS', 25),
(898, 'GUATICA', 25),
(899, 'LA CELIA', 25),
(900, 'LA VIRGINIA', 25),
(901, 'MARSELLA', 25),
(902, 'MISTRATO', 25),
(903, 'PUEBLO RICO', 25),
(904, 'QUINCHIA', 25),
(905, 'SANTA ROSA DE CABAL', 25),
(906, 'SANTUARIO', 25),
(907, 'SAN ANDRES', 26),
(908, 'PROVIDENCIA', 26),
(909, 'BUCARAMANGA', 27),
(910, 'AGUADA', 27),
(911, 'ALBANIA', 27),
(912, 'ARATOCA', 27),
(913, 'BARBOSA', 27),
(914, 'BARICHARA', 27),
(915, 'BARRANCABERMEJA', 27),
(916, 'BETULIA', 27),
(917, 'BOLIVAR', 27),
(918, 'CABRERA', 27),
(919, 'CALIFORNIA', 27),
(920, 'CAPITANEJO', 27),
(921, 'CARCASI', 27),
(922, 'CEPITA', 27),
(923, 'CERRITO', 27),
(924, 'CHARALA', 27),
(925, 'CHARTA', 27),
(926, 'CHIMA', 27),
(927, 'CHIPATA', 27),
(928, 'CIMITARRA', 27),
(929, 'CONCEPCION', 27),
(930, 'CONFINES', 27),
(931, 'CONTRATACION', 27),
(932, 'COROMORO', 27),
(933, 'CURITI', 27),
(934, 'EL CARMEN DE CHUCURI', 27),
(935, 'EL GUACAMAYO', 27),
(936, 'EL PEÑON', 27),
(937, 'EL PLAYON', 27),
(938, 'ENCINO', 27),
(939, 'ENCISO', 27),
(940, 'FLORIAN', 27),
(941, 'FLORIDABLANCA', 27),
(942, 'GALAN', 27),
(943, 'GAMBITA', 27),
(944, 'GIRON', 27),
(945, 'GUACA', 27),
(946, 'GUADALUPE', 27),
(947, 'GUAPOTA', 27),
(948, 'GUAVATA', 27),
(949, 'GsEPSA', 27),
(950, 'HATO', 27),
(951, 'JESUS MARIA', 27),
(952, 'JORDAN', 27),
(953, 'LA BELLEZA', 27),
(954, 'LANDAZURI', 27),
(955, 'LA PAZ', 27),
(956, 'LEBRIJA', 27),
(957, 'LOS SANTOS', 27),
(958, 'MACARAVITA', 27),
(959, 'MALAGA', 27),
(960, 'MATANZA', 27),
(961, 'MOGOTES', 27),
(962, 'MOLAGAVITA', 27),
(963, 'OCAMONTE', 27),
(964, 'OIBA', 27),
(965, 'ONZAGA', 27),
(966, 'PALMAR', 27),
(967, 'PALMAS DEL SOCORRO', 27),
(968, 'PARAMO', 27),
(969, 'PIEDECUESTA', 27),
(970, 'PINCHOTE', 27),
(971, 'PUENTE NACIONAL', 27),
(972, 'PUERTO PARRA', 27),
(973, 'PUERTO WILCHES', 27),
(974, 'RIONEGRO', 27),
(975, 'SABANA DE TORRES', 27),
(976, 'SAN ANDRES', 27),
(977, 'SAN BENITO', 27),
(978, 'SAN GIL', 27),
(979, 'SAN JOAQUIN', 27),
(980, 'SAN JOSE DE MIRANDA', 27),
(981, 'SAN MIGUEL', 27),
(982, 'SAN VICENTE DE CHUCURI', 27),
(983, 'SANTA BARBARA', 27),
(984, 'SANTA HELENA DEL OPON', 27),
(985, 'SIMACOTA', 27),
(986, 'SOCORRO', 27),
(987, 'SUAITA', 27),
(988, 'SUCRE', 27),
(989, 'SURATA', 27),
(990, 'TONA', 27),
(991, 'VALLE DE SAN JOSE', 27),
(992, 'VELEZ', 27),
(993, 'VETAS', 27),
(994, 'VILLANUEVA', 27),
(995, 'ZAPATOCA', 27),
(996, 'SINCELEJO', 28),
(997, 'BUENAVISTA', 28),
(1000, 'COROZAL', 28),
(1001, 'COVEÑAS', 28),
(1002, 'CHALAN', 28),
(1003, 'EL ROBLE', 28),
(1004, 'GALERAS', 28),
(1005, 'GUARANDA', 28),
(1006, 'LA UNION', 28),
(1007, 'LOS PALMITOS', 28),
(1008, 'MAJAGUAL', 28),
(1009, 'MORROA', 28),
(1010, 'OVEJAS', 28),
(1011, 'PALMITO', 28),
(1012, 'SAMPUES', 28),
(1013, 'SAN BENITO ABAD', 28),
(1014, 'SAN JUAN DE BETULIA', 28),
(1015, 'SAN MARCOS', 28),
(1016, 'SAN ONOFRE', 28),
(1017, 'SAN PEDRO', 28),
(1018, 'SAN LUIS DE SINCE', 28),
(1019, 'SUCRE', 28),
(1020, 'SANTIAGO DE TOLU', 28),
(1021, 'TOLU VIEJO', 28),
(1022, 'IBAGUE', 29),
(1023, 'ALPUJARRA', 29),
(1024, 'ALVARADO', 29),
(1025, 'AMBALEMA', 29),
(1026, 'ANZOATEGUI', 29),
(1027, 'ARMERO', 29),
(1028, 'ATACO', 29),
(1029, 'CAJAMARCA', 29),
(1030, 'CARMEN DE APICALA', 29),
(1031, 'CASABIANCA', 29),
(1032, 'CHAPARRAL', 29),
(1033, 'COELLO', 29),
(1034, 'COYAIMA', 29),
(1035, 'CUNDAY', 29),
(1036, 'DOLORES', 29),
(1037, 'ESPINAL', 29),
(1038, 'FALAN', 29),
(1039, 'FLANDES', 29),
(1040, 'FRESNO', 29),
(1041, 'GUAMO', 29),
(1042, 'HERVEO', 29),
(1043, 'HONDA', 29),
(1044, 'ICONONZO', 29),
(1045, 'LERIDA', 29),
(1046, 'LIBANO', 29),
(1047, 'MARIQUITA', 29),
(1048, 'MELGAR', 29),
(1049, 'MURILLO', 29),
(1050, 'NATAGAIMA', 29),
(1051, 'ORTEGA', 29),
(1052, 'PALOCABILDO', 29),
(1053, 'PIEDRAS', 29),
(1054, 'PLANADAS', 29),
(1055, 'PRADO', 29),
(1056, 'PURIFICACION', 29),
(1057, 'RIOBLANCO', 29),
(1058, 'RONCESVALLES', 29),
(1059, 'ROVIRA', 29),
(1060, 'SALDAÑA', 29),
(1061, 'SAN ANTONIO', 29),
(1062, 'SAN LUIS', 29),
(1063, 'SANTA ISABEL', 29),
(1064, 'SUAREZ', 29),
(1065, 'VALLE DE SAN JUAN', 29),
(1066, 'VENADILLO', 29),
(1067, 'VILLAHERMOSA', 29),
(1068, 'VILLARRICA', 29),
(1069, 'CALI', 30),
(1070, 'ALCALA', 30),
(1071, 'ANDALUCIA', 30),
(1072, 'ANSERMANUEVO', 30),
(1073, 'ARGELIA', 30),
(1074, 'BOLIVAR', 30),
(1075, 'BUENAVENTURA', 30),
(1076, 'GUADALAJARA DE BUGA', 30),
(1077, 'BUGALAGRANDE', 30),
(1078, 'CAICEDONIA', 30),
(1079, 'CALIMA', 30),
(1080, 'CANDELARIA', 30),
(1081, 'CARTAGO', 30),
(1082, 'DAGUA', 30),
(1083, 'EL AGUILA', 30),
(1084, 'EL CAIRO', 30),
(1085, 'EL CERRITO', 30),
(1086, 'EL DOVIO', 30),
(1087, 'FLORIDA', 30),
(1088, 'GINEBRA', 30),
(1089, 'GUACARI', 30),
(1090, 'JAMUNDI', 30),
(1091, 'LA CUMBRE', 30),
(1092, 'LA UNION', 30),
(1093, 'LA VICTORIA', 30),
(1094, 'OBANDO', 30),
(1095, 'PALMIRA', 30),
(1096, 'PRADERA', 30),
(1097, 'RESTREPO', 30),
(1098, 'RIOFRIO', 30),
(1099, 'ROLDANILLO', 30),
(1100, 'SAN PEDRO', 30),
(1101, 'SEVILLA', 30),
(1102, 'TORO', 30),
(1103, 'TRUJILLO', 30),
(1104, 'TULUA', 30),
(1105, 'ULLOA', 30),
(1106, 'VERSALLES', 30),
(1107, 'VIJES', 30),
(1108, 'YOTOCO', 30),
(1109, 'YUMBO', 30),
(1110, 'ZARZAL', 30),
(1111, 'MITU', 31),
(1112, 'CARURU', 31),
(1113, 'PACOA', 31),
(1114, 'TARAIRA', 31),
(1115, 'PAPUNAUA', 31),
(1116, 'YAVARATE', 31),
(1117, 'PUERTO CARREÑO', 32),
(1118, 'LA PRIMAVERA', 32),
(1119, 'SANTA ROSALIA', 32),
(1120, 'CUMARIBO', 32);

-- --------------------------------------------------------

--
-- Estructura de tabla para la tabla `CodigoInstitucion`
--

CREATE TABLE `CodigoInstitucion` (
  `codigoActivacion` varchar(45) DEFAULT NULL,
  `fechaCaducidad` varchar(45) DEFAULT NULL,
  `estado` varchar(45) DEFAULT NULL,
  `idPersonaInstitucion` varchar(45) NOT NULL,
  `Institucion_idInstitucion` int(11) NOT NULL
) ENGINE=InnoDB DEFAULT CHARSET=utf8;

-- --------------------------------------------------------

--
-- Estructura de tabla para la tabla `Departamento`
--

CREATE TABLE `Departamento` (
  `idDepartamento` int(11) NOT NULL,
  `nombre` varchar(45) DEFAULT NULL,
  `idPais` int(11) NOT NULL
) ENGINE=InnoDB DEFAULT CHARSET=utf8;

--
-- Volcado de datos para la tabla `Departamento`
--

INSERT INTO `Departamento` (`idDepartamento`, `nombre`, `idPais`) VALUES
(1, 'AMAZONAS', 1),
(2, 'ANTIOQUIA', 1),
(3, 'ARAUCA', 1),
(4, 'ATLANTICO', 1),
(5, 'BOLIVAR', 1),
(6, 'BOYACA', 1),
(7, 'CALDAS', 1),
(8, 'CAQUETA', 1),
(9, 'CASANARE', 1),
(10, 'CAUCA', 1),
(11, 'CESAR', 1),
(12, 'CHOCO', 1),
(13, 'CORDOBA', 1),
(14, 'CUNDINAMARCA', 1),
(15, 'GUAINIA', 1),
(16, 'GUAVIARE', 1),
(17, 'HUILA', 1),
(18, 'LA GUAJIRA', 1),
(19, 'MAGDALENA', 1),
(20, 'META', 1),
(21, 'N. DE SANTANDER', 1),
(22, 'NARIÑO', 1),
(23, 'PUTUMAYO', 1),
(24, 'QUINDIO', 1),
(25, 'RISARALDA', 1),
(26, 'SAN ANDRES', 1),
(27, 'SANTANDER', 1),
(28, 'SUCRE', 1),
(29, 'TOLIMA', 1),
(30, 'VALLE DEL CAUCA', 1),
(31, 'VAUPES', 1),
(32, 'VICHADA', 1);

-- --------------------------------------------------------

--
-- Estructura de tabla para la tabla `Encuesta`
--

CREATE TABLE `Encuesta` (
  `idEncuesta` int(11) NOT NULL,
  `fecha` datetime NOT NULL,
  `idEstudiante` int(11) NOT NULL,
  `puntaje` int(11) DEFAULT NULL,
  `idAreaProfesional` int(11) DEFAULT NULL,
  `idGrado` int(11) DEFAULT NULL
) ENGINE=InnoDB DEFAULT CHARSET=utf8;

--
-- Volcado de datos para la tabla `Encuesta`
--

INSERT INTO `Encuesta` (`idEncuesta`, `fecha`, `idEstudiante`, `puntaje`, `idAreaProfesional`, `idGrado`) VALUES
(1, '2018-11-17 02:24:13', 2, NULL, NULL, NULL),
(2, '2018-11-17 08:45:30', 2, NULL, NULL, NULL),
(3, '2018-11-17 13:51:23', 2, NULL, NULL, NULL),
(4, '2018-11-17 16:34:03', 2, NULL, NULL, NULL),
(5, '2018-11-17 16:37:47', 2, NULL, NULL, NULL),
(6, '2018-11-17 16:42:14', 2, NULL, NULL, NULL),
(7, '2018-11-17 19:20:39', 2, NULL, NULL, NULL),
(8, '2018-11-17 19:32:14', 2, NULL, NULL, NULL),
(9, '2018-11-17 20:10:43', 2, NULL, NULL, NULL),
(10, '2018-11-17 20:40:07', 2, NULL, NULL, NULL),
(11, '2018-11-17 21:01:04', 2, NULL, NULL, NULL),
(12, '2018-11-17 21:27:58', 2, NULL, NULL, NULL),
(13, '2018-11-17 22:09:36', 2, NULL, NULL, NULL),
(14, '2018-11-18 10:35:33', 2, NULL, NULL, NULL),
(15, '2018-11-18 11:55:09', 2, NULL, NULL, NULL),
(16, '2018-11-18 14:50:48', 2, NULL, NULL, NULL),
(17, '2018-11-18 14:53:46', 2, NULL, NULL, NULL),
(18, '2018-11-18 14:55:42', 2, NULL, NULL, NULL),
(19, '2018-11-18 20:25:16', 2, NULL, NULL, NULL),
(20, '2018-11-18 20:28:25', 2, NULL, NULL, NULL),
(21, '2018-11-18 21:37:53', 2, NULL, NULL, NULL),
(22, '2018-11-18 21:40:34', 2, NULL, NULL, NULL),
(23, '2018-11-18 22:11:06', 2, NULL, NULL, NULL),
(24, '2018-11-18 22:22:10', 2, NULL, NULL, NULL);

-- --------------------------------------------------------

--
-- Estructura de tabla para la tabla `Estudiante`
--

CREATE TABLE `Estudiante` (
  `idPersona` int(11) NOT NULL,
  `idEstudiante` int(11) NOT NULL,
  `fechaIngreso` date DEFAULT NULL,
  `estrato` varchar(2) DEFAULT NULL,
  `cuantosViven` int(11) DEFAULT NULL,
  `cuantosTrabajan` int(11) DEFAULT NULL,
  `viveConPadres` tinyint(1) DEFAULT NULL,
  `desplazados` tinyint(1) DEFAULT NULL,
  `personalidad` varchar(45) DEFAULT NULL
) ENGINE=InnoDB DEFAULT CHARSET=utf8;

--
-- Volcado de datos para la tabla `Estudiante`
--

INSERT INTO `Estudiante` (`idPersona`, `idEstudiante`, `fechaIngreso`, `estrato`, `cuantosViven`, `cuantosTrabajan`, `viveConPadres`, `desplazados`, `personalidad`) VALUES
(1, 1, '2018-11-08', NULL, NULL, NULL, NULL, NULL, NULL),
(2, 2, '2018-11-22', '2', 3, 3, 0, 0, 'x|');

-- --------------------------------------------------------

--
-- Estructura de tabla para la tabla `Evaluacion`
--

CREATE TABLE `Evaluacion` (
  `idEvaluacion` int(11) NOT NULL,
  `idTipoAmbiente` int(11) NOT NULL,
  `enunciado` varchar(200) DEFAULT NULL
) ENGINE=InnoDB DEFAULT CHARSET=utf8;

-- --------------------------------------------------------

--
-- Estructura de tabla para la tabla `Grado`
--

CREATE TABLE `Grado` (
  `idGrado` int(11) NOT NULL,
  `idInstitucion` int(11) NOT NULL,
  `curso` varchar(45) NOT NULL,
  `grado` varchar(45) DEFAULT NULL
) ENGINE=InnoDB DEFAULT CHARSET=utf8;

-- --------------------------------------------------------

--
-- Estructura de tabla para la tabla `GrupoUsuario`
--

CREATE TABLE `GrupoUsuario` (
  `idGrupoUsuario` char(45) NOT NULL,
  `usuario` varchar(45) DEFAULT NULL,
  `idUsuario` int(11) NOT NULL
) ENGINE=InnoDB DEFAULT CHARSET=utf8;

--
-- Volcado de datos para la tabla `GrupoUsuario`
--

INSERT INTO `GrupoUsuario` (`idGrupoUsuario`, `usuario`, `idUsuario`) VALUES
('administrador', 'yes', 2),
('estudiante', 'luis', 1);

-- --------------------------------------------------------

--
-- Estructura de tabla para la tabla `Institucion`
--

CREATE TABLE `Institucion` (
  `idInstitucion` int(11) NOT NULL,
  `Nombre` varchar(45) DEFAULT NULL,
  `nit` varchar(45) DEFAULT NULL,
  `dane` varchar(45) DEFAULT NULL
) ENGINE=InnoDB DEFAULT CHARSET=utf8;

-- --------------------------------------------------------

--
-- Estructura de tabla para la tabla `Materia`
--

CREATE TABLE `Materia` (
  `idMateria` int(11) NOT NULL,
  `nombre` varchar(45) DEFAULT NULL,
  `Area_idArea` int(11) NOT NULL
) ENGINE=InnoDB DEFAULT CHARSET=utf8;

-- --------------------------------------------------------

--
-- Estructura de tabla para la tabla `Nota`
--

CREATE TABLE `Nota` (
  `idMateria` int(11) NOT NULL,
  `idEstudiante` int(11) NOT NULL,
  `idGrado` int(11) NOT NULL,
  `nota` varchar(45) DEFAULT NULL
) ENGINE=InnoDB DEFAULT CHARSET=utf8;

-- --------------------------------------------------------

--
-- Estructura de tabla para la tabla `Pais`
--

CREATE TABLE `Pais` (
  `idPais` int(11) NOT NULL,
  `nombre` varchar(45) DEFAULT NULL
) ENGINE=InnoDB DEFAULT CHARSET=utf8;

--
-- Volcado de datos para la tabla `Pais`
--

INSERT INTO `Pais` (`idPais`, `nombre`) VALUES
(1, 'Colombia'),
(2, 'Ecuador');

-- --------------------------------------------------------

--
-- Estructura de tabla para la tabla `Persona`
--

CREATE TABLE `Persona` (
  `idPersona` int(11) NOT NULL,
  `nombre` varchar(100) DEFAULT NULL,
  `apellido` varchar(100) DEFAULT NULL,
  `email` varchar(45) DEFAULT NULL,
  `direccion` varchar(45) DEFAULT NULL,
  `identificacion` varchar(45) DEFAULT NULL,
  `tipoIdentificacion` varchar(45) DEFAULT NULL,
  `fechaNacimiento` datetime DEFAULT NULL,
  `sexo` varchar(2) DEFAULT NULL,
  `celular` varchar(45) DEFAULT NULL,
  `idUsuario` int(11) NOT NULL,
  `tipo` varchar(45) DEFAULT NULL COMMENT 'admin\nestudiante\ndocente o representante',
  `idCiudad` int(11) DEFAULT NULL
) ENGINE=InnoDB DEFAULT CHARSET=utf8;

--
-- Volcado de datos para la tabla `Persona`
--

INSERT INTO `Persona` (`idPersona`, `nombre`, `apellido`, `email`, `direccion`, `identificacion`, `tipoIdentificacion`, `fechaNacimiento`, `sexo`, `celular`, `idUsuario`, `tipo`, `idCiudad`) VALUES
(1, 'luis', 'valdez', 'luis@gmail.es', 'carr', NULL, NULL, NULL, NULL, NULL, 1, 'estudiante', 0),
(2, 'yes', 'valdez', 'yes@gmail.es', 'carr', '1059', 'cedula', '2018-11-22 00:00:00', 'M', '310', 2, 'administrador', 0);

-- --------------------------------------------------------

--
-- Estructura de tabla para la tabla `Persona_CodigoInstitucion`
--

CREATE TABLE `Persona_CodigoInstitucion` (
  `idCodigoInstitucion` varchar(45) NOT NULL,
  `fechaIngreso` datetime DEFAULT NULL,
  `Persona_idPersona` int(11) NOT NULL
) ENGINE=InnoDB DEFAULT CHARSET=utf8;

-- --------------------------------------------------------

--
-- Estructura de tabla para la tabla `PreguntaAmbiente`
--

CREATE TABLE `PreguntaAmbiente` (
  `idPreguntaAmbiente` int(11) NOT NULL,
  `enunciado` varchar(50) DEFAULT NULL,
  `idTipoAmbiente` int(11) NOT NULL,
  `urlImagen` varchar(100) DEFAULT NULL,
  `orden` int(11) DEFAULT NULL
) ENGINE=InnoDB DEFAULT CHARSET=utf8;

--
-- Volcado de datos para la tabla `PreguntaAmbiente`
--

INSERT INTO `PreguntaAmbiente` (`idPreguntaAmbiente`, `enunciado`, `idTipoAmbiente`, `urlImagen`, `orden`) VALUES
(1, 'Construir gabinetes de cocina', 1, '1-Construir-gabinetes-de-cosina.png', 1),
(2, 'Guardar dinero en un carro blindado', 1, '2-Guardar-dinero-en-un-carro-blindado.png', 2),
(3, 'Estudiar viajes al espacio', 2, '3-Estudiar-astronomia.png', 3),
(4, 'Hacer un mapa del fondo del oceano', 2, '4-Hacer-un-mapa-del-fondo-del-oceano.png', 4),
(5, 'Dirigir una orquesta sinfonica', 3, '5-Dirigir-una-orquesta-sinfonica.png', 5),
(6, 'Escribir historias o articulos para una revista o ', 3, '6-Escribir-historias-o-articulos-para-una-revista-o-periodico.png', 6),
(7, 'Enseñar un ejercicio o rutina individual', 4, '7-Ensenar-un-ejercicio-o-rutina-individual.png', 7),
(8, 'Hacer turnos de enfermeria en un hospital', 4, '8-Hacer-turnos-de-enfermeria-en-un-hospital.png', 8),
(9, 'Comprar titulos de deuda o mercancias', 5, '9-Comprar-titulos-de-deuda-o-mercancias.png', 9),
(10, 'Gerenciar un almacen de reventa', 5, '10-Gerenciar-un-almacen-de-reventa.png', 10),
(11, 'Desarrollar una hoja electronica en el computador', 6, '11-Desarrollar-una-hoja-electronica-en-el-computador.png', 11),
(12, 'Corregir formas y registros', 6, '12-Corregir-formas-y-registros.png', 12),
(13, 'Operar diariamente una finca', 1, '13-Operar-diariamente-una-finca.png', 13),
(14, 'Pegar ladrillos o azulejos', 1, '14-Pegar-ladrillos-o-azulejos.png', 14),
(15, 'Estudiar historias de civilizaciones pasadas', 2, '15-Estudiar-historias-de-civilizaciones-pasadas.png', 15),
(16, 'Estudiar comportamiento animal', 2, '16-Estudiar-comportamiento-animal.png', 16),
(17, 'Dirigir un juego', 3, '17-Dirigir-un-juego.png', 17),
(18, 'Crear danzas y rutinas para un show', 3, '18-Crear-danzas-y-rutinas-para-un-show.png', 18),
(19, 'Dar reanimacion cardiopulmonar a alguien quien lo ', 4, '19-Dar-reanimacion-cardiopulmonar-a-alguien-quien-lo-necesita.png', 19),
(20, 'Ayudar a la gente con sus problemas emocionales', 4, '20-Ayudar-a-la-gente-con-sus-problemas-emocionales.png', 20),
(21, 'Vender telefonos y equipos de telecomunicaciones', 5, '21-Vender-telefonos-y-equipos-de-telecomunicaciones.png', 21),
(22, 'Operar un salon de belleza o barbería', 5, '22-Operar-un-salon-de-belleza-o-barberia.png', 22),
(23, 'Usar un programa de computador para generar factur', 6, '23-Usar-un-programa-de-computador-para-generar-facturas.png', 23),
(24, 'Programar conferencias para una organización', 6, '24-Programar-conferencias-para-una-organizacion.png', 24),
(25, 'Trabajar en una linea de ensamble', 1, '25-Trabajar-en-una-linea-de-ensamble.png', 25),
(26, 'Reparar electrodomesticos', 1, '26-Reparar-electrodomesticos.png', 26),
(27, 'Desarrollar una nueva medicina', 2, '27-desarrollar-una-nueva-medicina.png', 27),
(28, 'Planear un estudio de investigacion', 2, '28-Planear-un-estudio-de-investigacion.png', 28),
(29, 'Escribir libros o juegos', 3, '29-Escribir-libros-o-juegos.png', 29),
(30, 'Tocar un instrumento musical', 3, '30-Tocar-un-instrumento-musical.png', 30),
(31, 'Enseñar a los niños a como leer', 4, '31-Ensenar-a-los-ninos-a-como-leer.png', 31),
(32, 'Trabajar con niños con discapacidad mental', 4, '32-Trabajar-con-ninos-con-discapacidad-mental.png', 32),
(33, 'Vender mercancias sobre el telefono', 5, '33-Vender-mercancias-sobre-el-telefono.png', 33),
(34, 'Guardar y comercializar revistas y periodicos', 5, '34-guardar-y-comercializar-revistas-periodicos.png', 34),
(35, 'Mantener cuentas de recibos y pagos', 6, '35-Mantener-cuentas-de-recibos-y-pagos.png', 35),
(36, 'Cargar software de computador en una gran red', 6, '36-Cargar-software-de-computador-en-una-gran-red.png', 36),
(37, 'Conducir un taxi', 1, '37-Conducir-un-taxi.png', 37),
(38, 'Instalar pisos en una casa', 1, '38-Instalar-pisos-en-una-casa.png', 38),
(39, 'Estudiar formas de reducir la contaminacion del ag', 2, '39-Estudiar-formas-de-reducir-la-contaminacion-del-agua.png', 39),
(40, 'Desarrollar un nuevo procedimiento para tratamient', 2, '40-Desarrollar-un-nuevo-procedimiento-para-tratamiento-medico.png', 40),
(41, 'Ejecutar rutinas de comedia en frente de una audie', 3, '41-Ejecutar-rutinas-de-comedia-en-frente-de-una-audiencia.png', 41),
(42, 'Actuar como un extra en una pelicula o show de tel', 3, '42-Actuar-como-un-extra-en-una-pelicula-o-show-de-television.png', 42),
(43, 'Enseñar en basica primaria', 4, '43-ensenar-en-basica-primaria.png', 43),
(44, 'Dar orientacion vocacional a las personas', 4, '44-Dar-orientacion-vocacional-a-las-personas.png', 44),
(45, 'Realizar una presentación de un producto que este ', 5, '45-Realizar-una-presentacion-de-un-producto-que-este-vendiendo.png', 45),
(46, 'Comprar y vender tierras', 5, '46-Comprar-y-vender-tierras.png', 46),
(47, 'Transferir fondos entre bancos usando un software ', 6, '47-TRANFERIR-TRABAJOS-USANDO-SOFWARE-DE-COMPUTADOR.png', 47),
(48, 'Programar reuniones de oficina', 6, '48-programar-reuniones-de-oficina.png', 48),
(49, 'Cargar pescado en una pesqueria', 1, '49-cargar-pescado-en-una-pescaderia.png', 49),
(50, 'Construir un muro de ladrillos', 1, '50-CONSTRUIR-UN-MURO-DE-LADRILLO.png', 50),
(51, 'Determinar el promedio de infeccion de una nueva e', 2, '51-Determinar-el-promedio-de-infeccion-de-una-nueva-enfermedad.png', 51),
(52, 'Estudiar rocas y minerales', 2, '52-Estudiar-rocas-y-minerales.png', 52),
(53, 'Escribir ensayos de libros o juegos', 3, '53-Escribir-ensayos-de-libros-o-juegos.png', 53),
(54, 'Componer o arreglar musica', 3, '54-Componer-o-arreglar-musica.png', 54),
(55, 'Supervisar actividades de niños en un campo', 4, '55-supervisar-actividades-de-ninos-en-un-campo.png', 55),
(56, 'Ayudar a gente con problemas familiares', 4, '56-AYUDAR-AGENTE-CON-PROBLEMAS-FAMILIARES.png', 56),
(57, 'Vender discos compactos en un almacen de musica', 5, '57-vender-discos-compactos-de-musica.png', 57),
(58, 'Administrar un almacen de juguetes', 5, '58-Administrar-un-almacen-de-juguetes.png', 58),
(59, 'Usar un procesador de texto para editar documentos', 6, '59-usar-un-procesador-de-texto-para-editar-un-documento.png', 59),
(60, 'Usar una calculadora', 6, '60-usar-una-calculadora.png', 60),
(61, 'Ensamblar partes electronicas', 1, '61-Ensamblar-partes-electronicas.png', 61),
(62, 'Conducir un camión para entregar paquetes en ofici', 1, '62-conducir-un-camion-para-entregar-paquetes-en-oficina-o-casas.png', 62),
(63, 'Diagnosticar o tratar enfermedades de animales', 2, '63-diagnosticar-o-tratar-enfermedades-de-animales..png', 63),
(64, 'Estudiar personalidades de lideres mundiales', 2, '64-Estudiar-personalidades-de-lideres-mundiales.png', 64),
(65, 'Actuar en una película', 3, '65-actuar-en-una-novela.png', 65),
(66, 'Bailar en un show de Broadway', 3, '66-BAILAR-EN-UN-SHOW-DE-BROADWAY.png', 66),
(67, 'Hacer terapia de rehabilitacion', 4, '67-hacer-terapia-de-reabilitacion.png', 67),
(68, 'Ser voluntario en una organización sin animo de lu', 4, '68-Ser-voluntario-en-una-organizacion-sin-animo-de-lucro.png', 68),
(69, 'Gerenciar la operación de un hotel', 5, '69-gerenciar-la-operacion-de-un-hotel.png', 69),
(70, 'Vender casas', 5, '70-veder-casas.png', 70),
(71, 'Transferir llamadas en una gran organización', 6, '71-Transferir-llamadas-en-una-gran-organizacion.png', 71),
(72, 'Ejecutar tareas de archivado en una oficina', 6, '72-Ejecutar-tareas-de-archivado-en-una-oficina.png', 72),
(73, 'Pintar casas', 1, '73-Pintar-casas.png', 73),
(74, 'Hacer cumplir las leyes de defensa a practicas de ', 1, '74-Hacer-cumplir-las-leyes-de-defensa-a-practicas-de-caza-deportiva.png', 74),
(75, 'Conducir experimentos quimicos', 2, '75-Conducir-experimentos-quimicos.png', 75),
(76, 'Conducir investigaciones biologicas', 2, '76-conducir-investigaciones-biologicas.png', 76),
(77, 'Pintar cuadros', 3, '77-pintando-cuadros.png', 77),
(78, 'Cantar profesionalmente', 3, '78-Cantar-profesionalmente.png', 78),
(79, 'Ayudar a gente anciana con los problemas de su vid', 4, '79-Ayudar-a-gente-anciana-con-los-problemas-de-su-vida-diaria.png', 79),
(80, 'Enseñar a los niños a como jugar un deporte', 4, '80-Ensenar-a-los-ninos-como-jugar-un-deporte.png', 80),
(81, 'Vender palomitas de maiz y dulces en un encuentro ', 5, '81-Vender-palomitas-de-maiz-y-dulces-en-un-encuentro-deportivo.png', 81),
(82, 'Gerenciar un supermercado', 5, '82-Gerenciar-un-supermercado.png', 82),
(83, 'Computar y registrar datos numericos y calculos es', 6, '83-computar-regustrar-datos-numericos-y-calculos-estadisticos.png', 83),
(84, 'Generar los pagos mensuales de cheques de una ofic', 6, '84-generar-los-pagos-mensuales-de-cheques-de-una-oficina.png', 84),
(85, 'Operar una maquina de ensamble', 1, '85-Operar-una-maquina-de-ensamble.png', 85),
(86, 'Trabajar en un pozo petrolero, extrayendo petroleo', 1, '86-Trabajar-en-un-pozo-petrolero-extrayendo-petroleo.png', 86),
(87, 'Estudiar el crecimiento de la poblacion de una ciu', 2, '87-Estudiar-el-crecimiento-de-la-poblacion-de-una-ciudad.png', 87),
(88, 'Estudiar ballenas y otros tipos de vida marina', 2, '88-Estudiar-ballenas-y-otros-tipos-de-vida-marina.png', 88),
(89, 'Realizar acrobacias en moto para una pelicula o pr', 3, '89-Realizar-acrobacias-en-moto-para-una-pelicula-o-programa-de-TV.png', 89),
(90, 'Crear efectos especiales para una pelicula', 3, '90-Crear-efectos-especiales-para-una-pelicula.png', 90),
(91, 'Ayudar a la gente para superar problemas diarios e', 4, '91-Ayudar-a-la-gente-para-superar-problemas-diarios-en-su-vida.png', 91),
(92, 'Enseñar a cantar a gente con problemas auditivos', 4, '92-Ensenar-a-cantar-gente-con-problemas-auditivos-codigo-8.png', 92),
(93, 'Gerenciar un departamento de una gran compañía', 5, '93-Gerenciar-un-departamento-de-una-gran-compania.png', 93),
(94, 'Vender bebidas suves o licores', 5, '94-Vender-bebidas-suves-o-licores1.png', 94),
(95, 'Tomar notas durante una reunion', 6, '95-Tomar-notas-durante-una-reunion.png', 95),
(96, 'Mantener almacenar y recibir registros', 6, '96-imagen-de-ALMACENAR-Y-RECIBIR-REGISTROS.png', 96),
(97, 'Ejecutar defensas como un abogado de alguien', 1, '97-ejecutar-defensas-como-un-abogado.png', 97),
(98, 'Ensamblar productos en una fabrica', 1, '98-Ensamblar-productos-en-una-fabrica.png', 98),
(99, 'Investigar Crimenes', 2, '99-Investigar-Crimenes.png', 99),
(100, 'Estudiar el movimiento de los planetas', 2, '100-Estudiar-el-movimiento-de-los-planetas.png', 100),
(101, 'Conducir un coro musical', 3, '101-Conducir-un-coro-musical.png', 101),
(102, 'Ser parte de un juego', 3, '102-Ser-parte-de-un-juego.png', 102),
(103, 'Ayudar a gente que tenga problemas con drogas o al', 4, '103-Ayudar-a-gente-que-tenga-problemas-con-drogas-o-alcohol.png', 103),
(104, 'Conducir un grupo de terapistas ', 4, '104-Conducir-un-grupo-de-terapistas-valeria-otoya.png', 104),
(105, 'Vender refrescos en un teatro durante una pelicula', 5, '105-Vender-refrescos-en-un-teatro-durante-una-pelicula.png', 105),
(106, 'Vender productos para cuidado del cabello en almac', 5, '106-Vender-productos-para-cuidar-el-cabello-en-almasenes-y-salones.png', 106),
(107, 'Calcular los salarios de los empleados (trabajar e', 6, '107-Calcular-los-salarios-de-los-empleados-(trabajar-en-nomina).png', 107),
(108, 'Trabajar en contabilidad', 6, '108-trabajar-en-contabilidad.png', 108),
(109, 'Ser miembro de un club de pesca', 1, '109-ser-miembro-de-un-club-de-pesca.png', 109),
(110, 'Arreglar o restaurar muebles', 1, '110-arreglar-o-restaurar-muebles.png', 110),
(111, 'Examinar muestras de sangre usando un microscopio', 2, '111-Examinar-muestras-de-sangre-usando-un-microscopio.png', 111),
(112, 'Investigar la causa de un fuego', 2, '112-causas-del-fuego.png', 112),
(113, 'Pintar conjuntos para juegos', 3, '113-Pintar-conjuntos-para-juegos.png', 113),
(114, 'Realizar audicion de cantantes para un coro musica', 3, '114-Realizar-audicion-de-cantantes-para-un-coro-musical.png', 114),
(115, 'Proveer masajes a las personas', 4, '115-hacer-masajes-a-personas.png', 115),
(116, 'Ayudar a personas con problemas familiares', 4, '116-Ayudar-a-personas-con-problemas-familiares.png', 116),
(117, 'Crear su propio negocio', 5, '117-Crear-su-propio-negocio.png', 117),
(118, 'Negociar contratos de negocio', 5, '118-Negociar-Contratos-de-Negocio-Yancarlo-Galindez-Hurtado-11-A.png', 118),
(119, 'Etiquetar sobres y paquetes', 6, '119-etiquetar-sobres-y-paquetes.png', 119),
(120, 'Realizar inventarios con un computador de mano', 6, '120-Realizar-inventarios-con-un-computador-de-mano.png', 120),
(121, 'Arreglar un plafon roto', 1, '121-Arreglar-un-plafon-roto.png', 121),
(122, 'Hacer servicio de mantenimiento o limpieza', 1, '122-hacer-servicio-de-mantenimiento-o-limpieza.png', 122),
(123, 'Estudiar la estructura del cuerpo humano', 2, '123-Estudiar-la-estructura-del-cuerpo-humano.png', 123),
(124, 'Desarrollar perfil psicologico de criminales', 2, '124-Desarrollar-perfil-psicologico-de-criminales.png', 124),
(125, 'Diseñar conjuntos para juegos', 3, '125-Disenar-conjuntos-para-juegos-Vanessa-J.png', 125),
(126, 'Anunciar un show de radio', 3, '126-Anunciar-un-show-de-radio.png', 126),
(127, 'Planear ejercicios para pacientes discapacitados', 4, '127-planear-ejercicios-para-pacientes-descapacitados.png', 127),
(128, 'Aconsejar a gente con problemas familiares', 4, '128-Aconsejar-a-gente-con-problemas-familiares.png', 128),
(129, 'Representar a un cliente en un juicio', 5, '129-REPRECENTAR-A-UN-CLIENTE-EN-UN-JUICIO.png', 129),
(130, 'Negociar contratos de profesionales atletas', 5, '130-Negociar-contratos-de-profesionales-atletas.png', 130),
(131, 'Desarrollar un sistema de archivo de una oficina', 6, '131-Desarrollar-un-sistema-de-archivo-de-una-oficina.png', 131),
(132, 'Manetener registros de transacciones financieras d', 6, '132-mantener-registros-de-transacciones-financieras-de-una-organizacion.png', 132),
(133, 'Mantener las zonas verdes de un parque', 1, '133-Mantener-las-zonas-verdes-de-un-parque.png', 133),
(134, 'Operar una maquina de produccion en linea', 1, '134-Operar-una-maquina-de-produccion-en-linea.png', 134),
(135, 'Desarrollar una forma de predecir el clima', 2, '135-Desarrollar-una-forma-de-predecir-el-clima.png', 135),
(136, 'Trabajar en un laboratorio biologico', 2, '136-Trabajar-en-un-laboratorio-biologico.png', 136),
(137, 'Escribir libretos para peliculas o programas de te', 3, '137-Escribir-libretos-para-peliculas-o-programas-de-television.png', 137),
(138, 'Escribir una cancion', 3, '138-Escribir-una-cancion.png', 138),
(139, 'Enseñar a trabajar y desarrollar habilidades para ', 4, '139-Ensenar-a-trabajar-y-desarrollar-habilidades-para-la-vida-a-gente-discapacitada.png', 139),
(140, 'Organizar actividades en un centro recreacional', 4, '140-Organizar-actividades-en-un-centro-recreacional.png', 140),
(141, 'Ser responsable por la operación de una gran compa', 5, '141-Ser-responsable-por-la-operacion-de-una-gran-compania.png', 141),
(142, 'Mercadear una nueva linea de ropa', 5, '142-Mercadear-una-nueva-linea-de-ropa.png', 142),
(143, 'Registrar cargos a la cuenta de un cliente', 6, '143-Registrar-cargos-a-la-cuenta-de-un-cliente.png', 143),
(144, 'Fotocopiar', 6, '144-Fotocopiar.png', 144),
(145, 'Fumigar arboles para prevenir insectos', 1, '145-Fumigar-arboles-para-prevenir-insectos.png', 145),
(146, 'Evaluar la calidad de un embarque antes de enviarl', 1, '146-Evaluar-la-calidad-de-un-embarque-antes-de-enviarlo.png', 146),
(147, 'Inventar un reemplazo para el azucar', 2, '147-Inventar-un-reemplazo-para-el-azucar.png', 147),
(148, 'Estudiar genetica', 2, '148-Estudiar-genetica.png', 148),
(149, 'Ejecutar una rutina de jazz', 3, '149-Ejecutar-una-rutina-de-jazz.png', 149),
(150, 'Dirigir una pelicula', 3, '150-Dirigir-una-pelicula.png', 150),
(151, 'Cuidar niños en una guarderia', 4, '151-Cuidar-ninos-en-una-guarderia.png', 151),
(152, 'Organizar viajes para gente discapacitada', 4, '152-Organizar-viajes-para-gente-discapacitada.png', 152),
(153, 'Vender avisos en periodico', 5, '153-Vender-avisos-en-periodico.png', 153),
(154, 'Vender mercancias en el departamento de un almacen', 5, '154-Vender-mercancias-en-el-departamento-de-un-almacen.png', 154),
(155, 'Registrar pagos de renta', 6, '155-Registrar-pagos-de-renta.png', 155),
(156, 'Entrar informacion en una base de datos', 6, '156-Entrar-informacion-en-una-base-de-datos.png', 156),
(157, 'Operar una lancha de motor', 1, '157-Operar-una-lancha-de-motor.png', 157),
(158, 'Reparar e instalar cerraduras', 1, '158-Reparar-e-instalar-cerraduras.png', 158),
(159, 'Estudiar gobiernos de diferentes paises', 2, '159-Estudiar-gobiernos-de-diferentes-paises.png', 159),
(160, 'Investigar plantas y animales', 2, '160-Investigar-plantas-y-animales.png', 160),
(161, 'Cantar en una banda', 3, '161-Cantar-en-una-banda.png', 161),
(162, 'Diseñar arte para una revista', 3, '162-Disenar-arte-para-una-revista.png', 162),
(163, 'Asistir a doctores en tratamiento de pacientes', 4, '163-Asistir-a-doctores-en-tratamiento-de-pacientes.png', 163),
(164, 'Trabajar con jovenes en libertad condicional', 4, '164-Trabajar-con-jovenes-en-libertad-condicional.png', 164),
(165, 'Vender automoviles', 5, '165-Vender-automoviles.png', 165),
(166, 'Gerenciar un almacen de ropa', 5, '166-Gerenciar-un-almacen-de-ropa.png', 166),
(167, 'Mantener registros de inventarios', 6, '167-Mantener-registros-de-inventarios.png', 167),
(168, 'Mantener registros de empleados', 6, '168-Mantener-registros-de-empleados.png', 168),
(169, 'Configurar y operar una maquina para hacer product', 1, '169-Configurar-y-operar-una-maquina-para-hacer-productos.png', 169),
(170, 'Apagar incendios', 1, '170-Apagar-incendios.png', 170),
(171, 'Hacer pruebas de laboratorio par identificar enfer', 2, '171-Hacer-pruebas-de-laboratorio-par-identificar-enfermedades.png', 171),
(172, 'Estudiar las condiciones del clima', 2, '172-Estudiar-las-condiciones-del-clima.png', 172),
(173, 'Editar peliculas', 3, '173-Editar-peliculas.png', 173),
(174, 'Posar para un fotografo', 3, '174-Posar-para-un-fotografo.png', 174),
(175, 'Proveer terapia fisica para recuperar a alguien de', 4, '175-Proveer-terapia-fisica-para-recuperar-a-alguien-de-una-lesion.png', 175),
(176, 'Enseñar en basica secundaria', 4, '176-Ensenar-en-basica-secundaria.png', 176),
(177, 'Vender franquicias a individuos', 5, '177-Vender-franquicias-a-individuos.png', 177),
(178, 'Vender partes de computador en un almacen', 5, '178-Vender-partes-de-computador-en-un-almacen.png', 178),
(179, 'Estampar organizar y distribuir correo en una orga', 6, '179-Estampar-organizar-y-distribuir-correo-en-una-organizacion.png', 179),
(180, 'Sostener transacciones bancarias con clientes.', 6, '180-Sostener-transacciones-bancarias-con-clientes.png', 180);

-- --------------------------------------------------------

--
-- Estructura de tabla para la tabla `PreguntaPersonalidad`
--

CREATE TABLE `PreguntaPersonalidad` (
  `idPreguntaPersonalidad` int(11) NOT NULL,
  `enunciado1` varchar(50) DEFAULT NULL,
  `idTipoPersonalidad` int(11) NOT NULL,
  `suma` tinyint(1) DEFAULT NULL,
  `orden` int(11) DEFAULT NULL,
  `enunciado2` varchar(50) DEFAULT NULL
) ENGINE=InnoDB DEFAULT CHARSET=utf8;

--
-- Volcado de datos para la tabla `PreguntaPersonalidad`
--

INSERT INTO `PreguntaPersonalidad` (`idPreguntaPersonalidad`, `enunciado1`, `idTipoPersonalidad`, `suma`, `orden`, `enunciado2`) VALUES
(1, '¿Haces listas?', 1, 0, 1, '¿Confías en la memoria?'),
(2, '¿Eres escéptico?', 2, 0, 2, '¿Deseas Creer?'),
(3, '¿Te aburres cuando estas solo?', 3, 0, 3, '¿Necesitas estar tiempo a solas?'),
(4, '¿Aceptas las cosas tal cual son?', 4, 0, 4, '¿Eres insatisfecho como son las cosas?'),
(5, '¿Mantienes la habitación limpia?', 1, 0, 5, '¿Pones las cosas donde quiera que sea?'),
(6, '¿Piensas que \"róbotico\" es un insulto?', 2, 0, 6, '¿Prefieres tener una mente mecánica?'),
(7, '¿Eres Enérgico?', 3, 0, 7, '¿Suave?'),
(8, '¿Prefieres tomar muchas alternativas o elecciones?', 4, 0, 8, '¿Prefieres usar una respuesta?'),
(9, '¿Caótico o desordenado?', 1, 0, 9, '¿Organizado?'),
(10, '¿Sonrojable?', 2, 0, 10, '¿Descarado?'),
(11, '¿Trabaja mejor en grupos?', 3, 0, 11, '¿Trabaja mejor solo?'),
(12, '¿Enfocado en el presente?', 4, 0, 12, '¿Enfocado en el futuro?'),
(13, '¿Planea a largo plazo?', 1, 0, 13, '¿Planea al ultimo minuto?'),
(14, '¿Desea el respeto de la gente?', 2, 0, 14, '¿Desea el amor de la gente?'),
(15, '¿Te desgastan las fiestas?', 3, 0, 15, '¿Te encienden las fiestas?'),
(16, '¿Te acoplas y adaptas?', 4, 0, 16, '¿Te impones?'),
(17, '¿Te muestras abierto a las opciones?', 1, 0, 17, '¿Decides y ejecutas?'),
(18, '¿Eres bueno arreglando cosas?', 2, 0, 18, '¿Eres bueno ayudando personas?'),
(19, '¿Hablas más?', 3, 0, 19, '¿Escuchas más?'),
(20, '¿Dices lo que pasó en un evento?', 4, 0, 20, '¿Dices lo que significa que haya ocurrido un event'),
(21, '¿Haces el trabajo al instante?', 1, 0, 21, '¿Esperas para hacer las cosas?'),
(22, '¿Sigues el corazón?', 2, 0, 22, '¿Sigues tu razón?'),
(23, '¿Permaneces en casa?', 3, 0, 23, '¿Te gusta salir al centro?'),
(24, '¿Deseas toda la pintura?', 4, 0, 24, '¿Deseas los detalles?'),
(25, '¿Improvisas?', 1, 0, 25, '¿Preparas?'),
(26, '¿Basas tu moralidad en justicia?', 2, 0, 26, '¿Basas tu moralidad en la compasión?'),
(27, '¿Se te hace escandaloso gritar así sea suavemente?', 3, 0, 27, '¿Gritas naturalmente, para llamar a otros que está'),
(28, '¿Teórico?', 4, 0, 28, '¿Empírico?'),
(29, '¿Trabajas duro?', 1, 0, 29, '¿Juegas duro?'),
(30, '¿Te incomodan las emociones?', 2, 0, 30, '¿Te sientes cómodo con las emociones?'),
(31, '¿Te sientes cómodo hablando frente a un publico?', 3, 0, 31, '¿Evitas hablar en público?'),
(32, '¿Buscas conocer, cómo, quien, cuando?', 4, 0, 32, '¿Buscas conocer, porqué?');

-- --------------------------------------------------------

--
-- Estructura de tabla para la tabla `RespuestaAmbiente`
--

CREATE TABLE `RespuestaAmbiente` (
  `idPreguntasAmbiente` int(11) NOT NULL,
  `idEncuesta` int(11) NOT NULL,
  `respuesta` float DEFAULT NULL
) ENGINE=InnoDB DEFAULT CHARSET=utf8;

--
-- Volcado de datos para la tabla `RespuestaAmbiente`
--

INSERT INTO `RespuestaAmbiente` (`idPreguntasAmbiente`, `idEncuesta`, `respuesta`) VALUES
(1, 6, NULL),
(1, 8, NULL),
(1, 9, NULL),
(1, 10, NULL),
(1, 11, NULL),
(1, 12, NULL),
(1, 13, NULL),
(1, 14, NULL),
(1, 16, NULL),
(1, 17, NULL),
(1, 18, NULL),
(1, 19, NULL),
(1, 24, NULL),
(2, 6, NULL),
(2, 8, NULL),
(2, 9, NULL),
(2, 10, NULL),
(2, 11, NULL),
(2, 12, NULL),
(2, 13, NULL),
(2, 14, NULL),
(2, 16, NULL),
(2, 17, NULL),
(2, 18, NULL),
(2, 19, NULL),
(2, 24, NULL),
(3, 6, NULL),
(3, 8, NULL),
(3, 9, NULL),
(3, 10, NULL),
(3, 11, NULL),
(3, 12, NULL),
(3, 13, NULL),
(3, 14, NULL),
(3, 16, NULL),
(3, 17, NULL),
(3, 18, NULL),
(3, 19, NULL),
(3, 24, NULL),
(4, 6, NULL),
(4, 8, NULL),
(4, 9, NULL),
(4, 10, NULL),
(4, 11, NULL),
(4, 12, NULL),
(4, 13, NULL),
(4, 14, NULL),
(4, 16, NULL),
(4, 17, NULL),
(4, 18, NULL),
(4, 19, NULL),
(4, 24, NULL),
(5, 6, NULL),
(5, 8, NULL),
(5, 9, NULL),
(5, 10, NULL),
(5, 11, NULL),
(5, 12, NULL),
(5, 13, NULL),
(5, 14, NULL),
(5, 16, NULL),
(5, 17, NULL),
(5, 18, NULL),
(5, 19, NULL),
(5, 24, NULL),
(6, 6, NULL),
(6, 8, NULL),
(6, 9, NULL),
(6, 10, NULL),
(6, 11, NULL),
(6, 12, NULL),
(6, 13, NULL),
(6, 14, NULL),
(6, 16, NULL),
(6, 17, NULL),
(6, 18, NULL),
(6, 19, NULL),
(6, 24, NULL),
(7, 6, NULL),
(7, 8, NULL),
(7, 9, NULL),
(7, 10, NULL),
(7, 11, NULL),
(7, 12, NULL),
(7, 13, NULL),
(7, 14, NULL),
(7, 16, NULL),
(7, 17, NULL),
(7, 18, NULL),
(7, 19, NULL),
(7, 24, NULL),
(8, 6, NULL),
(8, 8, NULL),
(8, 9, NULL),
(8, 10, NULL),
(8, 11, NULL),
(8, 12, NULL),
(8, 13, NULL),
(8, 14, NULL),
(8, 16, NULL),
(8, 17, NULL),
(8, 18, NULL),
(8, 19, NULL),
(8, 24, NULL),
(9, 6, NULL),
(9, 8, NULL),
(9, 9, NULL),
(9, 10, NULL),
(9, 11, NULL),
(9, 12, NULL),
(9, 13, NULL),
(9, 14, NULL),
(9, 16, NULL),
(9, 17, NULL),
(9, 18, NULL),
(9, 19, NULL),
(9, 24, NULL),
(10, 6, NULL),
(10, 8, NULL),
(10, 9, NULL),
(10, 10, NULL),
(10, 11, NULL),
(10, 12, NULL),
(10, 13, NULL),
(10, 14, NULL),
(10, 16, NULL),
(10, 17, NULL),
(10, 18, NULL),
(10, 19, NULL),
(10, 24, NULL),
(11, 6, NULL),
(11, 8, NULL),
(11, 9, NULL),
(11, 10, NULL),
(11, 11, NULL),
(11, 12, NULL),
(11, 13, NULL),
(11, 14, NULL),
(11, 16, NULL),
(11, 17, NULL),
(11, 18, NULL),
(11, 19, NULL),
(11, 24, NULL),
(12, 6, NULL),
(12, 8, NULL),
(12, 9, NULL),
(12, 10, NULL),
(12, 11, NULL),
(12, 12, NULL),
(12, 13, NULL),
(12, 14, NULL),
(12, 16, NULL),
(12, 17, NULL),
(12, 18, NULL),
(12, 19, NULL),
(12, 24, NULL),
(13, 6, NULL),
(13, 8, NULL),
(13, 9, NULL),
(13, 10, NULL),
(13, 11, NULL),
(13, 12, NULL),
(13, 13, NULL),
(13, 14, NULL),
(13, 16, NULL),
(13, 17, NULL),
(13, 18, NULL),
(13, 19, NULL),
(13, 24, NULL),
(14, 6, NULL),
(14, 8, NULL),
(14, 9, NULL),
(14, 10, NULL),
(14, 11, NULL),
(14, 12, NULL),
(14, 13, NULL),
(14, 14, NULL),
(14, 16, NULL),
(14, 17, NULL),
(14, 18, NULL),
(14, 19, NULL),
(14, 24, NULL),
(15, 6, NULL),
(15, 8, NULL),
(15, 9, NULL),
(15, 10, NULL),
(15, 11, NULL),
(15, 12, NULL),
(15, 13, NULL),
(15, 14, NULL),
(15, 16, NULL),
(15, 17, NULL),
(15, 18, NULL),
(15, 19, NULL),
(15, 24, NULL),
(16, 6, NULL),
(16, 8, NULL),
(16, 9, NULL),
(16, 10, NULL),
(16, 11, NULL),
(16, 12, NULL),
(16, 13, NULL),
(16, 14, NULL),
(16, 16, NULL),
(16, 17, NULL),
(16, 18, NULL),
(16, 19, NULL),
(16, 24, NULL),
(17, 6, NULL),
(17, 8, NULL),
(17, 9, NULL),
(17, 10, NULL),
(17, 11, NULL),
(17, 12, NULL),
(17, 13, NULL),
(17, 14, NULL),
(17, 16, NULL),
(17, 17, NULL),
(17, 18, NULL),
(17, 19, NULL),
(17, 24, NULL),
(18, 6, NULL),
(18, 8, NULL),
(18, 9, NULL),
(18, 10, NULL),
(18, 11, NULL),
(18, 12, NULL),
(18, 13, NULL),
(18, 14, NULL),
(18, 16, NULL),
(18, 17, NULL),
(18, 18, NULL),
(18, 19, NULL),
(18, 24, NULL),
(19, 6, NULL),
(19, 8, NULL),
(19, 9, NULL),
(19, 10, NULL),
(19, 11, NULL),
(19, 12, NULL),
(19, 13, NULL),
(19, 14, NULL),
(19, 16, NULL),
(19, 17, NULL),
(19, 18, NULL),
(19, 19, NULL),
(19, 24, NULL),
(20, 6, NULL),
(20, 8, NULL),
(20, 9, NULL),
(20, 10, NULL),
(20, 11, NULL),
(20, 12, NULL),
(20, 13, NULL),
(20, 14, NULL),
(20, 16, NULL),
(20, 17, NULL),
(20, 18, NULL),
(20, 19, NULL),
(20, 24, NULL),
(21, 6, NULL),
(21, 8, NULL),
(21, 9, NULL),
(21, 10, NULL),
(21, 11, NULL),
(21, 12, NULL),
(21, 13, NULL),
(21, 14, NULL),
(21, 16, NULL),
(21, 17, NULL),
(21, 18, NULL),
(21, 19, NULL),
(21, 24, NULL),
(22, 6, NULL),
(22, 8, NULL),
(22, 9, NULL),
(22, 10, NULL),
(22, 11, NULL),
(22, 12, NULL),
(22, 13, NULL),
(22, 14, NULL),
(22, 16, NULL),
(22, 17, NULL),
(22, 18, NULL),
(22, 19, NULL),
(22, 24, NULL),
(23, 6, NULL),
(23, 8, NULL),
(23, 9, NULL),
(23, 10, NULL),
(23, 11, NULL),
(23, 12, NULL),
(23, 13, NULL),
(23, 14, NULL),
(23, 16, NULL),
(23, 17, NULL),
(23, 18, NULL),
(23, 19, NULL),
(23, 24, NULL),
(24, 6, NULL),
(24, 8, NULL),
(24, 9, NULL),
(24, 10, NULL),
(24, 11, NULL),
(24, 12, NULL),
(24, 13, NULL),
(24, 14, NULL),
(24, 16, NULL),
(24, 17, NULL),
(24, 18, NULL),
(24, 19, NULL),
(24, 24, NULL),
(25, 6, NULL),
(25, 8, NULL),
(25, 9, NULL),
(25, 10, NULL),
(25, 11, NULL),
(25, 12, NULL),
(25, 13, NULL),
(25, 14, NULL),
(25, 16, NULL),
(25, 17, NULL),
(25, 18, NULL),
(25, 19, NULL),
(25, 24, NULL),
(26, 6, NULL),
(26, 8, NULL),
(26, 9, NULL),
(26, 10, NULL),
(26, 11, NULL),
(26, 12, NULL),
(26, 13, NULL),
(26, 14, NULL),
(26, 16, NULL),
(26, 17, NULL),
(26, 18, NULL),
(26, 19, NULL),
(26, 24, NULL),
(27, 6, NULL),
(27, 8, NULL),
(27, 9, NULL),
(27, 10, NULL),
(27, 11, NULL),
(27, 12, NULL),
(27, 13, NULL),
(27, 14, NULL),
(27, 16, NULL),
(27, 17, NULL),
(27, 18, NULL),
(27, 19, NULL),
(27, 24, NULL),
(28, 6, NULL),
(28, 8, NULL),
(28, 9, NULL),
(28, 10, NULL),
(28, 11, NULL),
(28, 12, NULL),
(28, 13, NULL),
(28, 14, NULL),
(28, 16, NULL),
(28, 17, NULL),
(28, 18, NULL),
(28, 19, NULL),
(28, 24, NULL),
(29, 6, NULL),
(29, 8, NULL),
(29, 9, NULL),
(29, 10, NULL),
(29, 11, NULL),
(29, 12, NULL),
(29, 13, NULL),
(29, 14, NULL),
(29, 16, NULL),
(29, 17, NULL),
(29, 18, NULL),
(29, 19, NULL),
(29, 24, NULL),
(30, 6, NULL),
(30, 8, NULL),
(30, 9, NULL),
(30, 10, NULL),
(30, 11, NULL),
(30, 12, NULL),
(30, 13, NULL),
(30, 14, NULL),
(30, 16, NULL),
(30, 17, NULL),
(30, 18, NULL),
(30, 19, NULL),
(30, 24, NULL),
(31, 6, NULL),
(31, 8, NULL),
(31, 9, NULL),
(31, 10, NULL),
(31, 11, NULL),
(31, 12, NULL),
(31, 13, NULL),
(31, 14, NULL),
(31, 16, NULL),
(31, 17, NULL),
(31, 18, NULL),
(31, 19, NULL),
(31, 24, NULL),
(32, 6, NULL),
(32, 8, NULL),
(32, 9, NULL),
(32, 10, NULL),
(32, 11, NULL),
(32, 12, NULL),
(32, 13, NULL),
(32, 14, NULL),
(32, 16, NULL),
(32, 17, NULL),
(32, 18, NULL),
(32, 19, NULL),
(32, 24, NULL),
(33, 6, NULL),
(33, 8, NULL),
(33, 9, NULL),
(33, 10, NULL),
(33, 11, NULL),
(33, 12, NULL),
(33, 13, NULL),
(33, 14, NULL),
(33, 16, NULL),
(33, 17, NULL),
(33, 18, NULL),
(33, 19, NULL),
(33, 24, NULL),
(34, 6, NULL),
(34, 8, NULL),
(34, 9, NULL),
(34, 10, NULL),
(34, 11, NULL),
(34, 12, NULL),
(34, 13, NULL),
(34, 14, NULL),
(34, 16, NULL),
(34, 17, NULL),
(34, 18, NULL),
(34, 19, NULL),
(34, 24, NULL),
(35, 6, NULL),
(35, 8, NULL),
(35, 9, NULL),
(35, 10, NULL),
(35, 11, NULL),
(35, 12, NULL),
(35, 13, NULL),
(35, 14, NULL),
(35, 16, NULL),
(35, 17, NULL),
(35, 18, NULL),
(35, 19, NULL),
(35, 24, NULL),
(36, 6, NULL),
(36, 8, NULL),
(36, 9, NULL),
(36, 10, NULL),
(36, 11, NULL),
(36, 12, NULL),
(36, 13, NULL),
(36, 14, NULL),
(36, 16, NULL),
(36, 17, NULL),
(36, 18, NULL),
(36, 19, NULL),
(36, 24, NULL),
(37, 6, NULL),
(37, 8, NULL),
(37, 9, NULL),
(37, 10, NULL),
(37, 11, NULL),
(37, 12, NULL),
(37, 13, NULL),
(37, 14, NULL),
(37, 16, NULL),
(37, 17, NULL),
(37, 18, NULL),
(37, 19, NULL),
(37, 24, NULL),
(38, 6, NULL),
(38, 8, NULL),
(38, 9, NULL),
(38, 10, NULL),
(38, 11, NULL),
(38, 12, NULL),
(38, 13, NULL),
(38, 14, NULL),
(38, 16, NULL),
(38, 17, NULL),
(38, 18, NULL),
(38, 19, NULL),
(38, 24, NULL),
(39, 6, NULL),
(39, 8, NULL),
(39, 9, NULL),
(39, 10, NULL),
(39, 11, NULL),
(39, 12, NULL),
(39, 13, NULL),
(39, 14, NULL),
(39, 16, NULL),
(39, 17, NULL),
(39, 18, NULL),
(39, 19, NULL),
(39, 24, NULL),
(40, 6, NULL),
(40, 8, NULL),
(40, 9, NULL),
(40, 10, NULL),
(40, 11, NULL),
(40, 12, NULL),
(40, 13, NULL),
(40, 14, NULL),
(40, 16, NULL),
(40, 17, NULL),
(40, 18, NULL),
(40, 19, NULL),
(40, 24, NULL),
(41, 6, NULL),
(41, 8, NULL),
(41, 9, NULL),
(41, 10, NULL),
(41, 11, NULL),
(41, 12, NULL),
(41, 13, NULL),
(41, 14, NULL),
(41, 16, NULL),
(41, 17, NULL),
(41, 18, NULL),
(41, 19, NULL),
(41, 24, NULL),
(42, 6, NULL),
(42, 8, NULL),
(42, 9, NULL),
(42, 10, NULL),
(42, 11, NULL),
(42, 12, NULL),
(42, 13, NULL),
(42, 14, NULL),
(42, 16, NULL),
(42, 17, NULL),
(42, 18, NULL),
(42, 19, NULL),
(42, 24, NULL),
(43, 6, NULL),
(43, 8, NULL),
(43, 9, NULL),
(43, 10, NULL),
(43, 11, NULL),
(43, 12, NULL),
(43, 13, NULL),
(43, 14, NULL),
(43, 16, NULL),
(43, 17, NULL),
(43, 18, NULL),
(43, 19, NULL),
(43, 24, NULL),
(44, 6, NULL),
(44, 8, NULL),
(44, 9, NULL),
(44, 10, NULL),
(44, 11, NULL),
(44, 12, NULL),
(44, 13, NULL),
(44, 14, NULL),
(44, 16, NULL),
(44, 17, NULL),
(44, 18, NULL),
(44, 19, NULL),
(44, 24, NULL),
(45, 6, NULL),
(45, 8, NULL),
(45, 9, NULL),
(45, 10, NULL),
(45, 11, NULL),
(45, 12, NULL),
(45, 13, NULL),
(45, 14, NULL),
(45, 16, NULL),
(45, 17, NULL),
(45, 18, NULL),
(45, 19, NULL),
(45, 24, NULL),
(46, 6, NULL),
(46, 8, NULL),
(46, 9, NULL),
(46, 10, NULL),
(46, 11, NULL),
(46, 12, NULL),
(46, 13, NULL),
(46, 14, NULL),
(46, 16, NULL),
(46, 17, NULL),
(46, 18, NULL),
(46, 19, NULL),
(46, 24, NULL),
(47, 6, NULL),
(47, 8, NULL),
(47, 9, NULL),
(47, 10, NULL),
(47, 11, NULL),
(47, 12, NULL),
(47, 13, NULL),
(47, 14, NULL),
(47, 16, NULL),
(47, 17, NULL),
(47, 18, NULL),
(47, 19, NULL),
(47, 24, NULL),
(48, 6, NULL),
(48, 8, NULL),
(48, 9, NULL),
(48, 10, NULL),
(48, 11, NULL),
(48, 12, NULL),
(48, 13, NULL),
(48, 14, NULL),
(48, 16, NULL),
(48, 17, NULL),
(48, 18, NULL),
(48, 19, NULL),
(48, 24, NULL),
(49, 6, NULL),
(49, 8, NULL),
(49, 9, NULL),
(49, 10, NULL),
(49, 11, NULL),
(49, 12, NULL),
(49, 13, NULL),
(49, 14, NULL),
(49, 16, NULL),
(49, 17, NULL),
(49, 18, NULL),
(49, 19, NULL),
(49, 24, NULL),
(50, 6, NULL),
(50, 8, NULL),
(50, 9, NULL),
(50, 10, NULL),
(50, 11, NULL),
(50, 12, NULL),
(50, 13, NULL),
(50, 14, NULL),
(50, 16, NULL),
(50, 17, NULL),
(50, 18, NULL),
(50, 19, NULL),
(50, 24, NULL),
(51, 6, NULL),
(51, 8, NULL),
(51, 9, NULL),
(51, 10, NULL),
(51, 11, NULL),
(51, 12, NULL),
(51, 13, NULL),
(51, 14, NULL),
(51, 16, NULL),
(51, 17, NULL),
(51, 18, NULL),
(51, 19, NULL),
(51, 24, NULL),
(52, 6, NULL),
(52, 8, NULL),
(52, 9, NULL),
(52, 10, NULL),
(52, 11, NULL),
(52, 12, NULL),
(52, 13, NULL),
(52, 14, NULL),
(52, 16, NULL),
(52, 17, NULL),
(52, 18, NULL),
(52, 19, NULL),
(52, 24, NULL),
(53, 6, NULL),
(53, 8, NULL),
(53, 9, NULL),
(53, 10, NULL),
(53, 11, NULL),
(53, 12, NULL),
(53, 13, NULL),
(53, 14, NULL),
(53, 16, NULL),
(53, 17, NULL),
(53, 18, NULL),
(53, 19, NULL),
(53, 24, NULL),
(54, 6, NULL),
(54, 8, NULL),
(54, 9, NULL),
(54, 10, NULL),
(54, 11, NULL),
(54, 12, NULL),
(54, 13, NULL),
(54, 14, NULL),
(54, 16, NULL),
(54, 17, NULL),
(54, 18, NULL),
(54, 19, NULL),
(54, 24, NULL),
(55, 6, NULL),
(55, 8, NULL),
(55, 9, NULL),
(55, 10, NULL),
(55, 11, NULL),
(55, 12, NULL),
(55, 13, NULL),
(55, 14, NULL),
(55, 16, NULL),
(55, 17, NULL),
(55, 18, NULL),
(55, 19, NULL),
(55, 24, NULL),
(56, 6, NULL),
(56, 8, NULL),
(56, 9, NULL),
(56, 10, NULL),
(56, 11, NULL),
(56, 12, NULL),
(56, 13, NULL),
(56, 14, NULL),
(56, 16, NULL),
(56, 17, NULL),
(56, 18, NULL),
(56, 19, NULL),
(56, 24, NULL),
(57, 6, NULL),
(57, 8, NULL),
(57, 9, NULL),
(57, 10, NULL),
(57, 11, NULL),
(57, 12, NULL),
(57, 13, NULL),
(57, 14, NULL),
(57, 16, NULL),
(57, 17, NULL),
(57, 18, NULL),
(57, 19, NULL),
(57, 24, NULL),
(58, 6, NULL),
(58, 8, NULL),
(58, 9, NULL),
(58, 10, NULL),
(58, 11, NULL),
(58, 12, NULL),
(58, 13, NULL),
(58, 14, NULL),
(58, 16, NULL),
(58, 17, NULL),
(58, 18, NULL),
(58, 19, NULL),
(58, 24, NULL),
(59, 6, NULL),
(59, 8, NULL),
(59, 9, NULL),
(59, 10, NULL),
(59, 11, NULL),
(59, 12, NULL),
(59, 13, NULL),
(59, 14, NULL),
(59, 16, NULL),
(59, 17, NULL),
(59, 18, NULL),
(59, 19, NULL),
(59, 24, NULL),
(60, 6, NULL),
(60, 8, NULL),
(60, 9, NULL),
(60, 10, NULL),
(60, 11, NULL),
(60, 12, NULL),
(60, 13, NULL),
(60, 14, NULL),
(60, 16, NULL),
(60, 17, NULL),
(60, 18, NULL),
(60, 19, NULL),
(60, 24, NULL),
(61, 6, NULL),
(61, 8, NULL),
(61, 9, NULL),
(61, 10, NULL),
(61, 11, NULL),
(61, 12, NULL),
(61, 13, NULL),
(61, 14, NULL),
(61, 16, NULL),
(61, 17, NULL),
(61, 18, NULL),
(61, 19, NULL),
(61, 24, NULL),
(62, 6, NULL),
(62, 8, NULL),
(62, 9, NULL),
(62, 10, NULL),
(62, 11, NULL),
(62, 12, NULL),
(62, 13, NULL),
(62, 14, NULL),
(62, 16, NULL),
(62, 17, NULL),
(62, 18, NULL),
(62, 19, NULL),
(62, 24, NULL),
(63, 6, NULL),
(63, 8, NULL),
(63, 9, NULL),
(63, 10, NULL),
(63, 11, NULL),
(63, 12, NULL),
(63, 13, NULL),
(63, 14, NULL),
(63, 16, NULL),
(63, 17, NULL),
(63, 18, NULL),
(63, 19, NULL),
(63, 24, NULL),
(64, 6, NULL),
(64, 8, NULL),
(64, 9, NULL),
(64, 10, NULL),
(64, 11, NULL),
(64, 12, NULL),
(64, 13, NULL),
(64, 14, NULL),
(64, 16, NULL),
(64, 17, NULL),
(64, 18, NULL),
(64, 19, NULL),
(64, 24, NULL),
(65, 6, NULL),
(65, 8, NULL),
(65, 9, NULL),
(65, 10, NULL),
(65, 11, NULL),
(65, 12, NULL),
(65, 13, NULL),
(65, 14, NULL),
(65, 16, NULL),
(65, 17, NULL),
(65, 18, NULL),
(65, 19, NULL),
(65, 24, NULL),
(66, 6, NULL),
(66, 8, NULL),
(66, 9, NULL),
(66, 10, NULL),
(66, 11, NULL),
(66, 12, NULL),
(66, 13, NULL),
(66, 14, NULL),
(66, 16, NULL),
(66, 17, NULL),
(66, 18, NULL),
(66, 19, NULL),
(66, 24, NULL),
(67, 6, NULL),
(67, 8, NULL),
(67, 9, NULL),
(67, 10, NULL),
(67, 11, NULL),
(67, 12, NULL),
(67, 13, NULL),
(67, 14, NULL),
(67, 16, NULL),
(67, 17, NULL),
(67, 18, NULL),
(67, 19, NULL),
(67, 24, NULL),
(68, 6, NULL),
(68, 8, NULL),
(68, 9, NULL),
(68, 10, NULL),
(68, 11, NULL),
(68, 12, NULL),
(68, 13, NULL),
(68, 14, NULL),
(68, 16, NULL),
(68, 17, NULL),
(68, 18, NULL),
(68, 19, NULL),
(68, 24, NULL),
(69, 6, NULL),
(69, 8, NULL),
(69, 9, NULL),
(69, 10, NULL),
(69, 11, NULL),
(69, 12, NULL),
(69, 13, NULL),
(69, 14, NULL),
(69, 16, NULL),
(69, 17, NULL),
(69, 18, NULL),
(69, 19, NULL),
(69, 24, NULL),
(70, 6, NULL),
(70, 8, NULL),
(70, 9, NULL),
(70, 10, NULL),
(70, 11, NULL),
(70, 12, NULL),
(70, 13, NULL),
(70, 14, NULL),
(70, 16, NULL),
(70, 17, NULL),
(70, 18, NULL),
(70, 19, NULL),
(70, 24, NULL),
(71, 6, NULL),
(71, 8, NULL),
(71, 9, NULL),
(71, 10, NULL),
(71, 11, NULL),
(71, 12, NULL),
(71, 13, NULL),
(71, 14, NULL),
(71, 16, NULL),
(71, 17, NULL),
(71, 18, NULL),
(71, 19, NULL),
(71, 24, NULL),
(72, 6, NULL),
(72, 8, NULL),
(72, 9, NULL),
(72, 10, NULL),
(72, 11, NULL),
(72, 12, NULL),
(72, 13, NULL),
(72, 14, NULL),
(72, 16, NULL),
(72, 17, NULL),
(72, 18, NULL),
(72, 19, NULL),
(72, 24, NULL),
(73, 6, NULL),
(73, 8, NULL),
(73, 9, NULL),
(73, 10, NULL),
(73, 11, NULL),
(73, 12, NULL),
(73, 13, NULL),
(73, 14, NULL),
(73, 16, NULL),
(73, 17, NULL),
(73, 18, NULL),
(73, 19, NULL),
(73, 24, NULL),
(74, 6, NULL),
(74, 8, NULL),
(74, 9, NULL),
(74, 10, NULL),
(74, 11, NULL),
(74, 12, NULL),
(74, 13, NULL),
(74, 14, NULL),
(74, 16, NULL),
(74, 17, NULL),
(74, 18, NULL),
(74, 19, NULL),
(74, 24, NULL),
(75, 6, NULL),
(75, 8, NULL),
(75, 9, NULL),
(75, 10, NULL),
(75, 11, NULL),
(75, 12, NULL),
(75, 13, NULL),
(75, 14, NULL),
(75, 16, NULL),
(75, 17, NULL),
(75, 18, NULL),
(75, 19, NULL),
(75, 24, NULL),
(76, 6, NULL),
(76, 8, NULL),
(76, 9, NULL),
(76, 10, NULL),
(76, 11, NULL),
(76, 12, NULL),
(76, 13, NULL),
(76, 14, NULL),
(76, 16, NULL),
(76, 17, NULL),
(76, 18, NULL),
(76, 19, NULL),
(76, 24, NULL),
(77, 6, NULL),
(77, 8, NULL),
(77, 9, NULL),
(77, 10, NULL),
(77, 11, NULL),
(77, 12, NULL),
(77, 13, NULL),
(77, 14, NULL),
(77, 16, NULL),
(77, 17, NULL),
(77, 18, NULL),
(77, 19, NULL),
(77, 24, NULL),
(78, 6, NULL),
(78, 8, NULL),
(78, 9, NULL),
(78, 10, NULL),
(78, 11, NULL),
(78, 12, NULL),
(78, 13, NULL),
(78, 14, NULL),
(78, 16, NULL),
(78, 17, NULL),
(78, 18, NULL),
(78, 19, NULL),
(78, 24, NULL),
(79, 6, NULL),
(79, 8, NULL),
(79, 9, NULL),
(79, 10, NULL),
(79, 11, NULL),
(79, 12, NULL),
(79, 13, NULL),
(79, 14, NULL),
(79, 16, NULL),
(79, 17, NULL),
(79, 18, NULL),
(79, 19, NULL),
(79, 24, NULL),
(80, 6, NULL),
(80, 8, NULL),
(80, 9, NULL),
(80, 10, NULL),
(80, 11, NULL),
(80, 12, NULL),
(80, 13, NULL),
(80, 14, NULL),
(80, 16, NULL),
(80, 17, NULL),
(80, 18, NULL),
(80, 19, NULL),
(80, 24, NULL),
(81, 6, NULL),
(81, 8, NULL),
(81, 9, NULL),
(81, 10, NULL),
(81, 11, NULL),
(81, 12, NULL),
(81, 13, NULL),
(81, 14, NULL),
(81, 16, NULL),
(81, 17, NULL),
(81, 18, NULL),
(81, 19, NULL),
(81, 24, NULL),
(82, 6, NULL),
(82, 8, NULL),
(82, 9, NULL),
(82, 10, NULL),
(82, 11, NULL),
(82, 12, NULL),
(82, 13, NULL),
(82, 14, NULL),
(82, 16, NULL),
(82, 17, NULL),
(82, 18, NULL),
(82, 19, NULL),
(82, 24, NULL),
(83, 6, NULL),
(83, 8, NULL),
(83, 9, NULL),
(83, 10, NULL),
(83, 11, NULL),
(83, 12, NULL),
(83, 13, NULL),
(83, 14, NULL),
(83, 16, NULL),
(83, 17, NULL),
(83, 18, NULL),
(83, 19, NULL),
(83, 24, NULL),
(84, 6, NULL),
(84, 8, NULL),
(84, 9, NULL),
(84, 10, NULL),
(84, 11, NULL),
(84, 12, NULL),
(84, 13, NULL),
(84, 14, NULL),
(84, 16, NULL),
(84, 17, NULL),
(84, 18, NULL),
(84, 19, NULL),
(84, 24, NULL),
(85, 6, NULL),
(85, 8, NULL),
(85, 9, NULL),
(85, 10, NULL),
(85, 11, NULL),
(85, 12, NULL),
(85, 13, NULL),
(85, 14, NULL),
(85, 16, NULL),
(85, 17, NULL),
(85, 18, NULL),
(85, 19, NULL),
(85, 24, NULL),
(86, 6, NULL),
(86, 8, NULL),
(86, 9, NULL),
(86, 10, NULL),
(86, 11, NULL),
(86, 12, NULL),
(86, 13, NULL),
(86, 14, NULL),
(86, 16, NULL),
(86, 17, NULL),
(86, 18, NULL),
(86, 19, NULL),
(86, 24, NULL),
(87, 6, NULL),
(87, 8, NULL),
(87, 9, NULL),
(87, 10, NULL),
(87, 11, NULL),
(87, 12, NULL),
(87, 13, NULL),
(87, 14, NULL),
(87, 16, NULL),
(87, 17, NULL),
(87, 18, NULL),
(87, 19, NULL),
(87, 24, NULL),
(88, 6, NULL),
(88, 8, NULL),
(88, 9, NULL),
(88, 10, NULL),
(88, 11, NULL),
(88, 12, NULL),
(88, 13, NULL),
(88, 14, NULL),
(88, 16, NULL),
(88, 17, NULL),
(88, 18, NULL),
(88, 19, NULL),
(88, 24, NULL),
(89, 6, NULL),
(89, 8, NULL),
(89, 9, NULL),
(89, 10, NULL),
(89, 11, NULL),
(89, 12, NULL),
(89, 13, NULL),
(89, 14, NULL),
(89, 16, NULL),
(89, 17, NULL),
(89, 18, NULL),
(89, 19, NULL),
(89, 24, NULL),
(90, 6, NULL),
(90, 8, NULL),
(90, 9, NULL),
(90, 10, NULL),
(90, 11, NULL),
(90, 12, NULL),
(90, 13, NULL),
(90, 14, NULL),
(90, 16, NULL),
(90, 17, NULL),
(90, 18, NULL),
(90, 19, NULL),
(90, 24, NULL),
(91, 6, NULL),
(91, 8, NULL),
(91, 9, NULL),
(91, 10, NULL),
(91, 11, NULL),
(91, 12, NULL),
(91, 13, NULL),
(91, 14, NULL),
(91, 16, NULL),
(91, 17, NULL),
(91, 18, NULL),
(91, 19, NULL),
(91, 24, NULL),
(92, 6, NULL),
(92, 8, NULL),
(92, 9, NULL),
(92, 10, NULL),
(92, 11, NULL),
(92, 12, NULL),
(92, 13, NULL),
(92, 14, NULL),
(92, 16, NULL),
(92, 17, NULL),
(92, 18, NULL),
(92, 19, NULL),
(92, 24, NULL),
(93, 6, NULL),
(93, 8, NULL),
(93, 9, NULL),
(93, 10, NULL),
(93, 11, NULL),
(93, 12, NULL),
(93, 13, NULL),
(93, 14, NULL),
(93, 16, NULL),
(93, 17, NULL),
(93, 18, NULL),
(93, 19, NULL),
(93, 24, NULL),
(94, 6, NULL),
(94, 8, NULL),
(94, 9, NULL),
(94, 10, NULL),
(94, 11, NULL),
(94, 12, NULL),
(94, 13, NULL),
(94, 14, NULL),
(94, 16, NULL),
(94, 17, NULL),
(94, 18, NULL),
(94, 19, NULL),
(94, 24, NULL),
(95, 6, NULL),
(95, 8, NULL),
(95, 9, NULL),
(95, 10, NULL),
(95, 11, NULL),
(95, 12, NULL),
(95, 13, NULL),
(95, 14, NULL),
(95, 16, NULL),
(95, 17, NULL),
(95, 18, NULL),
(95, 19, NULL),
(95, 24, NULL),
(96, 6, NULL),
(96, 8, NULL),
(96, 9, NULL),
(96, 10, NULL),
(96, 11, NULL),
(96, 12, NULL),
(96, 13, NULL),
(96, 14, NULL),
(96, 16, NULL),
(96, 17, NULL),
(96, 18, NULL),
(96, 19, NULL),
(96, 24, NULL),
(97, 6, NULL),
(97, 8, NULL),
(97, 9, NULL),
(97, 10, NULL),
(97, 11, NULL),
(97, 12, NULL),
(97, 13, NULL),
(97, 14, NULL),
(97, 16, NULL),
(97, 17, NULL),
(97, 18, NULL),
(97, 19, NULL),
(97, 24, NULL),
(98, 6, NULL),
(98, 8, NULL),
(98, 9, NULL),
(98, 10, NULL),
(98, 11, NULL),
(98, 12, NULL),
(98, 13, NULL),
(98, 14, NULL),
(98, 16, NULL),
(98, 17, NULL),
(98, 18, NULL),
(98, 19, NULL),
(98, 24, NULL),
(99, 6, NULL),
(99, 8, NULL),
(99, 9, NULL),
(99, 10, NULL),
(99, 11, NULL),
(99, 12, NULL),
(99, 13, NULL),
(99, 14, NULL),
(99, 16, NULL),
(99, 17, NULL),
(99, 18, NULL),
(99, 19, NULL),
(99, 24, NULL),
(100, 6, NULL),
(100, 8, NULL),
(100, 9, NULL),
(100, 10, NULL),
(100, 11, NULL),
(100, 12, NULL),
(100, 13, NULL),
(100, 14, NULL),
(100, 16, NULL),
(100, 17, NULL),
(100, 18, NULL),
(100, 19, NULL),
(100, 24, NULL),
(101, 6, NULL),
(101, 8, NULL),
(101, 9, NULL),
(101, 10, NULL),
(101, 11, NULL),
(101, 12, NULL),
(101, 13, NULL),
(101, 14, NULL),
(101, 16, NULL),
(101, 17, NULL),
(101, 18, NULL),
(101, 19, NULL),
(101, 24, NULL),
(102, 6, NULL),
(102, 8, NULL),
(102, 9, NULL),
(102, 10, NULL),
(102, 11, NULL),
(102, 12, NULL),
(102, 13, NULL),
(102, 14, NULL),
(102, 16, NULL),
(102, 17, NULL),
(102, 18, NULL),
(102, 19, NULL),
(102, 24, NULL),
(103, 6, NULL),
(103, 8, NULL),
(103, 9, NULL),
(103, 10, NULL),
(103, 11, NULL),
(103, 12, NULL),
(103, 13, NULL),
(103, 14, NULL),
(103, 16, NULL),
(103, 17, NULL),
(103, 18, NULL),
(103, 19, NULL),
(103, 24, NULL),
(104, 6, NULL),
(104, 8, NULL),
(104, 9, NULL),
(104, 10, NULL),
(104, 11, NULL),
(104, 12, NULL),
(104, 13, NULL),
(104, 14, NULL),
(104, 16, NULL),
(104, 17, NULL),
(104, 18, NULL),
(104, 19, NULL),
(104, 24, NULL),
(105, 6, NULL),
(105, 8, NULL),
(105, 9, NULL),
(105, 10, NULL),
(105, 11, NULL),
(105, 12, NULL),
(105, 13, NULL),
(105, 14, NULL),
(105, 16, NULL),
(105, 17, NULL),
(105, 18, NULL),
(105, 19, NULL),
(105, 24, NULL),
(106, 6, NULL),
(106, 8, NULL),
(106, 9, NULL),
(106, 10, NULL),
(106, 11, NULL),
(106, 12, NULL),
(106, 13, NULL),
(106, 14, NULL),
(106, 16, NULL),
(106, 17, NULL),
(106, 18, NULL),
(106, 19, NULL),
(106, 24, NULL),
(107, 6, NULL),
(107, 8, NULL),
(107, 9, NULL),
(107, 10, NULL),
(107, 11, NULL),
(107, 12, NULL),
(107, 13, NULL),
(107, 14, NULL),
(107, 16, NULL),
(107, 17, NULL),
(107, 18, NULL),
(107, 19, NULL),
(107, 24, NULL),
(108, 6, NULL),
(108, 8, NULL),
(108, 9, NULL),
(108, 10, NULL),
(108, 11, NULL),
(108, 12, NULL),
(108, 13, NULL),
(108, 14, NULL),
(108, 16, NULL),
(108, 17, NULL),
(108, 18, NULL),
(108, 19, NULL),
(108, 24, NULL),
(109, 6, NULL),
(109, 8, NULL),
(109, 9, NULL),
(109, 10, NULL),
(109, 11, NULL),
(109, 12, NULL),
(109, 13, NULL),
(109, 14, NULL),
(109, 16, NULL),
(109, 17, NULL),
(109, 18, NULL),
(109, 19, NULL),
(109, 24, NULL),
(110, 6, NULL),
(110, 8, NULL),
(110, 9, NULL),
(110, 10, NULL),
(110, 11, NULL),
(110, 12, NULL),
(110, 13, NULL),
(110, 14, NULL),
(110, 16, NULL),
(110, 17, NULL),
(110, 18, NULL),
(110, 19, NULL),
(110, 24, NULL),
(111, 6, NULL),
(111, 8, NULL),
(111, 9, NULL),
(111, 10, NULL),
(111, 11, NULL),
(111, 12, NULL),
(111, 13, NULL),
(111, 14, NULL),
(111, 16, NULL),
(111, 17, NULL),
(111, 18, NULL),
(111, 19, NULL),
(111, 24, NULL),
(112, 6, NULL),
(112, 8, NULL),
(112, 9, NULL),
(112, 10, NULL),
(112, 11, NULL),
(112, 12, NULL),
(112, 13, NULL),
(112, 14, NULL),
(112, 16, NULL),
(112, 17, NULL),
(112, 18, NULL),
(112, 19, NULL),
(112, 24, NULL),
(113, 6, NULL),
(113, 8, NULL),
(113, 9, NULL),
(113, 10, NULL),
(113, 11, NULL),
(113, 12, NULL),
(113, 13, NULL),
(113, 14, NULL),
(113, 16, NULL),
(113, 17, NULL),
(113, 18, NULL),
(113, 19, NULL),
(113, 24, NULL),
(114, 6, NULL),
(114, 8, NULL),
(114, 9, NULL),
(114, 10, NULL),
(114, 11, NULL),
(114, 12, NULL),
(114, 13, NULL),
(114, 14, NULL),
(114, 16, NULL),
(114, 17, NULL),
(114, 18, NULL),
(114, 19, NULL),
(114, 24, NULL),
(115, 6, NULL),
(115, 8, NULL),
(115, 9, NULL),
(115, 10, NULL),
(115, 11, NULL),
(115, 12, NULL),
(115, 13, NULL),
(115, 14, NULL),
(115, 16, NULL),
(115, 17, NULL),
(115, 18, NULL),
(115, 19, NULL),
(115, 24, NULL),
(116, 6, NULL),
(116, 8, NULL),
(116, 9, NULL),
(116, 10, NULL),
(116, 11, NULL),
(116, 12, NULL),
(116, 13, NULL),
(116, 14, NULL),
(116, 16, NULL),
(116, 17, NULL),
(116, 18, NULL),
(116, 19, NULL),
(116, 24, NULL),
(117, 6, NULL),
(117, 8, NULL),
(117, 9, NULL),
(117, 10, NULL),
(117, 11, NULL),
(117, 12, NULL),
(117, 13, NULL),
(117, 14, NULL),
(117, 16, NULL),
(117, 17, NULL),
(117, 18, NULL),
(117, 19, NULL),
(117, 24, NULL),
(118, 6, NULL),
(118, 8, NULL),
(118, 9, NULL),
(118, 10, NULL),
(118, 11, NULL),
(118, 12, NULL),
(118, 13, NULL),
(118, 14, NULL),
(118, 16, NULL),
(118, 17, NULL),
(118, 18, NULL),
(118, 19, NULL),
(118, 24, NULL),
(119, 6, NULL),
(119, 8, NULL),
(119, 9, NULL),
(119, 10, NULL),
(119, 11, NULL),
(119, 12, NULL),
(119, 13, NULL),
(119, 14, NULL),
(119, 16, NULL),
(119, 17, NULL),
(119, 18, NULL),
(119, 19, NULL),
(119, 24, NULL),
(120, 6, NULL),
(120, 8, NULL),
(120, 9, NULL),
(120, 10, NULL),
(120, 11, NULL),
(120, 12, NULL),
(120, 13, NULL),
(120, 14, NULL),
(120, 16, NULL),
(120, 17, NULL),
(120, 18, NULL),
(120, 19, NULL),
(120, 24, NULL),
(121, 6, NULL),
(121, 8, NULL),
(121, 9, NULL),
(121, 10, NULL),
(121, 11, NULL),
(121, 12, NULL),
(121, 13, NULL),
(121, 14, NULL),
(121, 16, NULL),
(121, 17, NULL),
(121, 18, NULL),
(121, 19, NULL),
(121, 24, NULL),
(122, 6, NULL),
(122, 8, NULL),
(122, 9, NULL),
(122, 10, NULL),
(122, 11, NULL),
(122, 12, NULL),
(122, 13, NULL),
(122, 14, NULL),
(122, 16, NULL),
(122, 17, NULL),
(122, 18, NULL),
(122, 19, NULL),
(122, 24, NULL),
(123, 6, NULL),
(123, 8, NULL),
(123, 9, NULL),
(123, 10, NULL),
(123, 11, NULL),
(123, 12, NULL),
(123, 13, NULL),
(123, 14, NULL),
(123, 16, NULL),
(123, 17, NULL),
(123, 18, NULL),
(123, 19, NULL),
(123, 24, NULL),
(124, 6, NULL),
(124, 8, NULL),
(124, 9, NULL),
(124, 10, NULL),
(124, 11, NULL),
(124, 12, NULL),
(124, 13, NULL),
(124, 14, NULL),
(124, 16, NULL),
(124, 17, NULL),
(124, 18, NULL),
(124, 19, NULL),
(124, 24, NULL),
(125, 6, NULL),
(125, 8, NULL),
(125, 9, NULL),
(125, 10, NULL),
(125, 11, NULL),
(125, 12, NULL),
(125, 13, NULL),
(125, 14, NULL),
(125, 16, NULL),
(125, 17, NULL),
(125, 18, NULL),
(125, 19, NULL),
(125, 24, NULL),
(126, 6, NULL),
(126, 8, NULL),
(126, 9, NULL),
(126, 10, NULL),
(126, 11, NULL),
(126, 12, NULL),
(126, 13, NULL),
(126, 14, NULL),
(126, 16, NULL),
(126, 17, NULL),
(126, 18, NULL),
(126, 19, NULL),
(126, 24, NULL),
(127, 6, NULL),
(127, 8, NULL),
(127, 9, NULL),
(127, 10, NULL),
(127, 11, NULL),
(127, 12, NULL),
(127, 13, NULL),
(127, 14, NULL),
(127, 16, NULL),
(127, 17, NULL),
(127, 18, NULL),
(127, 19, NULL),
(127, 24, NULL),
(128, 6, NULL),
(128, 8, NULL),
(128, 9, NULL),
(128, 10, NULL),
(128, 11, NULL),
(128, 12, NULL),
(128, 13, NULL),
(128, 14, NULL),
(128, 16, NULL),
(128, 17, NULL),
(128, 18, NULL),
(128, 19, NULL),
(128, 24, NULL),
(129, 6, NULL),
(129, 8, NULL),
(129, 9, NULL),
(129, 10, NULL),
(129, 11, NULL),
(129, 12, NULL),
(129, 13, NULL),
(129, 14, NULL),
(129, 16, NULL),
(129, 17, NULL),
(129, 18, NULL),
(129, 19, NULL),
(129, 24, NULL),
(130, 6, NULL),
(130, 8, NULL),
(130, 9, NULL),
(130, 10, NULL),
(130, 11, NULL),
(130, 12, NULL),
(130, 13, NULL),
(130, 14, NULL),
(130, 16, NULL),
(130, 17, NULL),
(130, 18, NULL),
(130, 19, NULL),
(130, 24, NULL),
(131, 6, NULL),
(131, 8, NULL),
(131, 9, NULL),
(131, 10, NULL),
(131, 11, NULL),
(131, 12, NULL),
(131, 13, NULL),
(131, 14, NULL),
(131, 16, NULL),
(131, 17, NULL),
(131, 18, NULL),
(131, 19, NULL),
(131, 24, NULL),
(132, 6, NULL),
(132, 8, NULL),
(132, 9, NULL),
(132, 10, NULL),
(132, 11, NULL),
(132, 12, NULL),
(132, 13, NULL),
(132, 14, NULL),
(132, 16, NULL),
(132, 17, NULL),
(132, 18, NULL),
(132, 19, NULL),
(132, 24, NULL),
(133, 6, NULL),
(133, 8, NULL),
(133, 9, NULL),
(133, 10, NULL),
(133, 11, NULL),
(133, 12, NULL),
(133, 13, NULL),
(133, 14, NULL),
(133, 16, NULL),
(133, 17, NULL),
(133, 18, NULL),
(133, 19, NULL),
(133, 24, NULL),
(134, 6, NULL),
(134, 8, NULL),
(134, 9, NULL),
(134, 10, NULL),
(134, 11, NULL),
(134, 12, NULL),
(134, 13, NULL),
(134, 14, NULL),
(134, 16, NULL),
(134, 17, NULL),
(134, 18, NULL),
(134, 19, NULL),
(134, 24, NULL),
(135, 6, NULL),
(135, 8, NULL),
(135, 9, NULL),
(135, 10, NULL),
(135, 11, NULL),
(135, 12, NULL),
(135, 13, NULL),
(135, 14, NULL),
(135, 16, NULL),
(135, 17, NULL),
(135, 18, NULL),
(135, 19, NULL),
(135, 24, NULL),
(136, 6, NULL),
(136, 8, NULL),
(136, 9, NULL),
(136, 10, NULL),
(136, 11, NULL),
(136, 12, NULL),
(136, 13, NULL),
(136, 14, NULL),
(136, 16, NULL),
(136, 17, NULL),
(136, 18, NULL),
(136, 19, NULL),
(136, 24, NULL),
(137, 6, NULL),
(137, 8, NULL),
(137, 9, NULL),
(137, 10, NULL),
(137, 11, NULL),
(137, 12, NULL),
(137, 13, NULL),
(137, 14, NULL),
(137, 16, NULL),
(137, 17, NULL),
(137, 18, NULL),
(137, 19, NULL),
(137, 24, NULL),
(138, 6, NULL),
(138, 8, NULL),
(138, 9, NULL),
(138, 10, NULL),
(138, 11, NULL),
(138, 12, NULL),
(138, 13, NULL),
(138, 14, NULL),
(138, 16, NULL),
(138, 17, NULL),
(138, 18, NULL),
(138, 19, NULL),
(138, 24, NULL),
(139, 6, NULL),
(139, 8, NULL),
(139, 9, NULL),
(139, 10, NULL),
(139, 11, NULL),
(139, 12, NULL),
(139, 13, NULL),
(139, 14, NULL),
(139, 16, NULL),
(139, 17, NULL),
(139, 18, NULL),
(139, 19, NULL),
(139, 24, NULL),
(140, 6, NULL),
(140, 8, NULL),
(140, 9, NULL),
(140, 10, NULL),
(140, 11, NULL),
(140, 12, NULL),
(140, 13, NULL),
(140, 14, NULL),
(140, 16, NULL),
(140, 17, NULL),
(140, 18, NULL),
(140, 19, NULL),
(140, 24, NULL),
(141, 6, NULL),
(141, 8, NULL),
(141, 9, NULL),
(141, 10, NULL),
(141, 11, NULL),
(141, 12, NULL),
(141, 13, NULL),
(141, 14, NULL),
(141, 16, NULL),
(141, 17, NULL),
(141, 18, NULL),
(141, 19, NULL),
(141, 24, NULL),
(142, 6, NULL),
(142, 8, NULL),
(142, 9, NULL),
(142, 10, NULL),
(142, 11, NULL),
(142, 12, NULL),
(142, 13, NULL),
(142, 14, NULL),
(142, 16, NULL),
(142, 17, NULL),
(142, 18, NULL),
(142, 19, NULL),
(142, 24, NULL),
(143, 6, NULL),
(143, 8, NULL),
(143, 9, NULL),
(143, 10, NULL),
(143, 11, NULL),
(143, 12, NULL),
(143, 13, NULL),
(143, 14, NULL),
(143, 16, NULL),
(143, 17, NULL),
(143, 18, NULL),
(143, 19, NULL),
(143, 24, NULL),
(144, 6, NULL),
(144, 8, NULL),
(144, 9, NULL),
(144, 10, NULL),
(144, 11, NULL),
(144, 12, NULL),
(144, 13, NULL),
(144, 14, NULL),
(144, 16, NULL),
(144, 17, NULL),
(144, 18, NULL),
(144, 19, NULL),
(144, 24, NULL),
(145, 6, NULL),
(145, 8, NULL),
(145, 9, NULL),
(145, 10, NULL),
(145, 11, NULL),
(145, 12, NULL),
(145, 13, NULL),
(145, 14, NULL),
(145, 16, NULL),
(145, 17, NULL),
(145, 18, NULL),
(145, 19, NULL),
(145, 24, NULL),
(146, 6, NULL),
(146, 8, NULL),
(146, 9, NULL),
(146, 10, NULL),
(146, 11, NULL),
(146, 12, NULL),
(146, 13, NULL),
(146, 14, NULL),
(146, 16, NULL),
(146, 17, NULL),
(146, 18, NULL),
(146, 19, NULL),
(146, 24, NULL),
(147, 6, NULL),
(147, 8, NULL),
(147, 9, NULL),
(147, 10, NULL),
(147, 11, NULL),
(147, 12, NULL),
(147, 13, NULL),
(147, 14, NULL),
(147, 16, NULL),
(147, 17, NULL),
(147, 18, NULL),
(147, 19, NULL),
(147, 24, NULL),
(148, 6, NULL),
(148, 8, NULL),
(148, 9, NULL),
(148, 10, NULL),
(148, 11, NULL),
(148, 12, NULL),
(148, 13, NULL),
(148, 14, NULL),
(148, 16, NULL),
(148, 17, NULL),
(148, 18, NULL),
(148, 19, NULL),
(148, 24, NULL),
(149, 6, NULL),
(149, 8, NULL),
(149, 9, NULL),
(149, 10, NULL),
(149, 11, NULL),
(149, 12, NULL),
(149, 13, NULL),
(149, 14, NULL),
(149, 16, NULL),
(149, 17, NULL),
(149, 18, NULL),
(149, 19, NULL),
(149, 24, NULL),
(150, 6, NULL),
(150, 8, NULL),
(150, 9, NULL),
(150, 10, NULL),
(150, 11, NULL),
(150, 12, NULL),
(150, 13, NULL),
(150, 14, NULL),
(150, 16, NULL),
(150, 17, NULL),
(150, 18, NULL),
(150, 19, NULL),
(150, 24, NULL),
(151, 6, NULL),
(151, 8, NULL),
(151, 9, NULL),
(151, 10, NULL),
(151, 11, NULL),
(151, 12, NULL),
(151, 13, NULL),
(151, 14, NULL),
(151, 16, NULL),
(151, 17, NULL),
(151, 18, NULL),
(151, 19, NULL),
(151, 24, NULL),
(152, 6, NULL),
(152, 8, NULL),
(152, 9, NULL),
(152, 10, NULL),
(152, 11, NULL),
(152, 12, NULL),
(152, 13, NULL),
(152, 14, NULL),
(152, 16, NULL),
(152, 17, NULL),
(152, 18, NULL),
(152, 19, NULL),
(152, 24, NULL),
(153, 6, NULL),
(153, 8, NULL),
(153, 9, NULL),
(153, 10, NULL),
(153, 11, NULL),
(153, 12, NULL),
(153, 13, NULL),
(153, 14, NULL),
(153, 16, NULL),
(153, 17, NULL),
(153, 18, NULL),
(153, 19, NULL),
(153, 24, NULL),
(154, 6, NULL),
(154, 8, NULL),
(154, 9, NULL),
(154, 10, NULL),
(154, 11, NULL),
(154, 12, NULL),
(154, 13, NULL),
(154, 14, NULL),
(154, 16, NULL),
(154, 17, NULL),
(154, 18, NULL),
(154, 19, NULL),
(154, 24, NULL),
(155, 6, NULL),
(155, 8, NULL),
(155, 9, NULL),
(155, 10, NULL),
(155, 11, NULL),
(155, 12, NULL),
(155, 13, NULL),
(155, 14, NULL),
(155, 16, NULL),
(155, 17, NULL),
(155, 18, NULL),
(155, 19, NULL),
(155, 24, NULL),
(156, 6, NULL),
(156, 8, NULL),
(156, 9, NULL),
(156, 10, NULL),
(156, 11, NULL),
(156, 12, NULL),
(156, 13, NULL),
(156, 14, NULL),
(156, 16, NULL),
(156, 17, NULL),
(156, 18, NULL),
(156, 19, NULL),
(156, 24, NULL),
(157, 6, NULL),
(157, 8, NULL),
(157, 9, NULL),
(157, 10, NULL),
(157, 11, NULL),
(157, 12, NULL),
(157, 13, NULL),
(157, 14, NULL),
(157, 16, NULL),
(157, 17, NULL),
(157, 18, NULL),
(157, 19, NULL),
(157, 24, NULL),
(158, 6, NULL),
(158, 8, NULL),
(158, 9, NULL),
(158, 10, NULL),
(158, 11, NULL),
(158, 12, NULL),
(158, 13, NULL),
(158, 14, NULL),
(158, 16, NULL),
(158, 17, NULL),
(158, 18, NULL),
(158, 19, NULL),
(158, 24, NULL),
(159, 6, NULL),
(159, 8, NULL),
(159, 9, NULL),
(159, 10, NULL),
(159, 11, NULL),
(159, 12, NULL),
(159, 13, NULL),
(159, 14, NULL),
(159, 16, NULL),
(159, 17, NULL),
(159, 18, NULL),
(159, 19, NULL),
(159, 24, NULL),
(160, 6, NULL),
(160, 8, NULL),
(160, 9, NULL),
(160, 10, NULL),
(160, 11, NULL),
(160, 12, NULL),
(160, 13, NULL),
(160, 14, NULL),
(160, 16, NULL),
(160, 17, NULL),
(160, 18, NULL),
(160, 19, NULL),
(160, 24, NULL),
(161, 6, NULL),
(161, 8, NULL),
(161, 9, NULL),
(161, 10, NULL),
(161, 11, NULL),
(161, 12, NULL),
(161, 13, NULL),
(161, 14, NULL),
(161, 16, NULL),
(161, 17, NULL),
(161, 18, NULL),
(161, 19, NULL),
(161, 24, NULL),
(162, 6, NULL),
(162, 8, NULL),
(162, 9, NULL),
(162, 10, NULL),
(162, 11, NULL),
(162, 12, NULL),
(162, 13, NULL),
(162, 14, NULL),
(162, 16, NULL),
(162, 17, NULL),
(162, 18, NULL),
(162, 19, NULL),
(162, 24, NULL),
(163, 6, NULL),
(163, 8, NULL),
(163, 9, NULL),
(163, 10, NULL),
(163, 11, NULL),
(163, 12, NULL),
(163, 13, NULL),
(163, 14, NULL),
(163, 16, NULL),
(163, 17, NULL),
(163, 18, NULL),
(163, 19, NULL),
(163, 24, NULL),
(164, 6, NULL),
(164, 8, NULL),
(164, 9, NULL),
(164, 10, NULL),
(164, 11, NULL),
(164, 13, NULL),
(164, 14, NULL),
(164, 16, NULL),
(164, 17, NULL),
(164, 18, NULL),
(164, 19, NULL),
(164, 24, NULL),
(165, 6, NULL),
(165, 8, NULL),
(165, 9, NULL),
(165, 10, NULL),
(165, 11, NULL),
(165, 13, NULL),
(165, 14, NULL),
(165, 16, NULL),
(165, 17, NULL),
(165, 18, NULL),
(165, 19, NULL),
(165, 24, NULL),
(166, 6, NULL),
(166, 8, NULL),
(166, 9, NULL),
(166, 10, NULL),
(166, 11, NULL),
(166, 13, NULL),
(166, 14, NULL),
(166, 16, NULL),
(166, 17, NULL),
(166, 18, NULL),
(166, 19, NULL),
(166, 24, NULL),
(167, 6, NULL),
(167, 8, NULL),
(167, 9, NULL),
(167, 10, NULL),
(167, 11, NULL),
(167, 13, NULL),
(167, 14, NULL),
(167, 16, NULL),
(167, 17, NULL),
(167, 18, NULL),
(167, 19, NULL),
(167, 24, NULL),
(168, 6, NULL),
(168, 8, NULL),
(168, 9, NULL),
(168, 10, NULL),
(168, 11, NULL),
(168, 13, NULL),
(168, 14, NULL),
(168, 16, NULL),
(168, 17, NULL),
(168, 18, NULL),
(168, 19, NULL),
(168, 24, NULL),
(169, 6, NULL),
(169, 8, NULL),
(169, 9, NULL),
(169, 10, NULL),
(169, 11, NULL),
(169, 13, NULL),
(169, 14, NULL),
(169, 16, NULL),
(169, 17, NULL),
(169, 18, NULL),
(169, 19, NULL),
(169, 24, NULL),
(170, 6, NULL),
(170, 8, NULL),
(170, 9, NULL),
(170, 10, NULL),
(170, 11, NULL),
(170, 13, NULL),
(170, 14, NULL),
(170, 16, NULL),
(170, 17, NULL),
(170, 18, NULL),
(170, 19, NULL),
(170, 24, NULL),
(171, 6, NULL),
(171, 8, NULL),
(171, 9, NULL),
(171, 10, NULL),
(171, 11, NULL),
(171, 13, NULL),
(171, 14, NULL),
(171, 16, NULL),
(171, 17, NULL),
(171, 18, NULL),
(171, 19, NULL),
(171, 24, NULL),
(172, 6, NULL),
(172, 8, NULL),
(172, 9, NULL),
(172, 10, NULL),
(172, 11, NULL),
(172, 13, NULL),
(172, 14, NULL),
(172, 16, NULL),
(172, 17, NULL),
(172, 18, NULL),
(172, 19, NULL),
(172, 24, NULL),
(173, 6, NULL),
(173, 8, NULL),
(173, 9, NULL),
(173, 10, NULL),
(173, 11, NULL),
(173, 13, NULL),
(173, 14, NULL),
(173, 16, NULL),
(173, 17, NULL),
(173, 18, NULL),
(173, 19, NULL),
(173, 24, NULL),
(174, 6, NULL),
(174, 8, NULL),
(174, 9, NULL),
(174, 10, NULL),
(174, 11, NULL),
(174, 13, NULL),
(174, 14, NULL),
(174, 16, NULL),
(174, 17, NULL),
(174, 18, NULL),
(174, 19, NULL),
(174, 24, NULL),
(175, 6, NULL),
(175, 8, NULL),
(175, 9, NULL),
(175, 10, NULL),
(175, 11, NULL),
(175, 13, NULL),
(175, 14, NULL),
(175, 16, NULL),
(175, 17, NULL),
(175, 18, NULL),
(175, 19, NULL),
(175, 24, NULL),
(176, 6, NULL),
(176, 8, NULL),
(176, 9, NULL),
(176, 10, NULL),
(176, 11, NULL),
(176, 13, NULL),
(176, 14, NULL),
(176, 16, NULL),
(176, 17, NULL),
(176, 18, NULL),
(176, 19, NULL),
(176, 24, NULL),
(177, 6, NULL),
(177, 8, NULL),
(177, 9, NULL),
(177, 10, NULL),
(177, 11, NULL),
(177, 13, NULL),
(177, 14, NULL),
(177, 16, NULL),
(177, 17, NULL),
(177, 18, NULL),
(177, 19, NULL),
(177, 24, NULL),
(178, 6, NULL),
(178, 8, NULL),
(178, 9, NULL),
(178, 10, NULL),
(178, 11, NULL),
(178, 13, NULL),
(178, 14, NULL),
(178, 16, NULL),
(178, 17, NULL),
(178, 18, NULL),
(178, 19, NULL),
(178, 24, NULL),
(179, 6, NULL),
(179, 8, NULL),
(179, 9, NULL),
(179, 10, NULL),
(179, 11, NULL),
(179, 13, NULL),
(179, 14, NULL),
(179, 16, NULL),
(179, 17, NULL),
(179, 18, NULL),
(179, 19, NULL),
(179, 24, NULL),
(180, 6, NULL),
(180, 8, NULL),
(180, 9, NULL),
(180, 10, NULL),
(180, 11, NULL),
(180, 13, NULL),
(180, 14, NULL),
(180, 16, NULL),
(180, 17, NULL),
(180, 18, NULL),
(180, 19, NULL),
(180, 24, NULL);

-- --------------------------------------------------------

--
-- Estructura de tabla para la tabla `RespuestaPersonalidad`
--

CREATE TABLE `RespuestaPersonalidad` (
  `idPreguntaPersonalidad` int(11) NOT NULL,
  `respuesta` float NOT NULL,
  `idEncuesta` int(11) NOT NULL
) ENGINE=InnoDB DEFAULT CHARSET=utf8;

--
-- Volcado de datos para la tabla `RespuestaPersonalidad`
--

INSERT INTO `RespuestaPersonalidad` (`idPreguntaPersonalidad`, `respuesta`, `idEncuesta`) VALUES
(1, 0, 8),
(2, 0, 8),
(3, 0, 8),
(4, 0, 8),
(5, 0, 8),
(6, 0, 8),
(7, 0, 8),
(8, 0, 8),
(9, 0, 8),
(10, 0, 8),
(11, 0, 8),
(12, 0, 8),
(13, 0, 8),
(14, 0, 8),
(15, 0, 8),
(16, 0, 8),
(17, 0, 8),
(18, 0, 8),
(19, 0, 8),
(20, 0, 8),
(21, 0, 8),
(22, 0, 8),
(23, 0, 8),
(24, 0, 8),
(25, 0, 8),
(26, 0, 8),
(27, 0, 8),
(28, 0, 8),
(29, 0, 8),
(30, 0, 8),
(31, 0, 8),
(32, 0, 8),
(1, 0, 9),
(2, 0, 9),
(3, 0, 9),
(4, 0, 9),
(5, 0, 9),
(6, 0, 9),
(7, 0, 9),
(8, 0, 9),
(9, 0, 9),
(10, 0, 9),
(11, 0, 9),
(12, 0, 9),
(13, 0, 9),
(14, 0, 9),
(15, 0, 9),
(16, 0, 9),
(17, 0, 9),
(18, 0, 9),
(19, 0, 9),
(20, 0, 9),
(21, 0, 9),
(22, 0, 9),
(23, 0, 9),
(24, 0, 9),
(25, 0, 9),
(26, 0, 9),
(27, 0, 9),
(28, 0, 9),
(29, 0, 9),
(30, 0, 9),
(31, 0, 9),
(32, 0, 9),
(1, 0, 12),
(2, 0, 12),
(3, 0, 12),
(4, 0, 12),
(5, 0, 12),
(6, 0, 12),
(7, 0, 12),
(8, 0, 12),
(9, 0, 12),
(10, 0, 12),
(11, 0, 12),
(12, 0, 12),
(13, 0, 12),
(14, 0, 12),
(15, 0, 12),
(16, 0, 12),
(17, 0, 12),
(18, 0, 12),
(19, 0, 12),
(20, 0, 12),
(21, 0, 12),
(22, 0, 12),
(23, 0, 12),
(24, 0, 12),
(25, 0, 12),
(26, 0, 12),
(27, 0, 12),
(28, 0, 12),
(29, 0, 12),
(30, 0, 12),
(31, 0, 12),
(32, 0, 12),
(1, 0, 13),
(2, 0, 13),
(3, 0, 13),
(4, 0, 13),
(5, 0, 13),
(6, 0, 13),
(7, 0, 13),
(8, 0, 13),
(9, 0, 13),
(10, 0, 13),
(11, 0, 13),
(12, 0, 13),
(13, 0, 13),
(14, 0, 13),
(15, 0, 13),
(16, 0, 13),
(17, 0, 13),
(18, 0, 13),
(19, 0, 13),
(20, 0, 13),
(21, 0, 13),
(22, 0, 13),
(23, 0, 13),
(24, 0, 13),
(25, 0, 13),
(26, 0, 13),
(27, 0, 13),
(28, 0, 13),
(29, 0, 13),
(30, 0, 13),
(31, 0, 13),
(32, 0, 13),
(1, 0, 14),
(2, 0, 14),
(3, 0, 14),
(4, 0, 14),
(5, 0, 14),
(6, 0, 14),
(7, 0, 14),
(8, 0, 14),
(9, 0, 14),
(10, 0, 14),
(11, 0, 14),
(12, 0, 14),
(13, 0, 14),
(14, 0, 14),
(15, 0, 14),
(16, 0, 14),
(17, 0, 14),
(18, 0, 14),
(19, 0, 14),
(20, 0, 14),
(21, 0, 14),
(22, 0, 14),
(23, 0, 14),
(24, 0, 14),
(25, 0, 14),
(26, 0, 14),
(27, 0, 14),
(28, 0, 14),
(29, 0, 14),
(30, 0, 14),
(31, 0, 14),
(32, 0, 14),
(1, 0, 18),
(2, 0, 18),
(3, 0, 18),
(4, 0, 18),
(5, 0, 18),
(6, 0, 18),
(7, 0, 18),
(8, 0, 18),
(9, 0, 18),
(10, 0, 18),
(11, 0, 18),
(12, 0, 18),
(13, 0, 18),
(14, 0, 18),
(15, 0, 18),
(16, 0, 18),
(17, 0, 18),
(18, 0, 18),
(19, 0, 18),
(20, 0, 18),
(21, 0, 18),
(22, 0, 18),
(23, 0, 18),
(24, 0, 18),
(25, 0, 18),
(26, 0, 18),
(27, 0, 18),
(28, 0, 18),
(29, 0, 18),
(30, 0, 18),
(31, 0, 18),
(32, 0, 18),
(1, 0, 19),
(2, 0, 19),
(3, 0, 19),
(4, 0, 19),
(5, 0, 19),
(6, 0, 19),
(7, 0, 19),
(8, 0, 19),
(9, 0, 19),
(10, 0, 19),
(11, 0, 19),
(12, 0, 19),
(13, 0, 19),
(14, 0, 19),
(15, 0, 19),
(16, 0, 19),
(17, 0, 19),
(18, 0, 19),
(19, 0, 19),
(20, 0, 19),
(21, 0, 19),
(22, 0, 19),
(23, 0, 19),
(24, 0, 19),
(25, 0, 19),
(26, 0, 19),
(27, 0, 19),
(28, 0, 19),
(29, 0, 19),
(30, 0, 19),
(31, 0, 19),
(32, 0, 19),
(1, 0, 24),
(2, 0, 24),
(3, 0, 24),
(4, 0, 24),
(5, 0, 24),
(6, 0, 24),
(7, 0, 24),
(8, 0, 24),
(9, 0, 24),
(10, 0, 24),
(11, 0, 24),
(12, 0, 24),
(13, 0, 24),
(14, 0, 24),
(15, 0, 24),
(16, 0, 24),
(17, 0, 24),
(18, 0, 24),
(19, 0, 24),
(20, 0, 24),
(21, 0, 24),
(22, 0, 24),
(23, 0, 24),
(24, 0, 24),
(25, 0, 24),
(26, 0, 24),
(27, 0, 24),
(28, 0, 24),
(29, 0, 24),
(30, 0, 24),
(31, 0, 24),
(32, 0, 24);

-- --------------------------------------------------------

--
-- Estructura de tabla para la tabla `TipoAmbiente`
--

CREATE TABLE `TipoAmbiente` (
  `idTipoAmbiente` int(11) NOT NULL,
  `tipo` varchar(45) DEFAULT NULL,
  `definicion` varchar(200) DEFAULT NULL
) ENGINE=InnoDB DEFAULT CHARSET=utf8;

--
-- Volcado de datos para la tabla `TipoAmbiente`
--

INSERT INTO `TipoAmbiente` (`idTipoAmbiente`, `tipo`, `definicion`) VALUES
(1, 'REALISTA', NULL),
(2, 'INVESTIGATIVO', NULL),
(3, 'ARTISTICO', NULL),
(4, 'SOCIAL', NULL),
(5, 'EMPRENDEDOR', NULL),
(6, 'CONVENCIONAL', NULL);

-- --------------------------------------------------------

--
-- Estructura de tabla para la tabla `TipoEleccionMateria`
--

CREATE TABLE `TipoEleccionMateria` (
  `idTipoEleccionMateria` int(11) NOT NULL,
  `tipo` varchar(45) DEFAULT NULL
) ENGINE=InnoDB DEFAULT CHARSET=utf8;

--
-- Volcado de datos para la tabla `TipoEleccionMateria`
--

INSERT INTO `TipoEleccionMateria` (`idTipoEleccionMateria`, `tipo`) VALUES
(1, 'ascendente'),
(2, 'descendente'),
(3, 'nota');

-- --------------------------------------------------------

--
-- Estructura de tabla para la tabla `TipoPersonalidad`
--

CREATE TABLE `TipoPersonalidad` (
  `idTipoPersonalidad` int(11) NOT NULL,
  `tipo` varchar(45) DEFAULT NULL
) ENGINE=InnoDB DEFAULT CHARSET=utf8;

--
-- Volcado de datos para la tabla `TipoPersonalidad`
--

INSERT INTO `TipoPersonalidad` (`idTipoPersonalidad`, `tipo`) VALUES
(1, 'JP'),
(2, 'FT'),
(3, 'IE'),
(4, 'SN');

-- --------------------------------------------------------

--
-- Estructura de tabla para la tabla `Usuario`
--

CREATE TABLE `Usuario` (
  `idUsuario` int(11) NOT NULL,
  `usuario` varchar(45) NOT NULL,
  `clave` varchar(100) NOT NULL,
  `estado` varchar(45) DEFAULT NULL
) ENGINE=InnoDB DEFAULT CHARSET=utf8;

--
-- Volcado de datos para la tabla `Usuario`
--

INSERT INTO `Usuario` (`idUsuario`, `usuario`, `clave`, `estado`) VALUES
(1, 'luis', '5994471ABB01112AFCC18159F6CC74B4F511B99806DA59B3CAF5A9C173CACFC5', 'activo'),
(2, 'yes', '5994471ABB01112AFCC18159F6CC74B4F511B99806DA59B3CAF5A9C173CACFC5', 'activo');

--
-- Índices para tablas volcadas
--

--
-- Indices de la tabla `Area`
--
ALTER TABLE `Area`
  ADD PRIMARY KEY (`idArea`);

--
-- Indices de la tabla `AreaEncuesta`
--
ALTER TABLE `AreaEncuesta`
  ADD PRIMARY KEY (`idArea`,`idEncuesta`),
  ADD KEY `fk_Area_has_Encuesta_Encuesta1_idx` (`idEncuesta`),
  ADD KEY `fk_Area_has_Encuesta_Area1_idx` (`idArea`),
  ADD KEY `fk_Area_has_Encuesta_TipoEleccionMateria1_idx` (`idTipoEleccionMateria`);

--
-- Indices de la tabla `AreaProfesional`
--
ALTER TABLE `AreaProfesional`
  ADD PRIMARY KEY (`idAreaProfesional`);

--
-- Indices de la tabla `Ciudad`
--
ALTER TABLE `Ciudad`
  ADD PRIMARY KEY (`idCiudad`),
  ADD KEY `fk_Ciudad_Departamento1_idx` (`idDepartamento`);

--
-- Indices de la tabla `CodigoInstitucion`
--
ALTER TABLE `CodigoInstitucion`
  ADD PRIMARY KEY (`idPersonaInstitucion`),
  ADD KEY `fk_CodigoInstitucion_Institucion1_idx` (`Institucion_idInstitucion`);

--
-- Indices de la tabla `Departamento`
--
ALTER TABLE `Departamento`
  ADD PRIMARY KEY (`idDepartamento`),
  ADD KEY `fk_Departamento_Pais1_idx` (`idPais`);

--
-- Indices de la tabla `Encuesta`
--
ALTER TABLE `Encuesta`
  ADD PRIMARY KEY (`idEncuesta`),
  ADD KEY `fk_Encuesta_Estudiante1_idx` (`idEstudiante`),
  ADD KEY `fk_Encuesta_AreaProfesional1_idx` (`idAreaProfesional`),
  ADD KEY `fk_Encuesta_Grado1_idx` (`idGrado`);

--
-- Indices de la tabla `Estudiante`
--
ALTER TABLE `Estudiante`
  ADD PRIMARY KEY (`idEstudiante`),
  ADD KEY `fk_table1_Persona_idx` (`idPersona`);

--
-- Indices de la tabla `Evaluacion`
--
ALTER TABLE `Evaluacion`
  ADD PRIMARY KEY (`idEvaluacion`),
  ADD KEY `fk_Enunciado_TipoAmbiente1_idx` (`idTipoAmbiente`);

--
-- Indices de la tabla `Grado`
--
ALTER TABLE `Grado`
  ADD PRIMARY KEY (`idGrado`),
  ADD KEY `fk_Grado_Institucion1_idx` (`idInstitucion`);

--
-- Indices de la tabla `GrupoUsuario`
--
ALTER TABLE `GrupoUsuario`
  ADD PRIMARY KEY (`idGrupoUsuario`,`idUsuario`),
  ADD KEY `fk_GrupoUsuario_Usuario1_idx` (`idUsuario`);

--
-- Indices de la tabla `Institucion`
--
ALTER TABLE `Institucion`
  ADD PRIMARY KEY (`idInstitucion`);

--
-- Indices de la tabla `Materia`
--
ALTER TABLE `Materia`
  ADD PRIMARY KEY (`idMateria`),
  ADD KEY `fk_Materia_Area1_idx` (`Area_idArea`);

--
-- Indices de la tabla `Nota`
--
ALTER TABLE `Nota`
  ADD PRIMARY KEY (`idMateria`,`idEstudiante`,`idGrado`),
  ADD KEY `fk_Materia_has_Estudiante_Estudiante1_idx` (`idEstudiante`),
  ADD KEY `fk_Materia_has_Estudiante_Materia1_idx` (`idMateria`),
  ADD KEY `fk_Materia_has_Estudiante_Grado1_idx` (`idGrado`);

--
-- Indices de la tabla `Pais`
--
ALTER TABLE `Pais`
  ADD PRIMARY KEY (`idPais`);

--
-- Indices de la tabla `Persona`
--
ALTER TABLE `Persona`
  ADD PRIMARY KEY (`idPersona`),
  ADD KEY `fk_Persona_Usuario1_idx` (`idUsuario`),
  ADD KEY `fk_Persona_Ciudad1_idx` (`idCiudad`);

--
-- Indices de la tabla `Persona_CodigoInstitucion`
--
ALTER TABLE `Persona_CodigoInstitucion`
  ADD PRIMARY KEY (`idCodigoInstitucion`,`Persona_idPersona`),
  ADD KEY `fk_Persona_has_Persona_Institucion_Persona_Institucion1_idx` (`idCodigoInstitucion`),
  ADD KEY `fk_Persona_CodigoInstitucion_Persona1_idx` (`Persona_idPersona`);

--
-- Indices de la tabla `PreguntaAmbiente`
--
ALTER TABLE `PreguntaAmbiente`
  ADD PRIMARY KEY (`idPreguntaAmbiente`),
  ADD KEY `fk_PreguntasAmbiente_TipoAmbiente1_idx` (`idTipoAmbiente`);

--
-- Indices de la tabla `PreguntaPersonalidad`
--
ALTER TABLE `PreguntaPersonalidad`
  ADD PRIMARY KEY (`idPreguntaPersonalidad`),
  ADD KEY `fk_Pregunta_Ambiente1_idx` (`idTipoPersonalidad`);

--
-- Indices de la tabla `RespuestaAmbiente`
--
ALTER TABLE `RespuestaAmbiente`
  ADD PRIMARY KEY (`idPreguntasAmbiente`,`idEncuesta`),
  ADD KEY `fk_RespuestaAmbiente_Encuesta1_idx` (`idEncuesta`);

--
-- Indices de la tabla `RespuestaPersonalidad`
--
ALTER TABLE `RespuestaPersonalidad`
  ADD PRIMARY KEY (`idEncuesta`,`idPreguntaPersonalidad`),
  ADD KEY `fk_Respuesta_Preguntas1_idx` (`idPreguntaPersonalidad`),
  ADD KEY `fk_Respuesta_Encuesta1_idx` (`idEncuesta`);

--
-- Indices de la tabla `TipoAmbiente`
--
ALTER TABLE `TipoAmbiente`
  ADD PRIMARY KEY (`idTipoAmbiente`);

--
-- Indices de la tabla `TipoEleccionMateria`
--
ALTER TABLE `TipoEleccionMateria`
  ADD PRIMARY KEY (`idTipoEleccionMateria`);

--
-- Indices de la tabla `TipoPersonalidad`
--
ALTER TABLE `TipoPersonalidad`
  ADD PRIMARY KEY (`idTipoPersonalidad`);

--
-- Indices de la tabla `Usuario`
--
ALTER TABLE `Usuario`
  ADD PRIMARY KEY (`idUsuario`);

--
-- AUTO_INCREMENT de las tablas volcadas
--

--
-- AUTO_INCREMENT de la tabla `Area`
--
ALTER TABLE `Area`
  MODIFY `idArea` int(11) NOT NULL AUTO_INCREMENT, AUTO_INCREMENT=10;
--
-- AUTO_INCREMENT de la tabla `Ciudad`
--
ALTER TABLE `Ciudad`
  MODIFY `idCiudad` int(11) NOT NULL AUTO_INCREMENT, AUTO_INCREMENT=1121;
--
-- AUTO_INCREMENT de la tabla `Departamento`
--
ALTER TABLE `Departamento`
  MODIFY `idDepartamento` int(11) NOT NULL AUTO_INCREMENT, AUTO_INCREMENT=33;
--
-- AUTO_INCREMENT de la tabla `Encuesta`
--
ALTER TABLE `Encuesta`
  MODIFY `idEncuesta` int(11) NOT NULL AUTO_INCREMENT, AUTO_INCREMENT=25;
--
-- AUTO_INCREMENT de la tabla `Estudiante`
--
ALTER TABLE `Estudiante`
  MODIFY `idEstudiante` int(11) NOT NULL AUTO_INCREMENT, AUTO_INCREMENT=3;
--
-- AUTO_INCREMENT de la tabla `Grado`
--
ALTER TABLE `Grado`
  MODIFY `idGrado` int(11) NOT NULL AUTO_INCREMENT;
--
-- AUTO_INCREMENT de la tabla `Institucion`
--
ALTER TABLE `Institucion`
  MODIFY `idInstitucion` int(11) NOT NULL AUTO_INCREMENT;
--
-- AUTO_INCREMENT de la tabla `Materia`
--
ALTER TABLE `Materia`
  MODIFY `idMateria` int(11) NOT NULL AUTO_INCREMENT;
--
-- AUTO_INCREMENT de la tabla `Pais`
--
ALTER TABLE `Pais`
  MODIFY `idPais` int(11) NOT NULL AUTO_INCREMENT, AUTO_INCREMENT=3;
--
-- AUTO_INCREMENT de la tabla `Persona`
--
ALTER TABLE `Persona`
  MODIFY `idPersona` int(11) NOT NULL AUTO_INCREMENT, AUTO_INCREMENT=3;
--
-- AUTO_INCREMENT de la tabla `PreguntaPersonalidad`
--
ALTER TABLE `PreguntaPersonalidad`
  MODIFY `idPreguntaPersonalidad` int(11) NOT NULL AUTO_INCREMENT, AUTO_INCREMENT=33;
--
-- AUTO_INCREMENT de la tabla `TipoPersonalidad`
--
ALTER TABLE `TipoPersonalidad`
  MODIFY `idTipoPersonalidad` int(11) NOT NULL AUTO_INCREMENT, AUTO_INCREMENT=5;
--
-- AUTO_INCREMENT de la tabla `Usuario`
--
ALTER TABLE `Usuario`
  MODIFY `idUsuario` int(11) NOT NULL AUTO_INCREMENT, AUTO_INCREMENT=3;
--
-- Restricciones para tablas volcadas
--

--
-- Filtros para la tabla `AreaEncuesta`
--
ALTER TABLE `AreaEncuesta`
  ADD CONSTRAINT `fk_Area_has_Encuesta_Area1` FOREIGN KEY (`idArea`) REFERENCES `Area` (`idArea`) ON DELETE NO ACTION ON UPDATE NO ACTION,
  ADD CONSTRAINT `fk_Area_has_Encuesta_Encuesta1` FOREIGN KEY (`idEncuesta`) REFERENCES `Encuesta` (`idEncuesta`) ON DELETE NO ACTION ON UPDATE NO ACTION,
  ADD CONSTRAINT `fk_Area_has_Encuesta_TipoEleccionMateria1` FOREIGN KEY (`idTipoEleccionMateria`) REFERENCES `TipoEleccionMateria` (`idTipoEleccionMateria`) ON DELETE NO ACTION ON UPDATE NO ACTION;

--
-- Filtros para la tabla `Ciudad`
--
ALTER TABLE `Ciudad`
  ADD CONSTRAINT `fk_Ciudad_Departamento1` FOREIGN KEY (`idDepartamento`) REFERENCES `Departamento` (`idDepartamento`) ON DELETE NO ACTION ON UPDATE NO ACTION;

--
-- Filtros para la tabla `CodigoInstitucion`
--
ALTER TABLE `CodigoInstitucion`
  ADD CONSTRAINT `fk_CodigoInstitucion_Institucion1` FOREIGN KEY (`Institucion_idInstitucion`) REFERENCES `Institucion` (`idInstitucion`) ON DELETE NO ACTION ON UPDATE NO ACTION;

--
-- Filtros para la tabla `Departamento`
--
ALTER TABLE `Departamento`
  ADD CONSTRAINT `fk_Departamento_Pais1` FOREIGN KEY (`idPais`) REFERENCES `Pais` (`idPais`) ON DELETE NO ACTION ON UPDATE NO ACTION;

--
-- Filtros para la tabla `Encuesta`
--
ALTER TABLE `Encuesta`
  ADD CONSTRAINT `fk_Encuesta_AreaProfesional1` FOREIGN KEY (`idAreaProfesional`) REFERENCES `AreaProfesional` (`idAreaProfesional`) ON DELETE NO ACTION ON UPDATE NO ACTION,
  ADD CONSTRAINT `fk_Encuesta_Estudiante1` FOREIGN KEY (`idEstudiante`) REFERENCES `Estudiante` (`idEstudiante`) ON DELETE NO ACTION ON UPDATE NO ACTION,
  ADD CONSTRAINT `fk_Encuesta_Grado1` FOREIGN KEY (`idGrado`) REFERENCES `Grado` (`idGrado`) ON DELETE NO ACTION ON UPDATE NO ACTION;

--
-- Filtros para la tabla `Estudiante`
--
ALTER TABLE `Estudiante`
  ADD CONSTRAINT `fk_table1_Persona` FOREIGN KEY (`idPersona`) REFERENCES `Persona` (`idPersona`) ON DELETE NO ACTION ON UPDATE NO ACTION;

--
-- Filtros para la tabla `Evaluacion`
--
ALTER TABLE `Evaluacion`
  ADD CONSTRAINT `fk_Enunciado_TipoAmbiente1` FOREIGN KEY (`idTipoAmbiente`) REFERENCES `TipoAmbiente` (`idTipoAmbiente`) ON DELETE NO ACTION ON UPDATE NO ACTION;

--
-- Filtros para la tabla `Grado`
--
ALTER TABLE `Grado`
  ADD CONSTRAINT `fk_Grado_Institucion1` FOREIGN KEY (`idInstitucion`) REFERENCES `Institucion` (`idInstitucion`) ON DELETE NO ACTION ON UPDATE NO ACTION;

--
-- Filtros para la tabla `GrupoUsuario`
--
ALTER TABLE `GrupoUsuario`
  ADD CONSTRAINT `fk_GrupoUsuario_Usuario1` FOREIGN KEY (`idUsuario`) REFERENCES `Usuario` (`idUsuario`) ON DELETE NO ACTION ON UPDATE NO ACTION;

--
-- Filtros para la tabla `Materia`
--
ALTER TABLE `Materia`
  ADD CONSTRAINT `fk_Materia_Area1` FOREIGN KEY (`Area_idArea`) REFERENCES `Area` (`idArea`) ON DELETE NO ACTION ON UPDATE NO ACTION;

--
-- Filtros para la tabla `Nota`
--
ALTER TABLE `Nota`
  ADD CONSTRAINT `fk_Materia_has_Estudiante_Estudiante1` FOREIGN KEY (`idEstudiante`) REFERENCES `Estudiante` (`idEstudiante`) ON DELETE NO ACTION ON UPDATE NO ACTION,
  ADD CONSTRAINT `fk_Materia_has_Estudiante_Grado1` FOREIGN KEY (`idGrado`) REFERENCES `Grado` (`idGrado`) ON DELETE NO ACTION ON UPDATE NO ACTION,
  ADD CONSTRAINT `fk_Materia_has_Estudiante_Materia1` FOREIGN KEY (`idMateria`) REFERENCES `Materia` (`idMateria`) ON DELETE NO ACTION ON UPDATE NO ACTION;

--
-- Filtros para la tabla `Persona`
--
ALTER TABLE `Persona`
  ADD CONSTRAINT `fk_Persona_Ciudad1` FOREIGN KEY (`idCiudad`) REFERENCES `Ciudad` (`idCiudad`) ON DELETE NO ACTION ON UPDATE NO ACTION,
  ADD CONSTRAINT `fk_Persona_Usuario1` FOREIGN KEY (`idUsuario`) REFERENCES `Usuario` (`idUsuario`) ON DELETE NO ACTION ON UPDATE NO ACTION;

--
-- Filtros para la tabla `Persona_CodigoInstitucion`
--
ALTER TABLE `Persona_CodigoInstitucion`
  ADD CONSTRAINT `fk_Persona_CodigoInstitucion_Persona1` FOREIGN KEY (`Persona_idPersona`) REFERENCES `Persona` (`idPersona`) ON DELETE NO ACTION ON UPDATE NO ACTION,
  ADD CONSTRAINT `fk_Persona_has_Persona_Institucion_Persona_Institucion1` FOREIGN KEY (`idCodigoInstitucion`) REFERENCES `CodigoInstitucion` (`idPersonaInstitucion`) ON DELETE NO ACTION ON UPDATE NO ACTION;

--
-- Filtros para la tabla `PreguntaAmbiente`
--
ALTER TABLE `PreguntaAmbiente`
  ADD CONSTRAINT `fk_PreguntasAmbiente_TipoAmbiente1` FOREIGN KEY (`idTipoAmbiente`) REFERENCES `TipoAmbiente` (`idTipoAmbiente`) ON DELETE NO ACTION ON UPDATE NO ACTION;

--
-- Filtros para la tabla `PreguntaPersonalidad`
--
ALTER TABLE `PreguntaPersonalidad`
  ADD CONSTRAINT `fk_Pregunta_Ambiente1` FOREIGN KEY (`idTipoPersonalidad`) REFERENCES `TipoPersonalidad` (`idTipoPersonalidad`) ON DELETE NO ACTION ON UPDATE NO ACTION;

--
-- Filtros para la tabla `RespuestaAmbiente`
--
ALTER TABLE `RespuestaAmbiente`
  ADD CONSTRAINT `fk_RespuestaAmbiente_Encuesta1` FOREIGN KEY (`idEncuesta`) REFERENCES `Encuesta` (`idEncuesta`) ON DELETE NO ACTION ON UPDATE NO ACTION,
  ADD CONSTRAINT `fk_RespuestaAmbiente_PreguntasAmbiente1` FOREIGN KEY (`idPreguntasAmbiente`) REFERENCES `PreguntaAmbiente` (`idPreguntaAmbiente`) ON DELETE NO ACTION ON UPDATE NO ACTION;

--
-- Filtros para la tabla `RespuestaPersonalidad`
--
ALTER TABLE `RespuestaPersonalidad`
  ADD CONSTRAINT `fk_Respuesta_Encuesta1` FOREIGN KEY (`idEncuesta`) REFERENCES `Encuesta` (`idEncuesta`) ON DELETE NO ACTION ON UPDATE NO ACTION,
  ADD CONSTRAINT `fk_Respuesta_Preguntas1` FOREIGN KEY (`idPreguntaPersonalidad`) REFERENCES `PreguntaPersonalidad` (`idPreguntaPersonalidad`) ON DELETE NO ACTION ON UPDATE NO ACTION;

/*!40101 SET CHARACTER_SET_CLIENT=@OLD_CHARACTER_SET_CLIENT */;
/*!40101 SET CHARACTER_SET_RESULTS=@OLD_CHARACTER_SET_RESULTS */;
/*!40101 SET COLLATION_CONNECTION=@OLD_COLLATION_CONNECTION */;
